gene_id	log2FoldChange	padj	GO_pfam
TRINITY_DN0_c0_g1	0.0623819098319537	0.999155368198447	NA
TRINITY_DN0_c0_g1	0.0623819098319537	0.999155368198447	NA
TRINITY_DN0_c1_g1	-0.190608969197571	0.999155368198447	NA
TRINITY_DN0_c1_g1	-0.190608969197571	0.999155368198447	NA
TRINITY_DN0_c1_g1	-0.190608969197571	0.999155368198447	NA
TRINITY_DN0_c1_g2	0.0112230793611171	0.999155368198447	NA
TRINITY_DN0_c1_g2	0.0112230793611171	0.999155368198447	NA
TRINITY_DN0_c1_g2	0.0112230793611171	0.999155368198447	NA
TRINITY_DN0_c1_g2	0.0112230793611171	0.999155368198447	NA
TRINITY_DN0_c1_g2	0.0112230793611171	0.999155368198447	NA
TRINITY_DN0_c3_g1	-0.696073281332982	0.999155368198447	NA
TRINITY_DN1_c0_g1	-0.498513124855798	0.999155368198447	NA
TRINITY_DN1_c0_g1	-0.498513124855798	0.999155368198447	NA
TRINITY_DN1_c0_g1	-0.498513124855798	0.999155368198447	NA
TRINITY_DN1_c0_g1	-0.498513124855798	0.999155368198447	NA
TRINITY_DN1_c0_g1	-0.498513124855798	0.999155368198447	NA
TRINITY_DN1_c1_g1	1.11025285110613	NA	NA
TRINITY_DN10_c0_g1	0.238797044034839	0.999155368198447	NA
TRINITY_DN10_c0_g1	0.238797044034839	0.999155368198447	NA
TRINITY_DN10_c0_g1	0.238797044034839	0.999155368198447	NA
TRINITY_DN10_c0_g1	0.238797044034839	0.999155368198447	NA
TRINITY_DN100_c0_g1	1.24972006503429	0.678392864406066	NA
TRINITY_DN100_c0_g1	1.24972006503429	0.678392864406066	NA
TRINITY_DN100_c0_g1	1.24972006503429	0.678392864406066	NA
TRINITY_DN1000_c0_g1	0.812201237413554	NA	NA
TRINITY_DN10000_c0_g1	0.219055064290961	0.999155368198447	NA
TRINITY_DN10001_c0_g1	3.61998516188097	NA	NA
TRINITY_DN10002_c0_g1	-2.10738977703771	NA	NA
TRINITY_DN10003_c0_g1	1.70661680587025	NA	NA
TRINITY_DN10004_c0_g1	-0.0784252077495501	NA	NA
TRINITY_DN10005_c0_g1	0.79421158468951	0.999155368198447	NA
TRINITY_DN10006_c0_g1	0.690668895816429	NA	NA
TRINITY_DN10006_c0_g1	0.690668895816429	NA	NA
TRINITY_DN10007_c0_g1	-0.380373662495084	NA	NA
TRINITY_DN10008_c0_g1	-0.921790472654104	NA	NA
TRINITY_DN10009_c0_g1	3.08086146207431	NA	NA
TRINITY_DN1001_c0_g1	-0.176888790592819	NA	NA
TRINITY_DN1001_c0_g2	2.18121182671626	NA	NA
TRINITY_DN1001_c0_g3	1.0699705695356	NA	NA
TRINITY_DN10010_c0_g1	-3.51241462484178	NA	NA
TRINITY_DN10011_c0_g1	-1.2183025412625	NA	NA
TRINITY_DN10012_c0_g1	-0.194003564224139	NA	NA
TRINITY_DN10013_c0_g1	2.11122144523786	NA	NA
TRINITY_DN10014_c0_g1	2.37847636141623	NA	NA
TRINITY_DN10015_c0_g1	-3.12698246159859	NA	NA
TRINITY_DN10016_c0_g1	1.76208259853803	NA	NA
TRINITY_DN10017_c0_g1	0.184021298847181	NA	NA
TRINITY_DN10018_c0_g1	2.44725580814198	NA	NA
TRINITY_DN10019_c0_g1	1.83475641034741	NA	NA
TRINITY_DN1002_c0_g1	1.49924559391483	NA	NA
TRINITY_DN10020_c0_g1	0.113026101339864	NA	NA
TRINITY_DN10021_c0_g1	-1.10609083963414	NA	NA
TRINITY_DN10022_c0_g1	-2.03048910595764	NA	NA
TRINITY_DN10023_c0_g1	-2.49788719812375	NA	NA
TRINITY_DN10024_c0_g1	0.350293352325544	NA	NA
TRINITY_DN10025_c0_g1	0.93213960873758	NA	NA
TRINITY_DN10026_c0_g1	0.158781756757312	0.999155368198447	NA
TRINITY_DN10027_c0_g1	0.372526224673656	NA	NA
TRINITY_DN10028_c0_g1	-1.41197477659239	NA	NA
TRINITY_DN10029_c0_g1	-0.724475746664279	NA	NA
TRINITY_DN1003_c0_g1	0.142710620080825	NA	NA
TRINITY_DN1003_c0_g2	1.34130203971828	NA	NA
TRINITY_DN10030_c0_g1	-1.50576064523823	NA	NA
TRINITY_DN10031_c0_g1	2.83827030001317	NA	NA
TRINITY_DN10032_c0_g1	1.09881584031691	NA	NA
TRINITY_DN10033_c0_g1	2.79883480188365	NA	NA
TRINITY_DN10034_c0_g1	-0.197084654020026	0.999155368198447	NA
TRINITY_DN10035_c0_g1	0.778527315812774	0.999155368198447	NA
TRINITY_DN10036_c0_g1	-2.51828450795943	NA	NA
TRINITY_DN10037_c0_g1	-3.04748893229346	NA	NA
TRINITY_DN10038_c0_g1	-2.80271646096471	NA	NA
TRINITY_DN10039_c0_g1	0.806797222461318	NA	NA
TRINITY_DN1004_c0_g1	-1.81391898398894	NA	NA
TRINITY_DN10040_c0_g1	0.584976602547598	0.999155368198447	NA
TRINITY_DN10042_c0_g1	-1.51408937232975	NA	NA
TRINITY_DN10043_c0_g1	0.415604491948275	NA	NA
TRINITY_DN10044_c0_g1	-2.41340458201845	NA	NA
TRINITY_DN10045_c0_g1	-1.10556497612189	NA	NA
TRINITY_DN10046_c0_g1	-1.51408937232975	NA	NA
TRINITY_DN10047_c0_g1	3.13821619797013	NA	NA
TRINITY_DN10048_c0_g1	0.0547155724064634	NA	NA
TRINITY_DN10049_c0_g1	-2.02913667742857	NA	NA
TRINITY_DN1005_c0_g1	-0.0591495666537922	NA	NA
TRINITY_DN1005_c0_g1	-0.0591495666537922	NA	NA
TRINITY_DN10050_c0_g1	1.61951827940301	NA	NA
TRINITY_DN10051_c0_g1	-1.51408937232975	NA	NA
TRINITY_DN10052_c0_g1	0.207236735226266	0.999155368198447	NA
TRINITY_DN10053_c0_g1	1.41587742612258	NA	NA
TRINITY_DN10054_c0_g1	1.152480397022	NA	NA
TRINITY_DN10055_c0_g1	0.718262713960911	NA	NA
TRINITY_DN10056_c0_g1	-2.04420509059358	NA	NA
TRINITY_DN10057_c0_g1	1.5738329003182	0.999155368198447	NA
TRINITY_DN10059_c0_g1	-1.10132357055555	NA	NA
TRINITY_DN1006_c0_g1	2.86279211382665	NA	NA
TRINITY_DN1006_c0_g2	1.00763203207302	NA	NA
TRINITY_DN10060_c0_g1	-0.176748857435275	NA	NA
TRINITY_DN10061_c0_g1	-1.18220565705337	NA	NA
TRINITY_DN10062_c0_g1	1.1331555534947	NA	NA
TRINITY_DN10063_c0_g1	1.0870808813637	0.999155368198447	NA
TRINITY_DN10064_c0_g1	0.901919702066194	0.999155368198447	NA
TRINITY_DN10064_c0_g1	0.901919702066194	0.999155368198447	NA
TRINITY_DN10065_c0_g1	0.191990001026649	NA	NA
TRINITY_DN10066_c0_g1	2.80941590716106	NA	NA
TRINITY_DN10067_c0_g1	1.0808709931507	NA	NA
TRINITY_DN10068_c0_g1	-0.201806614210871	NA	NA
TRINITY_DN10069_c0_g1	-0.0810757014577548	0.999155368198447	NA
TRINITY_DN1007_c0_g1	-0.808615476860369	0.999155368198447	NA
TRINITY_DN1007_c0_g1	-0.808615476860369	0.999155368198447	NA
TRINITY_DN10070_c0_g1	-0.890037024456959	NA	NA
TRINITY_DN10071_c0_g1	-2.07356210427812	NA	NA
TRINITY_DN10072_c0_g1	-2.41340458201845	NA	NA
TRINITY_DN10073_c0_g1	-0.207952229436972	NA	NA
TRINITY_DN10074_c0_g1	-2.50473566486007	NA	NA
TRINITY_DN10075_c0_g1	0.10052425715649	0.999155368198447	NA
TRINITY_DN10076_c0_g1	-3.12698246159859	NA	NA
TRINITY_DN10077_c0_g1	-1.10104323265395	NA	NA
TRINITY_DN10078_c0_g1	-0.599712538441734	NA	NA
TRINITY_DN10079_c0_g1	0.195742494262343	NA	NA
TRINITY_DN1008_c0_g1	0.0453653064705037	NA	NA
TRINITY_DN10080_c0_g1	-1.52237678933332	NA	NA
TRINITY_DN10081_c0_g1	-1.17868954411076	NA	NA
TRINITY_DN10083_c0_g1	2.93419546784224	NA	NA
TRINITY_DN10084_c0_g1	4.14602821818073	NA	NA
TRINITY_DN10085_c0_g1	-1.48875204022285	NA	NA
TRINITY_DN10086_c0_g1	-2.06561436802614	NA	NA
TRINITY_DN10088_c0_g1	1.0079246891671	NA	NA
TRINITY_DN10089_c0_g1	-1.50654834090416	NA	NA
TRINITY_DN1009_c0_g1	-2.50208656720037	NA	NA
TRINITY_DN10090_c0_g1	0.985048405974795	NA	NA
TRINITY_DN10091_c0_g1	-1.16104365532377	NA	NA
TRINITY_DN10093_c0_g1	1.86008621251346	NA	NA
TRINITY_DN10094_c0_g1	-2.33338088810172	NA	NA
TRINITY_DN10095_c0_g1	1.22378636469133	NA	NA
TRINITY_DN10096_c0_g1	1.40641576130842	NA	NA
TRINITY_DN10097_c0_g1	1.12499473538045	NA	NA
TRINITY_DN10098_c0_g1	-0.328155049382206	NA	NA
TRINITY_DN10099_c0_g1	-2.08134676973634	NA	NA
TRINITY_DN101_c0_g1	-1.73836097108794	0.943136805737386	NA
TRINITY_DN101_c0_g1	-1.73836097108794	0.943136805737386	NA
TRINITY_DN1010_c0_g1	2.44725580814198	NA	NA
TRINITY_DN10100_c0_g1	-0.22259260521125	0.999155368198447	NA
TRINITY_DN10101_c0_g1	-2.35393263922234	NA	NA
TRINITY_DN10102_c0_g1	-0.0842520951260139	0.999155368198447	NA
TRINITY_DN10103_c0_g1	-2.04612858541993	NA	NA
TRINITY_DN10104_c0_g1	1.34448855944903	NA	NA
TRINITY_DN10105_c0_g1	-1.10387652745637	NA	NA
TRINITY_DN10106_c0_g1	-0.475430851616478	NA	NA
TRINITY_DN10107_c0_g1	0.383716794533614	NA	NA
TRINITY_DN10108_c0_g1	0.0492643916519135	NA	NA
TRINITY_DN10109_c0_g1	-1.15624482740762	NA	NA
TRINITY_DN1011_c0_g1	1.34043294049432	NA	NA
TRINITY_DN1011_c0_g1	1.34043294049432	NA	NA
TRINITY_DN1011_c0_g2	1.68991625344931	NA	NA
TRINITY_DN10110_c0_g1	1.0786153284633	NA	NA
TRINITY_DN10111_c0_g1	-2.08134676973634	NA	NA
TRINITY_DN10112_c0_g1	0.419650588499836	NA	NA
TRINITY_DN10113_c0_g1	1.44766253045161	NA	NA
TRINITY_DN10114_c0_g1	1.76208259853803	NA	NA
TRINITY_DN10115_c0_g1	-1.83735408850688	NA	NA
TRINITY_DN10116_c0_g1	0.111214545148879	0.999155368198447	NA
TRINITY_DN10117_c0_g1	2.39439602029138	NA	NA
TRINITY_DN10118_c0_g1	0.29849993952987	0.999155368198447	NA
TRINITY_DN10119_c0_g1	2.36081684832213	NA	NA
TRINITY_DN10120_c0_g1	-0.6095798946975	NA	NA
TRINITY_DN10121_c0_g1	0.825761051572165	NA	NA
TRINITY_DN10122_c0_g1	-0.478011894571444	NA	NA
TRINITY_DN10123_c0_g1	0.968050288391983	NA	NA
TRINITY_DN10124_c0_g1	1.86008621251346	NA	NA
TRINITY_DN10125_c0_g1	-1.37560934479243	NA	NA
TRINITY_DN10126_c0_g1	0.402200944482307	NA	NA
TRINITY_DN10127_c0_g1	-1.84449220678803	NA	NA
TRINITY_DN10128_c0_g1	0.124065534955628	NA	NA
TRINITY_DN10129_c0_g1	-1.76623334633927	NA	NA
TRINITY_DN1013_c0_g1	-4.41539093252673	NA	NA
TRINITY_DN1013_c0_g2	-0.564068420449481	NA	NA
TRINITY_DN10130_c0_g1	0.212285468043527	NA	NA
TRINITY_DN10131_c0_g1	1.13527711033134	NA	NA
TRINITY_DN10132_c0_g1	1.80950231271155	NA	NA
TRINITY_DN10133_c0_g1	-0.604131456240258	NA	NA
TRINITY_DN10134_c0_g1	1.09180450132011	NA	NA
TRINITY_DN10135_c0_g1	1.24451785302165	NA	NA
TRINITY_DN10136_c0_g1	0.104697788011305	NA	NA
TRINITY_DN10137_c0_g1	-1.50576064523823	NA	NA
TRINITY_DN10138_c0_g1	-0.604763491535875	NA	NA
TRINITY_DN10139_c0_g1	-0.536315764967943	NA	NA
TRINITY_DN1014_c0_g1	-2.32988957216369	NA	NA
TRINITY_DN10140_c0_g1	2.39549479305362	NA	NA
TRINITY_DN10141_c0_g1	2.07066624294853	NA	NA
TRINITY_DN10142_c0_g1	-0.550465279800689	NA	NA
TRINITY_DN10143_c0_g1	0.420143936275078	NA	NA
TRINITY_DN10144_c0_g1	3.63861398464265	NA	NA
TRINITY_DN10145_c0_g1	-1.52237678933332	NA	NA
TRINITY_DN10146_c0_g1	0.537480053360194	0.999155368198447	NA
TRINITY_DN10147_c0_g1	0.792993091824938	NA	NA
TRINITY_DN10148_c0_g1	2.11346170644227	NA	NA
TRINITY_DN10149_c0_g1	1.00119324076657	NA	NA
TRINITY_DN1015_c0_g1	-1.36560227022328	0.999155368198447	NA
TRINITY_DN1015_c0_g1	-1.36560227022328	0.999155368198447	NA
TRINITY_DN10150_c0_g1	-0.30518799207139	NA	NA
TRINITY_DN10151_c0_g1	1.80950231271155	NA	NA
TRINITY_DN10152_c0_g1	2.70941914703437	NA	NA
TRINITY_DN10153_c0_g1	-1.17937512507796	NA	NA
TRINITY_DN10155_c0_g1	1.98892965316615	NA	NA
TRINITY_DN10157_c0_g1	-0.516512437235182	NA	NA
TRINITY_DN10158_c0_g1	1.89567625443159	0.999155368198447	NA
TRINITY_DN10159_c0_g1	-1.03101392842017	0.999155368198447	NA
TRINITY_DN1016_c0_g1	-1.63002432072908	NA	NA
TRINITY_DN1016_c0_g2	-1.86175227552197	NA	NA
TRINITY_DN10160_c0_g1	0.387652495899568	NA	NA
TRINITY_DN10161_c0_g1	0.373082345780722	NA	NA
TRINITY_DN10162_c0_g1	-2.62335592885367	0.86771440328958	NA
TRINITY_DN10163_c0_g1	-0.383774141971753	NA	NA
TRINITY_DN10164_c0_g1	1.66494267329931	NA	NA
TRINITY_DN10165_c0_g1	1.13047419909087	NA	NA
TRINITY_DN10167_c0_g1	1.70751435208414	NA	NA
TRINITY_DN10168_c0_g1	2.43907701301811	NA	NA
TRINITY_DN10169_c0_g1	1.68872983750442	NA	NA
TRINITY_DN1017_c0_g1	1.93451058007987	0.951303799648802	NA
TRINITY_DN1017_c0_g2	2.77050343819407	NA	NA
TRINITY_DN1017_c0_g3	2.74265561267781	NA	NA
TRINITY_DN10170_c0_g1	0.375463104596591	NA	NA
TRINITY_DN10171_c0_g1	-2.5169980876307	NA	NA
TRINITY_DN10172_c0_g1	1.71844679301231	NA	NA
TRINITY_DN10173_c0_g1	-1.50576064523823	NA	NA
TRINITY_DN10174_c0_g1	-0.844488973715582	NA	NA
TRINITY_DN10175_c0_g1	-1.5286698587843	NA	NA
TRINITY_DN10176_c0_g1	1.40008265015881	NA	NA
TRINITY_DN10177_c0_g1	-0.550977247417289	NA	NA
TRINITY_DN10178_c0_g1	-0.592054736618033	NA	NA
TRINITY_DN10179_c0_g1	-1.10815990619688	NA	NA
TRINITY_DN1018_c0_g2	0.234552078288729	0.999155368198447	NA
TRINITY_DN10180_c0_g1	0.3915345066407	NA	NA
TRINITY_DN10181_c0_g1	-0.184120810420689	NA	NA
TRINITY_DN10183_c0_g1	0.394233096739305	NA	NA
TRINITY_DN10184_c0_g1	1.80950231271155	NA	NA
TRINITY_DN10185_c0_g1	-3.28666525881385	NA	NA
TRINITY_DN10186_c0_g1	-2.13112772510065	NA	NA
TRINITY_DN10188_c0_g1	1.6992754456345	NA	NA
TRINITY_DN10189_c0_g1	-2.07355911650277	NA	NA
TRINITY_DN1019_c0_g1	-1.19355119132098	0.79950340584745	NA
TRINITY_DN10190_c0_g1	-1.12446642422621	NA	NA
TRINITY_DN10191_c0_g1	-1.52237678933332	NA	NA
TRINITY_DN10192_c0_g1	-0.46160485312048	NA	NA
TRINITY_DN10194_c0_g1	-1.51408937232975	NA	NA
TRINITY_DN10195_c0_g1	-0.586634234384469	NA	NA
TRINITY_DN10196_c0_g1	0.384278533056736	NA	NA
TRINITY_DN10197_c0_g1	-1.87474353375855	NA	NA
TRINITY_DN10198_c0_g1	-1.51408937232975	NA	NA
TRINITY_DN10199_c0_g1	0.540779017651307	NA	NA
TRINITY_DN102_c0_g1	-2.29090034695982	0.042420079600834	NA
TRINITY_DN102_c0_g1	-2.29090034695982	0.042420079600834	NA
TRINITY_DN102_c0_g1	-2.29090034695982	0.042420079600834	NA
TRINITY_DN1020_c0_g1	-1.16539771586028	NA	NA
TRINITY_DN1020_c0_g2	1.36507137064619	NA	NA
TRINITY_DN1020_c0_g3	-2.98604065132882	NA	NA
TRINITY_DN1020_c0_g4	-1.35163393177661	NA	NA
TRINITY_DN1020_c0_g5	2.94373447305873	NA	NA
TRINITY_DN1020_c0_g6	-3.31035507778025	NA	NA
TRINITY_DN10200_c0_g1	-2.48054917018498	NA	NA
TRINITY_DN10201_c0_g1	2.44725580814198	NA	NA
TRINITY_DN10202_c0_g1	-1.88069215727832	NA	NA
TRINITY_DN10203_c0_g1	1.02508367900618	NA	NA
TRINITY_DN10204_c0_g1	1.70080189895283	NA	NA
TRINITY_DN10205_c0_g1	2.21305513091256	NA	NA
TRINITY_DN10206_c0_g1	0.383569099062131	NA	NA
TRINITY_DN10207_c0_g1	1.14093102253445	NA	NA
TRINITY_DN10208_c0_g1	2.86279211382665	NA	NA
TRINITY_DN10209_c0_g1	0.730812825707581	NA	NA
TRINITY_DN1021_c0_g1	0.294923487125121	0.999155368198447	NA
TRINITY_DN10210_c0_g1	-0.365484006644999	NA	NA
TRINITY_DN10212_c0_g1	0.0974377694197825	NA	NA
TRINITY_DN10213_c0_g1	-0.433098491687591	0.999155368198447	NA
TRINITY_DN10214_c0_g1	0.396910887961628	NA	NA
TRINITY_DN10215_c0_g1	1.68832007534307	NA	NA
TRINITY_DN10216_c0_g1	-0.902057596651215	NA	NA
TRINITY_DN10217_c0_g1	-0.404749955747734	NA	NA
TRINITY_DN10218_c0_g1	2.70781214029223	NA	NA
TRINITY_DN1022_c0_g1	-3.08985968850717	NA	NA
TRINITY_DN1022_c0_g2	0.38530898887825	NA	NA
TRINITY_DN10220_c0_g1	0.907071096810078	NA	NA
TRINITY_DN10221_c0_g1	-0.783363498163935	0.999155368198447	NA
TRINITY_DN10222_c0_g1	1.0914114309561	NA	NA
TRINITY_DN10223_c0_g1	-2.02670744706385	NA	NA
TRINITY_DN10224_c0_g1	1.21749644168873	NA	NA
TRINITY_DN10226_c0_g1	1.09774405542792	NA	NA
TRINITY_DN10227_c0_g1	-1.51807154720192	NA	NA
TRINITY_DN10228_c0_g1	-0.986580130540003	NA	NA
TRINITY_DN10229_c0_g1	-0.538614970505116	NA	NA
TRINITY_DN1023_c0_g1	-0.608693653440716	NA	NA
TRINITY_DN10230_c0_g1	-2.83648016309911	NA	NA
TRINITY_DN10231_c0_g1	-0.900040022590264	0.999155368198447	NA
TRINITY_DN10233_c0_g1	-1.50576064523823	NA	NA
TRINITY_DN10234_c0_g1	-2.8637419385562	NA	NA
TRINITY_DN10235_c0_g1	-2.04101574782511	NA	NA
TRINITY_DN10236_c0_g1	0.404811107295369	NA	NA
TRINITY_DN10237_c0_g1	-1.5659513593018	NA	NA
TRINITY_DN10238_c0_g1	-1.45746470731771	NA	NA
TRINITY_DN10239_c0_g1	1.08327555053001	0.999155368198447	NA
TRINITY_DN1024_c0_g1	4.18071195962649	0.167406331503835	NA
TRINITY_DN1024_c0_g1	4.18071195962649	0.167406331503835	NA
TRINITY_DN1024_c0_g2	-1.51408937232975	NA	NA
TRINITY_DN10240_c0_g1	1.99589981692935	NA	NA
TRINITY_DN10241_c0_g1	1.39410621089876	NA	NA
TRINITY_DN10243_c0_g1	-0.819557123159749	0.999155368198447	NA
TRINITY_DN10244_c0_g1	0.359264556139653	NA	NA
TRINITY_DN10245_c0_g1	-0.589149873832216	NA	NA
TRINITY_DN10246_c0_g1	1.68002211217701	NA	NA
TRINITY_DN10247_c0_g1	2.07440856659441	NA	NA
TRINITY_DN10248_c0_g1	-1.55339853636697	NA	NA
TRINITY_DN10249_c0_g1	-0.165956207812232	NA	NA
TRINITY_DN1025_c0_g1	1.09147320654438	NA	NA
TRINITY_DN10251_c0_g1	-0.0232780663719297	NA	NA
TRINITY_DN10252_c0_g1	1.14422034325732	NA	NA
TRINITY_DN10253_c0_g1	0.189951021503975	NA	NA
TRINITY_DN10255_c0_g1	3.1267681728843	NA	NA
TRINITY_DN10257_c0_g1	1.08854310748471	0.999155368198447	NA
TRINITY_DN10258_c0_g1	-1.51408937232975	NA	NA
TRINITY_DN10259_c0_g1	0.988458350265608	NA	NA
TRINITY_DN1026_c0_g1	0.232129600400499	0.999155368198447	NA
TRINITY_DN1026_c0_g1	0.232129600400499	0.999155368198447	NA
TRINITY_DN10260_c0_g1	1.72495064200776	NA	NA
TRINITY_DN10261_c0_g1	2.39439602029138	NA	NA
TRINITY_DN10262_c0_g1	-1.5230070347935	NA	NA
TRINITY_DN10263_c0_g1	1.80950231271155	NA	NA
TRINITY_DN10264_c0_g1	-0.174189936321015	NA	NA
TRINITY_DN10265_c0_g1	0.327960278142028	0.999155368198447	NA
TRINITY_DN10266_c0_g1	-2.51829565441777	NA	NA
TRINITY_DN10267_c0_g1	3.11540418125106	NA	NA
TRINITY_DN10269_c0_g1	2.81803520428571	NA	NA
TRINITY_DN1027_c0_g1	1.27285795855344	NA	NA
TRINITY_DN1027_c0_g2	2.10879809275145	NA	NA
TRINITY_DN10270_c0_g1	0.428113922198589	NA	NA
TRINITY_DN10272_c0_g1	-1.9997772553738	NA	NA
TRINITY_DN10273_c0_g1	2.34479942720385	NA	NA
TRINITY_DN10274_c0_g1	1.86008621251346	NA	NA
TRINITY_DN10275_c0_g1	-1.52237678933332	NA	NA
TRINITY_DN10276_c0_g1	-0.0587409079126087	NA	NA
TRINITY_DN10277_c0_g1	2.12405166762915	NA	NA
TRINITY_DN10278_c0_g1	1.11244509138469	NA	NA
TRINITY_DN10279_c0_g1	-2.4565879374614	NA	NA
TRINITY_DN1028_c0_g1	-0.194632873009675	NA	NA
TRINITY_DN1028_c0_g2	-0.321669851178577	NA	NA
TRINITY_DN1028_c0_g2	-0.321669851178577	NA	NA
TRINITY_DN10280_c0_g1	0.0797043973847854	NA	NA
TRINITY_DN10281_c0_g1	-0.561559247523723	NA	NA
TRINITY_DN10282_c0_g1	-2.12599672253002	NA	NA
TRINITY_DN10284_c0_g1	1.12852475863735	NA	NA
TRINITY_DN10285_c0_g1	2.34479942720385	NA	NA
TRINITY_DN10286_c0_g1	-0.301580941075558	0.999155368198447	NA
TRINITY_DN10287_c0_g1	-1.53002611417802	NA	NA
TRINITY_DN10288_c0_g1	1.80950231271155	NA	NA
TRINITY_DN10289_c0_g1	-2.55815568214737	NA	NA
TRINITY_DN1029_c0_g1	-0.0211553843198886	0.999155368198447	NA
TRINITY_DN10290_c0_g1	0.0554609554418991	0.999155368198447	NA
TRINITY_DN10291_c0_g1	-1.15135995789519	NA	NA
TRINITY_DN10292_c0_g1	-0.0796141957364347	NA	NA
TRINITY_DN10293_c0_g1	-1.16198046061892	NA	NA
TRINITY_DN10294_c0_g1	0.746900613511224	NA	NA
TRINITY_DN10295_c0_g1	0.188053869748778	NA	NA
TRINITY_DN10296_c0_g1	1.10613350351906	NA	NA
TRINITY_DN10297_c0_g1	-1.09843965510122	NA	NA
TRINITY_DN10298_c0_g1	-0.472200071989114	NA	NA
TRINITY_DN10299_c0_g1	-0.203211213899513	NA	NA
TRINITY_DN103_c0_g1	0.362156705643502	0.999155368198447	NA
TRINITY_DN103_c0_g1	0.362156705643502	0.999155368198447	NA
TRINITY_DN1030_c0_g1	-0.577740341620077	0.999155368198447	NA
TRINITY_DN1030_c0_g1	-0.577740341620077	0.999155368198447	NA
TRINITY_DN10300_c0_g1	-1.52237678933332	NA	NA
TRINITY_DN10302_c0_g1	0.831566872033471	0.999155368198447	NA
TRINITY_DN10303_c0_g1	0.425719754737105	NA	NA
TRINITY_DN10305_c0_g1	1.10149745541662	NA	NA
TRINITY_DN10306_c0_g1	3.59649148953224	NA	NA
TRINITY_DN10307_c0_g1	-1.08568078264452	NA	NA
TRINITY_DN10308_c0_g1	-2.4964636238478	NA	NA
TRINITY_DN10309_c0_g1	-0.362061727025422	NA	NA
TRINITY_DN1031_c0_g1	0.227895761707641	NA	NA
TRINITY_DN10310_c0_g1	-2.09302402147116	NA	NA
TRINITY_DN10311_c0_g1	-1.51408937232975	NA	NA
TRINITY_DN10312_c0_g1	1.86008621251346	NA	NA
TRINITY_DN10313_c0_g1	-0.0403788998516412	NA	NA
TRINITY_DN10314_c0_g1	1.70652110999108	NA	NA
TRINITY_DN10315_c0_g1	0.406632793542911	NA	NA
TRINITY_DN10316_c0_g1	-0.786023462165845	NA	NA
TRINITY_DN10318_c0_g1	1.17605930222031	NA	NA
TRINITY_DN10319_c0_g1	-2.48266369231287	NA	NA
TRINITY_DN1032_c0_g1	-2.62453358741669	NA	NA
TRINITY_DN1032_c0_g2	-1.27579807189573	0.999155368198447	NA
TRINITY_DN10320_c0_g1	-2.05888538877434	NA	NA
TRINITY_DN10321_c0_g1	2.08280894119529	NA	NA
TRINITY_DN10322_c0_g1	2.44725580814198	NA	NA
TRINITY_DN10324_c0_g1	0.394108499160712	NA	NA
TRINITY_DN10325_c0_g1	-1.77943166537932	NA	NA
TRINITY_DN10326_c0_g1	1.68817359706589	0.999155368198447	NA
TRINITY_DN10328_c0_g1	-0.526653682971984	NA	NA
TRINITY_DN10329_c0_g1	-1.50576064523823	NA	NA
TRINITY_DN1033_c0_g1	2.27574999046237	NA	NA
TRINITY_DN1033_c0_g2	1.09958587599607	0.999155368198447	NA
TRINITY_DN10330_c0_g1	-1.50576064523823	NA	NA
TRINITY_DN10331_c0_g1	1.86008621251346	NA	NA
TRINITY_DN10332_c0_g1	2.39165803575994	NA	NA
TRINITY_DN10333_c0_g1	1.68811457477618	NA	NA
TRINITY_DN10334_c0_g1	-0.51709045617901	NA	NA
TRINITY_DN10335_c0_g1	0.428262059750337	NA	NA
TRINITY_DN10336_c0_g1	-0.58528892520333	NA	NA
TRINITY_DN10337_c0_g1	-0.202396844211786	NA	NA
TRINITY_DN10338_c0_g1	-2.31052938520237	NA	NA
TRINITY_DN10339_c0_g1	1.68516514930512	NA	NA
TRINITY_DN1034_c0_g1	0.800291694681989	0.999155368198447	NA
TRINITY_DN1034_c0_g2	1.71734173825935	NA	NA
TRINITY_DN1034_c0_g2	1.71734173825935	NA	NA
TRINITY_DN10340_c0_g1	-0.547104064600829	NA	NA
TRINITY_DN10341_c0_g1	-2.83838497968578	NA	NA
TRINITY_DN10342_c0_g1	0.417509960132146	NA	NA
TRINITY_DN10343_c0_g1	2.09988593574882	NA	NA
TRINITY_DN10344_c0_g1	1.72986874852084	NA	NA
TRINITY_DN10345_c0_g1	2.44725580814198	NA	NA
TRINITY_DN10346_c0_g1	0.428221825957274	NA	NA
TRINITY_DN10347_c0_g1	-1.52378592527146	NA	NA
TRINITY_DN10348_c0_g1	1.08730553972722	NA	NA
TRINITY_DN10349_c0_g1	0.597537941846219	NA	NA
TRINITY_DN1035_c0_g1	-1.21384918321574	NA	NA
TRINITY_DN1035_c0_g2	1.14501277879425	NA	NA
TRINITY_DN10350_c0_g1	0.184244095067135	NA	NA
TRINITY_DN10351_c0_g1	-1.07278085385933	NA	NA
TRINITY_DN10352_c0_g1	-0.907745729799682	NA	NA
TRINITY_DN10353_c0_g1	-0.525899587632299	NA	NA
TRINITY_DN10354_c0_g1	1.44053090485373	NA	NA
TRINITY_DN10356_c0_g1	-0.0511670674533387	NA	NA
TRINITY_DN10357_c0_g1	2.12947084484819	NA	NA
TRINITY_DN10358_c0_g1	0.400154230021338	NA	NA
TRINITY_DN10359_c0_g1	-3.31478077068724	NA	NA
TRINITY_DN1036_c0_g1	-0.667584227968309	NA	NA
TRINITY_DN10360_c0_g1	-0.432420919189769	NA	NA
TRINITY_DN10362_c0_g1	2.80941590716106	NA	NA
TRINITY_DN10363_c0_g1	0.404082799534646	NA	NA
TRINITY_DN10364_c0_g1	-1.18488881813371	NA	NA
TRINITY_DN10365_c0_g1	0.184431918324471	NA	NA
TRINITY_DN10366_c0_g1	-2.10082367205643	NA	NA
TRINITY_DN10367_c0_g1	-1.86026082305175	NA	NA
TRINITY_DN10368_c0_g1	-3.79992723763652	NA	NA
TRINITY_DN10369_c0_g1	-1.51408937232975	NA	NA
TRINITY_DN1037_c0_g1	0.6076558401238	NA	NA
TRINITY_DN1037_c0_g3	-0.024877076569801	0.999155368198447	NA
TRINITY_DN1037_c0_g3	-0.024877076569801	0.999155368198447	NA
TRINITY_DN10370_c0_g1	3.10917157443244	NA	NA
TRINITY_DN10371_c0_g1	-1.83901573666694	NA	NA
TRINITY_DN10372_c0_g1	3.38264215513157	NA	NA
TRINITY_DN10373_c0_g1	-0.645546971137193	NA	NA
TRINITY_DN10374_c0_g1	-1.44122059658314	NA	NA
TRINITY_DN10375_c0_g1	-2.8236818991947	NA	NA
TRINITY_DN10376_c0_g1	2.23599002689956	NA	NA
TRINITY_DN10377_c0_g1	1.70247063833397	NA	NA
TRINITY_DN10378_c0_g1	-0.935469720032132	NA	NA
TRINITY_DN10379_c0_g1	1.40286589826564	NA	NA
TRINITY_DN1038_c0_g1	-0.053030920048957	NA	NA
TRINITY_DN1038_c0_g2	0.374139362295288	NA	NA
TRINITY_DN10380_c0_g1	-1.34042040192383	NA	NA
TRINITY_DN10381_c0_g1	-2.08286785858175	NA	NA
TRINITY_DN10382_c0_g1	-0.487715940276327	NA	NA
TRINITY_DN10383_c0_g1	0.670735184560363	NA	NA
TRINITY_DN10384_c0_g1	2.11144484725413	NA	NA
TRINITY_DN10385_c0_g1	-0.482401819786271	NA	NA
TRINITY_DN10386_c0_g1	-1.51408937232975	NA	NA
TRINITY_DN10387_c0_g1	0.364865001347268	NA	NA
TRINITY_DN10388_c0_g1	-1.51408937232975	NA	NA
TRINITY_DN10389_c0_g1	2.44725580814198	NA	NA
TRINITY_DN1039_c0_g1	-1.52237678933332	NA	NA
TRINITY_DN1039_c0_g2	-1.02503029611509	NA	NA
TRINITY_DN10390_c0_g1	-2.12599672253002	NA	NA
TRINITY_DN10391_c0_g1	-2.51516548690404	NA	NA
TRINITY_DN10392_c0_g1	-2.05741673108434	NA	NA
TRINITY_DN10393_c0_g1	-2.12599672253002	NA	NA
TRINITY_DN10394_c0_g1	0.119908421369477	0.999155368198447	NA
TRINITY_DN10395_c0_g1	-0.406596389640248	0.999155368198447	NA
TRINITY_DN10396_c0_g1	-1.89206877690923	NA	NA
TRINITY_DN10397_c0_g1	0.713906185803017	NA	NA
TRINITY_DN10398_c0_g1	-0.555990781533727	NA	NA
TRINITY_DN10399_c0_g1	-2.09302402147116	NA	NA
TRINITY_DN104_c0_g1	0.593060770159677	0.999155368198447	NA
TRINITY_DN1040_c0_g1	-0.350068743300073	0.999155368198447	NA
TRINITY_DN1040_c0_g1	-0.350068743300073	0.999155368198447	NA
TRINITY_DN1040_c0_g1	-0.350068743300073	0.999155368198447	NA
TRINITY_DN1040_c0_g1	-0.350068743300073	0.999155368198447	NA
TRINITY_DN1040_c0_g1	-0.350068743300073	0.999155368198447	NA
TRINITY_DN1040_c0_g1	-0.350068743300073	0.999155368198447	NA
TRINITY_DN1040_c1_g1	-0.349490795407445	0.999155368198447	NA
TRINITY_DN1040_c1_g2	0.63355913300704	0.999155368198447	NA
TRINITY_DN1040_c1_g2	0.63355913300704	0.999155368198447	NA
TRINITY_DN1040_c2_g1	-2.8637419385562	NA	NA
TRINITY_DN1040_c3_g1	-2.06556234518268	NA	NA
TRINITY_DN1040_c3_g2	-0.682937887086922	NA	NA
TRINITY_DN1040_c3_g2	-0.682937887086922	NA	NA
TRINITY_DN1040_c4_g1	-1.50576064523823	NA	NA
TRINITY_DN10400_c0_g1	-0.565610340648033	NA	NA
TRINITY_DN10401_c0_g1	0.340059754044303	NA	NA
TRINITY_DN10402_c0_g1	-0.415865045557809	NA	NA
TRINITY_DN10403_c0_g1	-0.543615185978832	NA	NA
TRINITY_DN10404_c0_g1	-0.496338294613343	NA	NA
TRINITY_DN10405_c0_g1	0.394009504129737	NA	NA
TRINITY_DN10406_c0_g1	2.75905656485706	NA	NA
TRINITY_DN10408_c0_g1	-1.52237678933332	NA	NA
TRINITY_DN10409_c0_g1	-1.45746470731771	NA	NA
TRINITY_DN1041_c0_g1	2.69020044046586	NA	NA
TRINITY_DN1041_c0_g2	-1.39882309536444	NA	NA
TRINITY_DN10410_c0_g1	-0.958232357543544	NA	NA
TRINITY_DN10411_c0_g1	-0.573175960194618	NA	NA
TRINITY_DN10412_c0_g1	2.39976083897953	NA	NA
TRINITY_DN10413_c0_g1	-0.804110648064705	NA	NA
TRINITY_DN10414_c0_g1	0.1462357843721	NA	NA
TRINITY_DN10415_c0_g1	0.179661937902732	NA	NA
TRINITY_DN10417_c0_g1	-3.90563880067809	0.721939793464008	NA
TRINITY_DN10417_c0_g1	-3.90563880067809	0.721939793464008	NA
TRINITY_DN10418_c0_g1	1.71685349600721	NA	NA
TRINITY_DN10419_c0_g1	-3.82966110069809	NA	NA
TRINITY_DN10420_c0_g1	-0.540807477515174	NA	NA
TRINITY_DN10421_c0_g1	-2.07919263080618	NA	NA
TRINITY_DN10422_c0_g1	1.37266031721652	NA	NA
TRINITY_DN10423_c0_g1	0.392656217316099	NA	NA
TRINITY_DN10424_c0_g1	0.399387987175224	NA	NA
TRINITY_DN10425_c0_g1	0.195374675218228	NA	NA
TRINITY_DN10427_c0_g1	-2.06981147032097	NA	NA
TRINITY_DN1043_c0_g1	-1.49366164263305	NA	NA
TRINITY_DN1043_c0_g2	0.229699767495465	0.999155368198447	NA
TRINITY_DN10430_c0_g1	1.12257600903585	NA	NA
TRINITY_DN10431_c0_g1	-2.08772863030438	NA	NA
TRINITY_DN10432_c0_g1	2.43425801402446	NA	NA
TRINITY_DN10433_c0_g1	-1.45746470731771	NA	NA
TRINITY_DN10435_c0_g1	0.415468233309941	NA	NA
TRINITY_DN10436_c0_g1	-2.11060847692289	NA	NA
TRINITY_DN10438_c0_g1	0.360843336743826	NA	NA
TRINITY_DN10439_c0_g1	-0.201567959411856	NA	NA
TRINITY_DN10440_c0_g1	-2.12599672253002	NA	NA
TRINITY_DN10441_c0_g1	0.940792849456897	NA	NA
TRINITY_DN10442_c0_g1	-0.622570624147937	NA	NA
TRINITY_DN10443_c0_g1	-0.520597813891317	NA	NA
TRINITY_DN10444_c0_g1	1.97367021206882	NA	NA
TRINITY_DN10445_c0_g1	-2.03047046541969	NA	NA
TRINITY_DN10446_c0_g1	2.84929925728388	NA	NA
TRINITY_DN10447_c0_g1	-1.99987284096263	NA	NA
TRINITY_DN10448_c0_g1	-0.576480964975968	NA	NA
TRINITY_DN10449_c0_g1	3.81532646245138	NA	NA
TRINITY_DN1045_c0_g1	-0.567434048858126	NA	NA
TRINITY_DN10450_c0_g1	1.70313968778335	NA	NA
TRINITY_DN10451_c0_g1	-0.819216543679197	NA	NA
TRINITY_DN10452_c0_g1	-1.52237678933332	NA	NA
TRINITY_DN10453_c0_g1	-0.564527184692824	NA	NA
TRINITY_DN10454_c0_g1	0.395921394488857	NA	NA
TRINITY_DN10456_c0_g1	0.0294478399731113	NA	NA
TRINITY_DN10457_c0_g1	0.389080389325635	NA	NA
TRINITY_DN10458_c0_g1	-2.08484536034699	NA	NA
TRINITY_DN10459_c0_g1	0.771285903535932	NA	NA
TRINITY_DN1046_c0_g1	1.39697627050847	NA	NA
TRINITY_DN1046_c0_g2	-1.59489334732931	NA	NA
TRINITY_DN1046_c0_g3	1.6141051583281	NA	NA
TRINITY_DN10460_c0_g1	0.412115217012451	NA	NA
TRINITY_DN10461_c0_g1	0.18160086044382	NA	NA
TRINITY_DN10462_c0_g1	-2.76759361305841	NA	NA
TRINITY_DN10463_c0_g1	0.416162418408782	NA	NA
TRINITY_DN10464_c0_g1	0.364941019194716	NA	NA
TRINITY_DN10465_c0_g1	-3.79317776991127	NA	NA
TRINITY_DN10468_c0_g1	-3.04388178914714	NA	NA
TRINITY_DN10469_c0_g1	-0.500609206515732	0.999155368198447	NA
TRINITY_DN1047_c0_g1	2.66422040846363	NA	NA
TRINITY_DN1047_c0_g1	2.66422040846363	NA	NA
TRINITY_DN1047_c0_g2	0.014989374301583	NA	NA
TRINITY_DN10470_c0_g1	2.44725580814198	NA	NA
TRINITY_DN10471_c0_g1	1.69290940461613	NA	NA
TRINITY_DN10472_c0_g1	-1.48592543446553	NA	NA
TRINITY_DN10473_c0_g1	0.959280864162452	NA	NA
TRINITY_DN10474_c0_g1	0.416083789153132	NA	NA
TRINITY_DN10475_c0_g1	0.386745004802941	NA	NA
TRINITY_DN10477_c0_g1	-1.37423727515312	NA	NA
TRINITY_DN10478_c0_g1	-1.15661225972119	NA	NA
TRINITY_DN10479_c0_g1	0.881907858874353	NA	NA
TRINITY_DN1048_c0_g1	-1.09751133827763	NA	NA
TRINITY_DN10480_c0_g1	0.876309174519021	NA	NA
TRINITY_DN10481_c0_g1	1.76208259853803	NA	NA
TRINITY_DN10482_c0_g1	0.357444499683654	NA	NA
TRINITY_DN10483_c0_g1	0.446572561733221	NA	NA
TRINITY_DN10484_c0_g1	2.40160296449479	NA	NA
TRINITY_DN10485_c0_g1	-2.10523883849493	NA	NA
TRINITY_DN10486_c0_g1	0.403804052866994	NA	NA
TRINITY_DN10488_c0_g1	-0.518184525791453	NA	NA
TRINITY_DN10489_c0_g1	-1.45746470731771	NA	NA
TRINITY_DN10490_c0_g1	1.76208259853803	NA	NA
TRINITY_DN10491_c0_g1	1.34023027315414	0.999155368198447	NA
TRINITY_DN10492_c0_g1	2.45337988649386	NA	NA
TRINITY_DN10493_c0_g1	1.11888450221073	NA	NA
TRINITY_DN10494_c0_g1	-1.27960668729994	NA	NA
TRINITY_DN10495_c0_g1	0.993198538141785	NA	NA
TRINITY_DN10496_c0_g1	0.0333939727314697	NA	NA
TRINITY_DN10497_c0_g1	-1.51408937232975	NA	NA
TRINITY_DN10498_c0_g1	1.14646840844267	NA	NA
TRINITY_DN10499_c0_g1	-2.12599672253002	NA	NA
TRINITY_DN105_c0_g1	1.64319663516307	NA	NA
TRINITY_DN105_c0_g2	0.391327676495896	NA	NA
TRINITY_DN1050_c0_g1	0.395544053641709	NA	NA
TRINITY_DN1050_c0_g2	-0.182377178081036	NA	NA
TRINITY_DN1050_c0_g3	0.996776481286266	NA	NA
TRINITY_DN10500_c0_g1	2.90811486086391	NA	NA
TRINITY_DN10501_c0_g1	-2.49126694745984	NA	NA
TRINITY_DN10502_c0_g1	-0.726838051936874	NA	NA
TRINITY_DN10503_c0_g1	1.81099338773207	NA	NA
TRINITY_DN10504_c0_g1	0.389636504917133	NA	NA
TRINITY_DN10505_c0_g1	1.12586676627889	NA	NA
TRINITY_DN10506_c0_g1	-0.139398857261967	NA	NA
TRINITY_DN10507_c0_g1	0.396332716788977	NA	NA
TRINITY_DN10508_c0_g1	0.221570934739848	NA	NA
TRINITY_DN10509_c0_g1	2.52760848771231	NA	NA
TRINITY_DN1051_c0_g1	1.13706157065378	NA	NA
TRINITY_DN1051_c0_g2	-2.84539432273008	NA	NA
TRINITY_DN10510_c0_g1	-0.227001797759727	NA	NA
TRINITY_DN10511_c0_g1	-3.08187198815599	NA	NA
TRINITY_DN10512_c0_g1	0.982132016194881	NA	NA
TRINITY_DN10513_c0_g1	1.13358999492937	NA	NA
TRINITY_DN10514_c0_g1	-0.0230900916463204	NA	NA
TRINITY_DN10515_c0_g1	-1.46778930978315	NA	NA
TRINITY_DN10517_c0_g1	0.37761319085524	NA	NA
TRINITY_DN10518_c0_g1	-0.0190798043034918	NA	NA
TRINITY_DN1052_c0_g1	3.11618868168444	NA	NA
TRINITY_DN1052_c0_g2	NA	NA	NA
TRINITY_DN10520_c0_g1	0.661479999553024	NA	NA
TRINITY_DN10521_c0_g1	-1.08435912679958	NA	NA
TRINITY_DN10522_c0_g1	-1.02886806486919	NA	NA
TRINITY_DN10525_c0_g1	0.376746325279196	NA	NA
TRINITY_DN10526_c0_g1	-2.11086159804417	NA	NA
TRINITY_DN10527_c0_g1	0.419894843884133	NA	NA
TRINITY_DN10528_c0_g1	0.192664472371206	NA	NA
TRINITY_DN10529_c0_g1	-2.02964198808841	NA	NA
TRINITY_DN1053_c0_g1	0.542436662645963	0.999155368198447	NA
TRINITY_DN1053_c0_g1	0.542436662645963	0.999155368198447	NA
TRINITY_DN10530_c0_g1	1.13204131014058	NA	NA
TRINITY_DN10531_c0_g1	-2.53996590547066	NA	NA
TRINITY_DN10532_c0_g1	-1.33684974218948	NA	NA
TRINITY_DN10533_c0_g1	-2.49121082861919	NA	NA
TRINITY_DN10535_c0_g1	1.80950231271155	NA	NA
TRINITY_DN10536_c0_g1	2.11667074393659	NA	NA
TRINITY_DN10537_c0_g1	1.12702397404293	NA	NA
TRINITY_DN10538_c0_g1	0.441313951176078	NA	NA
TRINITY_DN10539_c0_g1	-0.553668028190002	NA	NA
TRINITY_DN1054_c0_g1	-1.26487726613363	NA	NA
TRINITY_DN1054_c0_g2	-0.296310873075777	0.999155368198447	NA
TRINITY_DN1054_c0_g2	-0.296310873075777	0.999155368198447	NA
TRINITY_DN10540_c0_g1	1.86008621251346	NA	NA
TRINITY_DN10541_c0_g1	-2.09302402147116	NA	NA
TRINITY_DN10542_c0_g1	1.68017675361132	NA	NA
TRINITY_DN10543_c0_g1	-2.08134676973634	NA	NA
TRINITY_DN10544_c0_g1	2.44725580814198	NA	NA
TRINITY_DN10546_c0_g1	1.66228671292279	NA	NA
TRINITY_DN10547_c0_g1	-1.50576064523823	NA	NA
TRINITY_DN10548_c0_g1	-1.52237678933332	NA	NA
TRINITY_DN10549_c0_g1	2.37961499197253	NA	NA
TRINITY_DN1055_c0_g1	-1.51834244080817	NA	NA
TRINITY_DN10550_c0_g1	1.78590341367182	NA	NA
TRINITY_DN10551_c0_g1	-0.431628764824906	NA	NA
TRINITY_DN10552_c0_g1	-0.525324526844336	NA	NA
TRINITY_DN10553_c0_g1	2.34479942720385	NA	NA
TRINITY_DN10556_c0_g1	-2.73502693382069	NA	NA
TRINITY_DN10558_c0_g1	-0.594714168600354	NA	NA
TRINITY_DN10559_c0_g1	-1.07616763208085	NA	NA
TRINITY_DN1056_c0_g1	2.34479942720385	NA	NA
TRINITY_DN10561_c0_g1	1.80950231271155	NA	NA
TRINITY_DN10562_c0_g1	-1.08997604597924	NA	NA
TRINITY_DN10563_c0_g1	0.677962034536247	NA	NA
TRINITY_DN10564_c0_g1	1.57634393424745	NA	NA
TRINITY_DN10565_c0_g1	1.86008621251346	NA	NA
TRINITY_DN10566_c0_g1	-0.694714781430155	NA	NA
TRINITY_DN10567_c0_g1	1.80950231271155	NA	NA
TRINITY_DN10568_c0_g1	-2.50829056031268	NA	NA
TRINITY_DN10569_c0_g1	0.414099539395401	NA	NA
TRINITY_DN1057_c0_g1	2.40676232223686	NA	NA
TRINITY_DN1057_c0_g1	2.40676232223686	NA	NA
TRINITY_DN10570_c0_g1	1.38528183904274	NA	NA
TRINITY_DN10571_c0_g1	-2.81280732292808	NA	NA
TRINITY_DN10572_c0_g1	1.43175633607389	NA	NA
TRINITY_DN10573_c0_g1	0.820540552382712	NA	NA
TRINITY_DN10574_c0_g1	0.59886840908767	NA	NA
TRINITY_DN10575_c0_g1	1.67843955633187	NA	NA
TRINITY_DN10576_c0_g1	-2.43437511414123	NA	NA
TRINITY_DN10577_c0_g1	3.42067797096188	NA	NA
TRINITY_DN10578_c0_g1	-0.322228928683415	NA	NA
TRINITY_DN10579_c0_g1	1.86008621251346	NA	NA
TRINITY_DN1058_c0_g1	0.248213713662563	0.999155368198447	NA
TRINITY_DN10580_c0_g1	0.66659515874669	NA	NA
TRINITY_DN10581_c0_g1	2.79916984218897	NA	NA
TRINITY_DN10582_c0_g1	0.404395339391702	NA	NA
TRINITY_DN10583_c0_g1	-1.54022916864621	NA	NA
TRINITY_DN10584_c0_g1	3.13203143484596	NA	NA
TRINITY_DN10585_c0_g1	2.39439602029138	NA	NA
TRINITY_DN10586_c0_g1	-0.181175361779083	NA	NA
TRINITY_DN10588_c0_g1	3.12440127736138	NA	NA
TRINITY_DN10589_c0_g1	-1.08547830572221	NA	NA
TRINITY_DN1059_c0_g1	1.24181302729274	NA	NA
TRINITY_DN10590_c0_g1	1.09746084227656	NA	NA
TRINITY_DN10591_c0_g1	-1.99987284096263	NA	NA
TRINITY_DN10592_c0_g1	0.0726515961482939	NA	NA
TRINITY_DN10593_c0_g1	-1.40803932047901	NA	NA
TRINITY_DN10594_c0_g1	-1.49202231706185	NA	NA
TRINITY_DN10595_c0_g1	1.81101437820755	NA	NA
TRINITY_DN10596_c0_g1	0.992757820819013	NA	NA
TRINITY_DN10597_c0_g1	-0.998609423348793	NA	NA
TRINITY_DN10598_c0_g1	0.155435029198603	NA	NA
TRINITY_DN106_c0_g1	-1.0315620039683	0.999155368198447	NA
TRINITY_DN106_c0_g1	-1.0315620039683	0.999155368198447	NA
TRINITY_DN106_c0_g1	-1.0315620039683	0.999155368198447	NA
TRINITY_DN106_c0_g1	-1.0315620039683	0.999155368198447	NA
TRINITY_DN106_c0_g1	-1.0315620039683	0.999155368198447	NA
TRINITY_DN106_c1_g1	0.560123539599232	0.999155368198447	NA
TRINITY_DN106_c1_g1	0.560123539599232	0.999155368198447	NA
TRINITY_DN106_c1_g1	0.560123539599232	0.999155368198447	NA
TRINITY_DN106_c1_g2	-2.8119777884416	NA	NA
TRINITY_DN106_c2_g1	1.40676326226251	NA	NA
TRINITY_DN10600_c0_g1	1.12027465835167	NA	NA
TRINITY_DN10601_c0_g1	-2.7897620933233	NA	NA
TRINITY_DN10602_c0_g1	-3.28453043151482	NA	NA
TRINITY_DN10603_c0_g1	-2.08134676973634	NA	NA
TRINITY_DN10604_c0_g1	-1.51408937232975	NA	NA
TRINITY_DN10605_c0_g1	0.966324652235549	NA	NA
TRINITY_DN10606_c0_g1	-2.4935511064426	NA	NA
TRINITY_DN10607_c0_g1	2.81106458587361	NA	NA
TRINITY_DN10608_c0_g1	-2.49055283251409	NA	NA
TRINITY_DN10609_c0_g1	-2.06990019008145	NA	NA
TRINITY_DN1061_c0_g1	-0.579393207468551	NA	NA
TRINITY_DN1061_c0_g1	-0.579393207468551	NA	NA
TRINITY_DN10611_c0_g1	2.00061604603952	NA	NA
TRINITY_DN10612_c0_g1	0.37005801522812	NA	NA
TRINITY_DN10613_c0_g1	0.391769690205959	NA	NA
TRINITY_DN10614_c0_g1	2.39439602029138	NA	NA
TRINITY_DN10615_c0_g1	-2.10471200724155	NA	NA
TRINITY_DN10616_c0_g1	2.19386163316047	NA	NA
TRINITY_DN10617_c0_g1	-1.14136923010968	NA	NA
TRINITY_DN10618_c0_g1	0.350816546482221	NA	NA
TRINITY_DN10619_c0_g1	2.80394216875592	NA	NA
TRINITY_DN1062_c0_g1	-2.4914767962574	NA	NA
TRINITY_DN10620_c0_g1	0.227495560818682	NA	NA
TRINITY_DN10621_c0_g1	-1.10914170443526	NA	NA
TRINITY_DN10622_c0_g1	1.67074623669459	NA	NA
TRINITY_DN10623_c0_g1	0.989002930232802	NA	NA
TRINITY_DN10624_c0_g1	1.71319622053196	NA	NA
TRINITY_DN10625_c0_g1	0.358758273571191	NA	NA
TRINITY_DN10626_c0_g1	-1.52237678933332	NA	NA
TRINITY_DN10627_c0_g1	-2.05622600041927	NA	NA
TRINITY_DN10628_c0_g1	-1.53601241566061	NA	NA
TRINITY_DN10629_c0_g1	1.76208259853803	NA	NA
TRINITY_DN1063_c0_g1	-0.313480292301241	NA	NA
TRINITY_DN1063_c0_g1	-0.313480292301241	NA	NA
TRINITY_DN10630_c0_g1	1.71938752586699	NA	NA
TRINITY_DN10631_c0_g1	-0.114888958472524	NA	NA
TRINITY_DN10632_c0_g1	-1.52237678933332	NA	NA
TRINITY_DN10633_c0_g1	0.994634193298808	NA	NA
TRINITY_DN10634_c0_g1	-0.530549225082579	0.999155368198447	NA
TRINITY_DN10635_c0_g1	-0.0276241629771243	NA	NA
TRINITY_DN10636_c0_g1	0.189140335525766	NA	NA
TRINITY_DN10637_c0_g1	3.11213245726908	NA	NA
TRINITY_DN10638_c0_g1	-0.588791393918533	NA	NA
TRINITY_DN1064_c0_g1	1.21409084231447	NA	NA
TRINITY_DN10640_c0_g1	2.40801817037791	NA	NA
TRINITY_DN10641_c0_g1	1.09180450132011	NA	NA
TRINITY_DN10643_c0_g1	-1.47645399490247	NA	NA
TRINITY_DN10644_c0_g1	-2.10709001464357	NA	NA
TRINITY_DN10645_c0_g1	-2.02946181036505	NA	NA
TRINITY_DN10646_c0_g1	2.36452039320813	NA	NA
TRINITY_DN10647_c0_g1	0.984658554386382	NA	NA
TRINITY_DN10648_c0_g1	-0.934647192568999	NA	NA
TRINITY_DN1065_c0_g1	-1.49753929184532	NA	NA
TRINITY_DN10650_c0_g1	-1.13411634249285	NA	NA
TRINITY_DN10651_c0_g1	-1.50576064523823	NA	NA
TRINITY_DN10652_c0_g1	0.400338535934146	NA	NA
TRINITY_DN10654_c0_g1	0.29882601632089	NA	NA
TRINITY_DN10655_c0_g1	1.1585534192391	NA	NA
TRINITY_DN10656_c0_g1	-1.4113543476862	NA	NA
TRINITY_DN10658_c0_g1	-0.589733587436788	NA	NA
TRINITY_DN10659_c0_g1	-0.365674889772998	NA	NA
TRINITY_DN1066_c0_g1	0.956572124241393	NA	NA
TRINITY_DN1066_c1_g1	-1.1339797002578	NA	NA
TRINITY_DN10660_c0_g1	-2.0989624283541	NA	NA
TRINITY_DN10661_c0_g1	-0.51900678877258	NA	NA
TRINITY_DN10662_c0_g1	-3.08003089215189	NA	NA
TRINITY_DN10663_c0_g1	0.375509240508679	NA	NA
TRINITY_DN10664_c0_g1	0.341917288114501	NA	NA
TRINITY_DN10665_c0_g1	-1.51408937232975	NA	NA
TRINITY_DN10667_c0_g1	-3.95704299988928	NA	NA
TRINITY_DN10668_c0_g1	0.422657723131057	NA	NA
TRINITY_DN10669_c0_g1	-0.287053419879574	NA	NA
TRINITY_DN1067_c0_g1	0.0368411797688961	0.999155368198447	NA
TRINITY_DN10670_c0_g1	-2.10767917836799	NA	NA
TRINITY_DN10671_c0_g1	-0.582449908511415	NA	NA
TRINITY_DN10672_c0_g1	0.354245029825257	NA	NA
TRINITY_DN10674_c0_g1	-1.51807154720192	NA	NA
TRINITY_DN10676_c0_g1	2.41595735507899	NA	NA
TRINITY_DN10677_c0_g1	1.09410309825037	NA	NA
TRINITY_DN10678_c0_g1	-1.45746470731771	NA	NA
TRINITY_DN10679_c0_g1	-1.74557572545221	NA	NA
TRINITY_DN1068_c0_g1	-2.84367493089735	NA	NA
TRINITY_DN10681_c0_g1	-2.52608902541898	NA	NA
TRINITY_DN10682_c0_g1	0.106958026923991	NA	NA
TRINITY_DN10683_c0_g1	1.78578583085202	NA	NA
TRINITY_DN10684_c0_g1	-0.203142177380004	NA	NA
TRINITY_DN10685_c0_g1	-2.13884550818196	0.998641406015275	NA
TRINITY_DN10686_c0_g1	0.045352230186561	NA	NA
TRINITY_DN10688_c0_g1	-1.86053202122586	NA	NA
TRINITY_DN10689_c0_g1	-1.50576064523823	NA	NA
TRINITY_DN1069_c0_g1	-0.365548787524287	0.999155368198447	NA
TRINITY_DN1069_c0_g1	-0.365548787524287	0.999155368198447	NA
TRINITY_DN1069_c1_g1	-1.50576064523823	NA	NA
TRINITY_DN10691_c0_g1	2.10341676501585	NA	NA
TRINITY_DN10692_c0_g1	1.14206906396314	NA	NA
TRINITY_DN10693_c0_g1	-2.12599672253002	NA	NA
TRINITY_DN10694_c0_g1	0.734157378930118	NA	NA
TRINITY_DN10695_c0_g1	1.76208259853803	NA	NA
TRINITY_DN10696_c0_g1	-1.47731003004329	NA	NA
TRINITY_DN10697_c0_g1	0.483584793446247	0.999155368198447	NA
TRINITY_DN10698_c0_g1	0.1841558964344	NA	NA
TRINITY_DN10699_c0_g1	-1.52237678933332	NA	NA
TRINITY_DN107_c0_g1	1.40133162840511	0.336888266619168	NA
TRINITY_DN107_c0_g1	1.40133162840511	0.336888266619168	NA
TRINITY_DN107_c0_g1	1.40133162840511	0.336888266619168	NA
TRINITY_DN107_c0_g1	1.40133162840511	0.336888266619168	NA
TRINITY_DN107_c0_g1	1.40133162840511	0.336888266619168	NA
TRINITY_DN1070_c0_g1	-0.622114924110801	NA	NA
TRINITY_DN10701_c0_g1	-1.5091020653895	NA	NA
TRINITY_DN10702_c0_g1	-0.469248083127123	NA	NA
TRINITY_DN10703_c0_g1	1.67304071275601	NA	NA
TRINITY_DN10704_c0_g1	0.607899838383331	NA	NA
TRINITY_DN10704_c0_g1	0.607899838383331	NA	NA
TRINITY_DN10705_c0_g1	2.09611389941787	NA	NA
TRINITY_DN10706_c0_g1	0.998628763566959	NA	NA
TRINITY_DN10707_c0_g1	1.86008621251346	NA	NA
TRINITY_DN10709_c0_g1	1.76208259853803	NA	NA
TRINITY_DN1071_c0_g1	0.803196638982752	NA	NA
TRINITY_DN10710_c0_g1	1.13408921217838	NA	NA
TRINITY_DN10711_c0_g1	-0.615300331396153	NA	NA
TRINITY_DN10713_c0_g1	-1.47520652190312	NA	NA
TRINITY_DN10714_c0_g1	2.40375711198898	NA	NA
TRINITY_DN10716_c0_g1	1.80950231271155	NA	NA
TRINITY_DN10718_c0_g1	-1.15163563607173	NA	NA
TRINITY_DN1072_c0_g1	-0.111482701302094	0.999155368198447	NA
TRINITY_DN1072_c0_g1	-0.111482701302094	0.999155368198447	NA
TRINITY_DN10720_c0_g1	-2.4964636238478	NA	NA
TRINITY_DN10721_c0_g1	2.34479942720385	NA	NA
TRINITY_DN10722_c0_g1	1.12577149991838	NA	NA
TRINITY_DN10723_c0_g1	-1.52237678933332	NA	NA
TRINITY_DN10724_c0_g1	0.204318018508891	NA	NA
TRINITY_DN10725_c0_g1	2.38787389277522	NA	NA
TRINITY_DN10727_c0_g1	2.07167307633602	NA	NA
TRINITY_DN10728_c0_g1	0.982604785260649	NA	NA
TRINITY_DN10729_c0_g1	2.34479942720385	NA	NA
TRINITY_DN1073_c0_g1	0.227455079505219	NA	NA
TRINITY_DN10730_c0_g1	-2.05738877683488	NA	NA
TRINITY_DN10731_c0_g1	2.4207957809217	NA	NA
TRINITY_DN10732_c0_g1	-0.630752828644256	NA	NA
TRINITY_DN10733_c0_g1	-1.45746470731771	NA	NA
TRINITY_DN10734_c0_g1	0.0929967385571241	NA	NA
TRINITY_DN10735_c0_g1	-1.10095973371916	NA	NA
TRINITY_DN10737_c0_g1	-1.99987284096263	NA	NA
TRINITY_DN10739_c0_g1	-2.45766460820836	NA	NA
TRINITY_DN1074_c0_g1	-2.84735542061577	NA	NA
TRINITY_DN10740_c0_g1	-0.854137751862073	NA	NA
TRINITY_DN10741_c0_g1	0.863822136273635	NA	NA
TRINITY_DN10742_c0_g1	-0.0535452034015188	NA	NA
TRINITY_DN10743_c0_g1	-1.52237678933332	NA	NA
TRINITY_DN10744_c0_g1	0.206281776298277	NA	NA
TRINITY_DN10745_c0_g1	-1.51408937232975	NA	NA
TRINITY_DN10747_c0_g1	1.70894874273449	NA	NA
TRINITY_DN10748_c0_g1	0.32982571252919	0.999155368198447	NA
TRINITY_DN10749_c0_g1	-1.19828753389801	NA	NA
TRINITY_DN1075_c0_g1	-2.11547979894293	NA	NA
TRINITY_DN10750_c0_g1	-1.45746470731771	NA	NA
TRINITY_DN10752_c0_g1	-0.218492523863429	NA	NA
TRINITY_DN10754_c0_g1	1.76208259853803	NA	NA
TRINITY_DN10756_c0_g1	-1.50576064523823	NA	NA
TRINITY_DN10757_c0_g1	1.71525682771602	NA	NA
TRINITY_DN10758_c0_g1	1.40466085113762	NA	NA
TRINITY_DN10759_c0_g1	-0.527874963794502	NA	NA
TRINITY_DN1076_c0_g1	1.14505226170011	0.999155368198447	NA
TRINITY_DN10760_c0_g1	-1.50221512981794	NA	NA
TRINITY_DN10761_c0_g1	-0.518606962638014	NA	NA
TRINITY_DN10762_c0_g1	-2.77068262801671	NA	NA
TRINITY_DN10763_c0_g1	-2.10764551211399	NA	NA
TRINITY_DN10764_c0_g1	-1.50576064523823	NA	NA
TRINITY_DN10765_c0_g1	-0.523775297208175	NA	NA
TRINITY_DN10766_c0_g1	-2.51240411690685	NA	NA
TRINITY_DN10767_c0_g1	-2.08134676973634	NA	NA
TRINITY_DN10768_c0_g1	0.387945663598367	NA	NA
TRINITY_DN10769_c0_g1	1.0238622600855	NA	NA
TRINITY_DN1077_c0_g1	1.83013782620749	NA	NA
TRINITY_DN1077_c0_g2	-2.13184635060906	NA	NA
TRINITY_DN1077_c0_g3	-2.82348211118209	NA	NA
TRINITY_DN1077_c0_g4	-0.313444511476078	NA	NA
TRINITY_DN1077_c0_g5	-0.388929646487508	NA	NA
TRINITY_DN10774_c0_g1	1.12047383658978	NA	NA
TRINITY_DN10775_c0_g1	-1.51807154720192	NA	NA
TRINITY_DN10776_c0_g1	0.189663481797507	NA	NA
TRINITY_DN10777_c0_g1	1.07550960625251	0.999155368198447	NA
TRINITY_DN10778_c0_g1	0.182296575595837	NA	NA
TRINITY_DN10779_c0_g1	1.13480853847197	NA	NA
TRINITY_DN1078_c0_g1	3.60767225782995	NA	NA
TRINITY_DN10780_c0_g1	0.407208808394198	NA	NA
TRINITY_DN10781_c0_g1	-1.51807154720192	NA	NA
TRINITY_DN10782_c0_g1	-1.42032592320167	NA	NA
TRINITY_DN10784_c0_g1	1.02869253484382	NA	NA
TRINITY_DN10785_c0_g1	1.86008621251346	NA	NA
TRINITY_DN10786_c0_g1	-2.08212693493619	NA	NA
TRINITY_DN10787_c0_g1	-0.557917945526314	NA	NA
TRINITY_DN10788_c0_g1	-2.12599672253002	NA	NA
TRINITY_DN10789_c0_g1	-1.84478686031217	NA	NA
TRINITY_DN1079_c0_g1	0.0931807019375086	0.999155368198447	NA
TRINITY_DN10790_c0_g1	2.41483171546022	NA	NA
TRINITY_DN10791_c0_g1	-1.52237678933332	NA	NA
TRINITY_DN10792_c0_g1	-2.48337786962738	NA	NA
TRINITY_DN10793_c0_g1	-0.542887631409786	NA	NA
TRINITY_DN10794_c0_g1	-2.49048919280627	NA	NA
TRINITY_DN10795_c0_g1	-0.510303755728997	NA	NA
TRINITY_DN10796_c0_g1	-2.51575095984471	NA	NA
TRINITY_DN10798_c0_g1	-2.49755895586651	NA	NA
TRINITY_DN10799_c0_g1	-1.45746470731771	NA	NA
TRINITY_DN108_c0_g1	0.829272164884757	0.999155368198447	NA
TRINITY_DN108_c0_g1	0.829272164884757	0.999155368198447	NA
TRINITY_DN108_c0_g1	0.829272164884757	0.999155368198447	NA
TRINITY_DN108_c0_g1	0.829272164884757	0.999155368198447	NA
TRINITY_DN1080_c0_g1	0.991039978135865	NA	NA
TRINITY_DN10800_c0_g1	-0.515141776137219	NA	NA
TRINITY_DN10801_c0_g1	1.76208259853803	NA	NA
TRINITY_DN10802_c0_g1	-2.09302402147116	NA	NA
TRINITY_DN10803_c0_g1	0.188239869330569	NA	NA
TRINITY_DN10805_c0_g1	2.44156020001467	NA	NA
TRINITY_DN10806_c0_g1	-2.82308818921242	NA	NA
TRINITY_DN10807_c0_g1	-0.348149813176876	NA	NA
TRINITY_DN10808_c0_g1	-1.52237678933332	NA	NA
TRINITY_DN10809_c0_g1	-1.45746470731771	NA	NA
TRINITY_DN1081_c0_g1	0.470198562160213	0.999155368198447	NA
TRINITY_DN10810_c0_g1	-2.10982709393191	NA	NA
TRINITY_DN10811_c0_g1	-1.1511617036821	NA	NA
TRINITY_DN10814_c0_g1	0.189064597497234	NA	NA
TRINITY_DN10815_c0_g1	2.44725580814198	NA	NA
TRINITY_DN10816_c0_g1	0.186230731718549	NA	NA
TRINITY_DN10817_c0_g1	0.0544821001464443	NA	NA
TRINITY_DN10819_c0_g1	-0.805562251776911	NA	NA
TRINITY_DN1082_c0_g1	0.631313125458445	NA	NA
TRINITY_DN1082_c0_g1	0.631313125458445	NA	NA
TRINITY_DN1082_c0_g2	1.13459562642574	NA	NA
TRINITY_DN10820_c0_g1	1.80950231271155	NA	NA
TRINITY_DN10821_c0_g1	0.985561931909874	NA	NA
TRINITY_DN10822_c0_g1	-1.45746470731771	NA	NA
TRINITY_DN10823_c0_g1	-2.80305458097008	NA	NA
TRINITY_DN10824_c0_g1	-2.12453015875976	NA	NA
TRINITY_DN10825_c0_g1	-2.08134676973634	NA	NA
TRINITY_DN10828_c0_g1	-2.1085352787485	NA	NA
TRINITY_DN10829_c0_g1	-0.632206231751194	NA	NA
TRINITY_DN10831_c0_g1	0.973919154366818	NA	NA
TRINITY_DN10832_c0_g1	-0.214130421731186	NA	NA
TRINITY_DN10834_c0_g1	1.12716462585516	NA	NA
TRINITY_DN10835_c0_g1	-1.51408937232975	NA	NA
TRINITY_DN10836_c0_g1	-1.4757981686824	NA	NA
TRINITY_DN10837_c0_g1	0.785091932228017	NA	NA
TRINITY_DN10838_c0_g1	2.14512596551133	NA	NA
TRINITY_DN1084_c0_g1	0.750230726212877	0.999155368198447	NA
TRINITY_DN10840_c0_g1	1.12929791133103	NA	NA
TRINITY_DN10841_c0_g1	-1.47427514367296	NA	NA
TRINITY_DN10842_c0_g1	-1.51408937232975	NA	NA
TRINITY_DN10843_c0_g1	-2.52287242013866	NA	NA
TRINITY_DN10844_c0_g1	1.38916592297017	NA	NA
TRINITY_DN10845_c0_g1	0.186981511182549	0.999155368198447	NA
TRINITY_DN10846_c0_g1	0.931903492386751	NA	NA
TRINITY_DN10848_c0_g1	1.07290080686787	NA	NA
TRINITY_DN10849_c0_g1	0.19806991655031	NA	NA
TRINITY_DN1085_c0_g1	-1.05326435681629	NA	NA
TRINITY_DN1085_c0_g1	-1.05326435681629	NA	NA
TRINITY_DN1085_c0_g2	-1.50576064523823	NA	NA
TRINITY_DN1085_c0_g3	1.72306533979082	NA	NA
TRINITY_DN10850_c0_g1	0.951033119631486	NA	NA
TRINITY_DN10851_c0_g1	-1.04578373127681	NA	NA
TRINITY_DN10854_c0_g1	-2.10728061180775	NA	NA
TRINITY_DN10856_c0_g1	-2.10500205077495	NA	NA
TRINITY_DN10857_c0_g1	-1.80931378893344	NA	NA
TRINITY_DN10858_c0_g1	-1.47443081101681	NA	NA
TRINITY_DN10859_c0_g1	0.973134293637816	NA	NA
TRINITY_DN1086_c0_g1	-1.15155781520044	NA	NA
TRINITY_DN10860_c0_g1	-0.207501787331198	NA	NA
TRINITY_DN10861_c0_g1	-1.52237678933332	NA	NA
TRINITY_DN10862_c0_g1	-0.193938196765967	NA	NA
TRINITY_DN10864_c0_g1	0.999614289988037	NA	NA
TRINITY_DN10865_c0_g1	0.425542329522036	NA	NA
TRINITY_DN10866_c0_g1	-2.07362584196381	NA	NA
TRINITY_DN10867_c0_g1	-2.10577928077614	NA	NA
TRINITY_DN10868_c0_g1	1.04991656577881	NA	NA
TRINITY_DN10869_c0_g1	0.181069771757403	NA	NA
TRINITY_DN1087_c0_g1	-0.476382484430687	0.999155368198447	NA
TRINITY_DN1087_c0_g1	-0.476382484430687	0.999155368198447	NA
TRINITY_DN1087_c0_g1	-0.476382484430687	0.999155368198447	NA
TRINITY_DN1087_c0_g1	-0.476382484430687	0.999155368198447	NA
TRINITY_DN1087_c1_g1	-2.83029658791708	NA	NA
TRINITY_DN10870_c0_g1	3.12168788698834	NA	NA
TRINITY_DN10871_c0_g1	1.42789242625558	NA	NA
TRINITY_DN10872_c0_g1	-1.51285150496901	NA	NA
TRINITY_DN10873_c0_g1	1.09172308768847	NA	NA
TRINITY_DN10875_c0_g1	-1.99987284096263	NA	NA
TRINITY_DN10876_c0_g1	1.70834461008612	NA	NA
TRINITY_DN10878_c0_g1	2.14166345198345	NA	NA
TRINITY_DN10879_c0_g1	-2.08532191645787	NA	NA
TRINITY_DN1088_c0_g1	-1.32947114801538	0.999155368198447	NA
TRINITY_DN10880_c0_g1	-2.10990104235373	NA	NA
TRINITY_DN10881_c0_g1	0.985590083943334	NA	NA
TRINITY_DN10882_c0_g1	-0.519993770503373	NA	NA
TRINITY_DN10883_c0_g1	0.20155035136697	NA	NA
TRINITY_DN10884_c0_g1	0.413254900261527	NA	NA
TRINITY_DN10885_c0_g1	1.68410021492588	NA	NA
TRINITY_DN10886_c0_g1	2.44725580814198	NA	NA
TRINITY_DN10887_c0_g1	-2.02619916655044	NA	NA
TRINITY_DN10889_c0_g1	-1.47549744713429	NA	NA
TRINITY_DN1089_c0_g1	0.532648171476254	NA	NA
TRINITY_DN1089_c0_g2	2.9289128331507	NA	NA
TRINITY_DN10890_c0_g1	-1.51408937232975	NA	NA
TRINITY_DN10891_c0_g1	-1.56419535769169	NA	NA
TRINITY_DN10892_c0_g1	0.110509030403109	NA	NA
TRINITY_DN10893_c0_g1	2.79920678206166	NA	NA
TRINITY_DN10895_c0_g1	3.42425314297471	NA	NA
TRINITY_DN10896_c0_g1	0.186698391167765	NA	NA
TRINITY_DN10897_c0_g1	-2.50340511168687	NA	NA
TRINITY_DN10898_c0_g1	1.11433551810056	NA	NA
TRINITY_DN109_c0_g1	-0.685175164474281	0.999155368198447	NA
TRINITY_DN1090_c0_g1	0.434354965172448	0.999155368198447	NA
TRINITY_DN1090_c0_g1	0.434354965172448	0.999155368198447	NA
TRINITY_DN10900_c0_g1	2.08026036536326	NA	NA
TRINITY_DN10901_c0_g1	-0.562473347976693	NA	NA
TRINITY_DN10902_c0_g1	2.44725580814198	NA	NA
TRINITY_DN10904_c0_g1	0.410817677326813	NA	NA
TRINITY_DN10905_c0_g1	2.34479942720385	NA	NA
TRINITY_DN10906_c0_g1	-1.99987284096263	NA	NA
TRINITY_DN10907_c0_g1	3.13959955548178	NA	NA
TRINITY_DN10908_c0_g1	0.450624012563115	NA	NA
TRINITY_DN10909_c0_g1	1.11769142674529	NA	NA
TRINITY_DN1091_c0_g1	-1.51408937232975	NA	NA
TRINITY_DN10910_c0_g1	2.81321756529747	NA	NA
TRINITY_DN10911_c0_g1	2.80941590716106	NA	NA
TRINITY_DN10912_c0_g1	0.914501092495741	NA	NA
TRINITY_DN10913_c0_g1	1.80950231271155	NA	NA
TRINITY_DN10914_c0_g1	1.70254116451743	NA	NA
TRINITY_DN10915_c0_g1	2.83132222169916	NA	NA
TRINITY_DN10916_c0_g1	1.80950231271155	NA	NA
TRINITY_DN10917_c0_g1	1.09209719936896	NA	NA
TRINITY_DN10918_c0_g1	2.34479942720385	NA	NA
TRINITY_DN10919_c0_g1	2.3794206359015	NA	NA
TRINITY_DN1092_c0_g1	0.146237318169205	NA	NA
TRINITY_DN1092_c0_g1	0.146237318169205	NA	NA
TRINITY_DN10920_c0_g1	2.39554752207741	NA	NA
TRINITY_DN10921_c0_g1	-1.54313753870871	NA	NA
TRINITY_DN10922_c0_g1	0.358258765677825	NA	NA
TRINITY_DN10923_c0_g1	0.95686981415764	NA	NA
TRINITY_DN10924_c0_g1	0.641570252846777	NA	NA
TRINITY_DN10926_c0_g1	-1.52237678933332	NA	NA
TRINITY_DN10927_c0_g1	0.915572177280769	NA	NA
TRINITY_DN10928_c0_g1	-2.81448037422971	NA	NA
TRINITY_DN1093_c0_g1	0.137548511000224	NA	NA
TRINITY_DN1093_c0_g2	-1.58065905986149	NA	NA
TRINITY_DN10930_c0_g1	-1.04971990910162	NA	NA
TRINITY_DN10933_c0_g1	1.80950231271155	NA	NA
TRINITY_DN10934_c0_g1	-0.554976474579421	NA	NA
TRINITY_DN10935_c0_g1	1.76208259853803	NA	NA
TRINITY_DN10938_c0_g1	-1.54600717606353	NA	NA
TRINITY_DN10939_c0_g1	1.10011604279724	NA	NA
TRINITY_DN1094_c0_g1	-1.36763169800997	0.999155368198447	NA
TRINITY_DN1094_c0_g2	2.37336511731364	NA	NA
TRINITY_DN10940_c0_g1	0.508482851120922	NA	NA
TRINITY_DN10941_c0_g1	1.76208259853803	NA	NA
TRINITY_DN10943_c0_g1	1.80950231271155	NA	NA
TRINITY_DN10945_c0_g1	-2.12599672253002	NA	NA
TRINITY_DN10946_c0_g1	0.18235811470938	NA	NA
TRINITY_DN10947_c0_g1	-2.09302402147116	NA	NA
TRINITY_DN10949_c0_g1	-0.760353630271251	NA	NA
TRINITY_DN1095_c0_g1	-1.53421673838485	NA	NA
TRINITY_DN10950_c0_g1	-0.16886576227248	NA	NA
TRINITY_DN10952_c0_g1	-0.167139635764592	NA	NA
TRINITY_DN10953_c0_g1	-1.45746470731771	NA	NA
TRINITY_DN10954_c0_g1	-0.52143371627722	NA	NA
TRINITY_DN10955_c0_g1	-0.445038601705654	NA	NA
TRINITY_DN10956_c0_g1	-1.34371921199591	NA	NA
TRINITY_DN10957_c0_g1	0.199928787483105	NA	NA
TRINITY_DN10958_c0_g1	1.06435903855699	NA	NA
TRINITY_DN10959_c0_g1	-2.08794238108229	NA	NA
TRINITY_DN1096_c0_g1	0.4965829071727	0.999155368198447	NA
TRINITY_DN1096_c0_g1	0.4965829071727	0.999155368198447	NA
TRINITY_DN10960_c0_g1	0.335155769850915	NA	NA
TRINITY_DN10962_c0_g1	1.86008621251346	NA	NA
TRINITY_DN10963_c0_g1	1.12622123924832	NA	NA
TRINITY_DN10964_c0_g1	1.72630539965239	NA	NA
TRINITY_DN10965_c0_g1	1.63688817041594	NA	NA
TRINITY_DN10966_c0_g1	-0.184888826175698	NA	NA
TRINITY_DN10967_c0_g1	-2.09302402147116	NA	NA
TRINITY_DN10968_c0_g1	2.39439602029138	NA	NA
TRINITY_DN1097_c0_g1	-2.88658914565387	NA	NA
TRINITY_DN1097_c0_g1	-2.88658914565387	NA	NA
TRINITY_DN10970_c0_g1	1.66148183149482	NA	NA
TRINITY_DN10971_c0_g1	2.83132222169916	NA	NA
TRINITY_DN10973_c0_g1	-2.05929488517318	NA	NA
TRINITY_DN10974_c0_g1	-2.10641658707176	NA	NA
TRINITY_DN10975_c0_g1	-0.462581436369052	NA	NA
TRINITY_DN10976_c0_g1	1.76208259853803	NA	NA
TRINITY_DN10977_c0_g1	-1.99987284096263	NA	NA
TRINITY_DN10978_c0_g1	-1.45746470731771	NA	NA
TRINITY_DN10979_c0_g1	-0.56354597286114	NA	NA
TRINITY_DN1098_c0_g1	0.37143267410399	0.999155368198447	NA
TRINITY_DN1098_c0_g1	0.37143267410399	0.999155368198447	NA
TRINITY_DN10980_c0_g1	-1.51408937232975	NA	NA
TRINITY_DN10981_c0_g1	-0.472524833024916	NA	NA
TRINITY_DN10982_c0_g1	-1.50576064523823	NA	NA
TRINITY_DN10985_c0_g1	-2.51831110286082	NA	NA
TRINITY_DN10986_c0_g1	-1.51408937232975	NA	NA
TRINITY_DN10987_c0_g1	-0.520006009699622	NA	NA
TRINITY_DN10988_c0_g1	-3.50258311284687	NA	NA
TRINITY_DN10989_c0_g1	-1.45746470731771	NA	NA
TRINITY_DN10990_c0_g1	0.186124624625952	NA	NA
TRINITY_DN10991_c0_g1	1.14103453639825	NA	NA
TRINITY_DN10992_c0_g1	-0.522563609812659	NA	NA
TRINITY_DN10994_c0_g1	-1.15713525616391	NA	NA
TRINITY_DN10995_c0_g1	-3.09914136717147	NA	NA
TRINITY_DN10996_c0_g1	2.19450946474021	NA	NA
TRINITY_DN10998_c0_g1	2.12816068781022	NA	NA
TRINITY_DN10999_c0_g1	-3.2939090962146	NA	NA
TRINITY_DN11_c0_g1	0.165615056261639	0.999155368198447	NA
TRINITY_DN11_c0_g1	0.165615056261639	0.999155368198447	NA
TRINITY_DN110_c0_g1	-0.435874627526581	0.999155368198447	NA
TRINITY_DN110_c0_g1	-0.435874627526581	0.999155368198447	NA
TRINITY_DN1100_c0_g1	0.485836079426801	0.999155368198447	NA
TRINITY_DN1100_c0_g1	0.485836079426801	0.999155368198447	NA
TRINITY_DN11000_c0_g1	0.1816574707785	NA	NA
TRINITY_DN11002_c0_g1	1.86008621251346	NA	NA
TRINITY_DN11003_c0_g1	-2.09302402147116	NA	NA
TRINITY_DN11004_c0_g1	-2.31136069787587	NA	NA
TRINITY_DN11005_c0_g1	0.416027473268233	NA	NA
TRINITY_DN11006_c0_g1	1.70760507231478	NA	NA
TRINITY_DN11008_c0_g1	1.71058449267862	NA	NA
TRINITY_DN11009_c0_g1	-2.09302402147116	NA	NA
TRINITY_DN1101_c0_g1	-2.28894656170789	NA	NA
TRINITY_DN1101_c0_g2	-0.611049790122885	NA	NA
TRINITY_DN11010_c0_g1	0.865428862520274	NA	NA
TRINITY_DN11011_c0_g1	-0.565263628531127	NA	NA
TRINITY_DN11012_c0_g1	-2.08824591872659	NA	NA
TRINITY_DN11013_c0_g1	-2.50206967540861	NA	NA
TRINITY_DN11014_c0_g1	2.92282657761136	NA	NA
TRINITY_DN11016_c0_g1	-2.10676915750293	NA	NA
TRINITY_DN11017_c0_g1	1.65071926161592	NA	NA
TRINITY_DN11018_c0_g1	2.83178897926991	NA	NA
TRINITY_DN11019_c0_g1	-2.08884325253763	NA	NA
TRINITY_DN1102_c0_g1	1.05258842648935	NA	NA
TRINITY_DN1102_c0_g2	-2.09661937646151	NA	NA
TRINITY_DN1102_c0_g3	-0.107027931596343	0.999155368198447	NA
TRINITY_DN1102_c0_g3	-0.107027931596343	0.999155368198447	NA
TRINITY_DN11020_c0_g1	0.344328582089692	NA	NA
TRINITY_DN11022_c0_g1	-2.08515480380659	NA	NA
TRINITY_DN11025_c0_g1	-2.5213873399233	NA	NA
TRINITY_DN11026_c0_g1	2.37737176438165	NA	NA
TRINITY_DN11027_c0_g1	3.35130880276661	NA	NA
TRINITY_DN1103_c0_g1	-1.52701846222994	NA	NA
TRINITY_DN1103_c0_g2	-1.51305020859217	NA	NA
TRINITY_DN11030_c0_g1	-0.522633308131976	NA	NA
TRINITY_DN11031_c0_g1	0.388539925353263	NA	NA
TRINITY_DN11032_c0_g1	-0.535457180414585	NA	NA
TRINITY_DN11033_c0_g1	2.3955256268142	NA	NA
TRINITY_DN11034_c0_g1	1.80950231271155	NA	NA
TRINITY_DN11036_c0_g1	-0.51620776673985	NA	NA
TRINITY_DN11037_c0_g1	-0.154378768087585	NA	NA
TRINITY_DN11038_c0_g1	-1.82634422894558	NA	NA
TRINITY_DN11039_c0_g1	-0.518619265082166	NA	NA
TRINITY_DN1104_c0_g1	0.315901127313697	NA	NA
TRINITY_DN1104_c0_g1	0.315901127313697	NA	NA
TRINITY_DN11040_c0_g1	1.63015876446006	NA	NA
TRINITY_DN11042_c0_g1	-2.05790628474553	NA	NA
TRINITY_DN11043_c0_g1	1.86008621251346	NA	NA
TRINITY_DN11044_c0_g1	0.388654266173196	NA	NA
TRINITY_DN11045_c0_g1	-1.51408937232975	NA	NA
TRINITY_DN11046_c0_g1	2.40556366075824	NA	NA
TRINITY_DN11047_c0_g1	-1.10602568085811	NA	NA
TRINITY_DN11048_c0_g1	0.464863244983184	NA	NA
TRINITY_DN1105_c0_g1	3.08086146207431	NA	NA
TRINITY_DN1105_c0_g2	1.41189923036774	NA	NA
TRINITY_DN11050_c0_g1	-2.84520536170106	NA	NA
TRINITY_DN11053_c0_g1	-2.51612107400242	NA	NA
TRINITY_DN11055_c0_g1	1.10482938119691	NA	NA
TRINITY_DN11056_c0_g1	2.09601731293365	NA	NA
TRINITY_DN11057_c0_g1	2.34479942720385	NA	NA
TRINITY_DN11059_c0_g1	1.57149477218405	NA	NA
TRINITY_DN1106_c0_g1	1.66128438572489	NA	NA
TRINITY_DN1106_c0_g2	-0.600930101793018	NA	NA
TRINITY_DN11060_c0_g1	-0.159747612630314	NA	NA
TRINITY_DN11061_c0_g1	-1.47346876327089	NA	NA
TRINITY_DN11062_c0_g1	0.201113052766337	NA	NA
TRINITY_DN11063_c0_g1	1.08711006009698	NA	NA
TRINITY_DN11064_c0_g1	-1.10169854299695	NA	NA
TRINITY_DN11066_c0_g1	-0.54752826311133	NA	NA
TRINITY_DN11067_c0_g1	-0.523088564530526	NA	NA
TRINITY_DN11068_c0_g1	-1.50576064523823	NA	NA
TRINITY_DN11069_c0_g1	1.80950231271155	NA	NA
TRINITY_DN1107_c0_g1	3.11831033271221	NA	NA
TRINITY_DN11070_c0_g1	0.199834991559513	NA	NA
TRINITY_DN11071_c0_g1	1.65788494716088	NA	NA
TRINITY_DN11073_c0_g1	2.40081406315237	NA	NA
TRINITY_DN11074_c0_g1	-1.17630395933695	NA	NA
TRINITY_DN11076_c0_g1	2.08319868793312	NA	NA
TRINITY_DN11077_c0_g1	0.196290617336099	NA	NA
TRINITY_DN11078_c0_g1	0.0153182475644396	NA	NA
TRINITY_DN11079_c0_g1	0.184285278133068	NA	NA
TRINITY_DN1108_c0_g1	-0.615870097491727	0.999155368198447	NA
TRINITY_DN11080_c0_g1	-2.12599672253002	NA	NA
TRINITY_DN11081_c0_g1	0.176396728423529	NA	NA
TRINITY_DN11082_c0_g1	2.41609295867699	NA	NA
TRINITY_DN11083_c0_g1	2.44725580814198	NA	NA
TRINITY_DN11084_c0_g1	-2.08557733558105	NA	NA
TRINITY_DN11085_c0_g1	-0.494046381215384	NA	NA
TRINITY_DN11086_c0_g1	-2.49818311092555	NA	NA
TRINITY_DN11088_c0_g1	-0.606093373377974	NA	NA
TRINITY_DN11089_c0_g1	-1.50576064523823	NA	NA
TRINITY_DN1109_c0_g1	3.39608709742324	NA	NA
TRINITY_DN1109_c0_g2	1.14284966106916	NA	NA
TRINITY_DN11091_c0_g1	-0.559947946200123	NA	NA
TRINITY_DN11092_c0_g1	-0.564829571448024	NA	NA
TRINITY_DN11093_c0_g1	-1.50576064523823	NA	NA
TRINITY_DN11095_c0_g1	-2.45093180537606	NA	NA
TRINITY_DN11096_c0_g1	0.401654309863273	NA	NA
TRINITY_DN11097_c0_g1	-0.496986234121028	NA	NA
TRINITY_DN111_c0_g1	-0.260868413708152	0.999155368198447	NA
TRINITY_DN111_c0_g1	-0.260868413708152	0.999155368198447	NA
TRINITY_DN111_c0_g1	-0.260868413708152	0.999155368198447	NA
TRINITY_DN111_c0_g1	-0.260868413708152	0.999155368198447	NA
TRINITY_DN111_c0_g1	-0.260868413708152	0.999155368198447	NA
TRINITY_DN111_c0_g2	0.43271027741215	0.999155368198447	NA
TRINITY_DN111_c0_g3	0.444809935035351	NA	NA
TRINITY_DN111_c0_g4	-1.00573577686912	0.999155368198447	NA
TRINITY_DN111_c1_g1	1.90252393030936	NA	NA
TRINITY_DN111_c1_g1	1.90252393030936	NA	NA
TRINITY_DN111_c2_g1	-0.289556043771624	0.999155368198447	NA
TRINITY_DN1110_c0_g1	1.87653608268714	NA	NA
TRINITY_DN1110_c0_g2	-1.00286856839647	NA	NA
TRINITY_DN11100_c0_g1	-0.546204604848794	NA	NA
TRINITY_DN11101_c0_g1	-1.5352991045467	NA	NA
TRINITY_DN11102_c0_g1	-2.31370754230115	NA	NA
TRINITY_DN11103_c0_g1	0.962668845716521	NA	NA
TRINITY_DN11105_c0_g1	1.74846526091391	NA	NA
TRINITY_DN11107_c0_g1	-2.09899984120885	NA	NA
TRINITY_DN11108_c0_g1	1.80950231271155	NA	NA
TRINITY_DN1111_c0_g1	-5.99754377777061	0.00899663005764841	NA
TRINITY_DN1111_c0_g1	-5.99754377777061	0.00899663005764841	NA
TRINITY_DN11110_c0_g1	0.444417602964025	NA	NA
TRINITY_DN11111_c0_g1	-3.08339393969752	NA	NA
TRINITY_DN11112_c0_g1	1.80950231271155	NA	NA
TRINITY_DN11114_c0_g1	1.78579578335354	NA	NA
TRINITY_DN11115_c0_g1	-0.113390611080957	NA	NA
TRINITY_DN11116_c0_g1	0.463688478559296	NA	NA
TRINITY_DN11117_c0_g1	-2.81841741559871	NA	NA
TRINITY_DN11118_c0_g1	-1.52237678933332	NA	NA
TRINITY_DN11119_c0_g1	2.38831263812128	NA	NA
TRINITY_DN1112_c0_g1	-1.08116952288704	0.999155368198447	NA
TRINITY_DN1112_c0_g2	-1.50361136282473	NA	NA
TRINITY_DN11120_c0_g1	1.4390089262952	NA	NA
TRINITY_DN11121_c0_g1	-2.83351052720492	NA	NA
TRINITY_DN11122_c0_g1	0.198646574637115	NA	NA
TRINITY_DN11123_c0_g1	-1.99987284096263	NA	NA
TRINITY_DN11124_c0_g1	-2.81159392137146	NA	NA
TRINITY_DN11125_c0_g1	2.39544261003986	NA	NA
TRINITY_DN11126_c0_g1	-2.4510901361574	NA	NA
TRINITY_DN11127_c0_g1	1.42846232384906	NA	NA
TRINITY_DN11129_c0_g1	1.80950231271155	NA	NA
TRINITY_DN1113_c0_g1	-0.490118512022393	NA	NA
TRINITY_DN11130_c0_g1	0.96598346982861	NA	NA
TRINITY_DN11131_c0_g1	-1.99987284096263	NA	NA
TRINITY_DN11133_c0_g1	-0.519594528293692	NA	NA
TRINITY_DN11134_c0_g1	-1.51408937232975	NA	NA
TRINITY_DN11135_c0_g1	2.44725580814198	NA	NA
TRINITY_DN11136_c0_g1	-0.558117130849209	NA	NA
TRINITY_DN11137_c0_g1	-2.09009060630025	NA	NA
TRINITY_DN11139_c0_g1	1.38893811045705	NA	NA
TRINITY_DN1114_c0_g1	-1.2900958714955	NA	NA
TRINITY_DN1114_c0_g2	-0.0859861042582703	0.999155368198447	NA
TRINITY_DN11140_c0_g1	-0.518343241023505	NA	NA
TRINITY_DN11141_c0_g1	-2.12599672253002	NA	NA
TRINITY_DN11143_c0_g1	2.13211010745963	NA	NA
TRINITY_DN11144_c0_g1	2.39556603693669	NA	NA
TRINITY_DN11145_c0_g1	0.362004787954674	NA	NA
TRINITY_DN11146_c0_g1	-1.51408937232975	NA	NA
TRINITY_DN11147_c0_g1	-1.50576064523823	NA	NA
TRINITY_DN11148_c0_g1	0.426430791711254	NA	NA
TRINITY_DN1115_c0_g1	-1.8744997643513	NA	NA
TRINITY_DN1115_c0_g2	1.66183235303064	0.999155368198447	NA
TRINITY_DN11151_c0_g1	1.13936913445292	NA	NA
TRINITY_DN11152_c0_g1	1.69387787397052	NA	NA
TRINITY_DN11153_c0_g1	0.356140757111702	NA	NA
TRINITY_DN11154_c0_g1	1.83484254138478	NA	NA
TRINITY_DN11155_c0_g1	1.69142891639921	NA	NA
TRINITY_DN11156_c0_g1	2.3642000297429	NA	NA
TRINITY_DN11157_c0_g1	1.10847468618871	NA	NA
TRINITY_DN11158_c0_g1	-2.1049960660798	NA	NA
TRINITY_DN11159_c0_g1	0.186658836030981	NA	NA
TRINITY_DN1116_c0_g1	0.42699783211456	NA	NA
TRINITY_DN11160_c0_g1	0.211425077133883	NA	NA
TRINITY_DN11161_c0_g1	1.71133537194049	NA	NA
TRINITY_DN11162_c0_g1	0.210527250688152	NA	NA
TRINITY_DN11163_c0_g1	0.351279190507054	NA	NA
TRINITY_DN11164_c0_g1	0.176633945280389	NA	NA
TRINITY_DN11165_c0_g1	-0.524312789031694	NA	NA
TRINITY_DN11167_c0_g1	-1.50022005188691	NA	NA
TRINITY_DN11168_c0_g1	-1.49019172657824	NA	NA
TRINITY_DN11169_c0_g1	-1.51604370567058	NA	NA
TRINITY_DN1117_c0_g1	-0.56679586578298	0.999155368198447	NA
TRINITY_DN11170_c0_g1	-1.47676387687013	NA	NA
TRINITY_DN11171_c0_g1	0.362194227816295	NA	NA
TRINITY_DN11172_c0_g1	0.354222748527027	NA	NA
TRINITY_DN11173_c0_g1	1.13065567610196	NA	NA
TRINITY_DN11174_c0_g1	-1.52237678933332	NA	NA
TRINITY_DN11175_c0_g1	-1.47644737957507	NA	NA
TRINITY_DN11176_c0_g1	-2.09864758750382	NA	NA
TRINITY_DN11177_c0_g1	0.193700640749831	NA	NA
TRINITY_DN11178_c0_g1	-1.03200062692229	NA	NA
TRINITY_DN11179_c0_g1	0.980127442899932	NA	NA
TRINITY_DN1118_c0_g1	-0.0204393931885948	0.999155368198447	NA
TRINITY_DN1118_c0_g2	-0.398363163016021	0.999155368198447	NA
TRINITY_DN1118_c0_g2	-0.398363163016021	0.999155368198447	NA
TRINITY_DN11180_c0_g1	-2.82682601376501	NA	NA
TRINITY_DN11181_c0_g1	-1.51497057467834	NA	NA
TRINITY_DN11182_c0_g1	-1.51408937232975	NA	NA
TRINITY_DN11183_c0_g1	-2.12599672253002	NA	NA
TRINITY_DN11184_c0_g1	-2.10047212483506	NA	NA
TRINITY_DN11186_c0_g1	-1.14021362614665	NA	NA
TRINITY_DN11187_c0_g1	0.211537488728173	NA	NA
TRINITY_DN11188_c0_g1	1.68989225138931	NA	NA
TRINITY_DN1119_c0_g1	0.417270081013991	NA	NA
TRINITY_DN11190_c0_g1	-2.14360525601332	NA	NA
TRINITY_DN11191_c0_g1	-1.52237678933332	NA	NA
TRINITY_DN11193_c0_g1	-0.337677977912451	NA	NA
TRINITY_DN11194_c0_g1	-1.50576064523823	NA	NA
TRINITY_DN11195_c0_g1	-1.99987284096263	NA	NA
TRINITY_DN11198_c0_g1	-2.08134676973634	NA	NA
TRINITY_DN11199_c0_g1	2.37842646139725	NA	NA
TRINITY_DN112_c0_g1	0.0181584267182224	0.999155368198447	NA
TRINITY_DN112_c0_g1	0.0181584267182224	0.999155368198447	NA
TRINITY_DN112_c0_g1	0.0181584267182224	0.999155368198447	NA
TRINITY_DN1120_c0_g1	0.383359371516941	NA	NA
TRINITY_DN1120_c0_g2	0.283462323762148	0.999155368198447	NA
TRINITY_DN11200_c0_g1	1.80950231271155	NA	NA
TRINITY_DN11201_c0_g1	-1.52237678933332	NA	NA
TRINITY_DN11202_c0_g1	-0.519198435837007	NA	NA
TRINITY_DN11203_c0_g1	1.12370519088493	NA	NA
TRINITY_DN11204_c0_g1	1.76208259853803	NA	NA
TRINITY_DN11205_c0_g1	-2.12599672253002	NA	NA
TRINITY_DN11206_c0_g1	-0.570612838187268	NA	NA
TRINITY_DN11207_c0_g1	-0.175648638104881	NA	NA
TRINITY_DN11208_c0_g1	1.08181299777113	NA	NA
TRINITY_DN11209_c0_g1	-0.564006518892418	NA	NA
TRINITY_DN1121_c0_g1	-0.521777998515345	0.999155368198447	NA
TRINITY_DN1121_c0_g1	-0.521777998515345	0.999155368198447	NA
TRINITY_DN11210_c0_g1	-0.482811103171845	NA	NA
TRINITY_DN11211_c0_g1	0.191735041476439	NA	NA
TRINITY_DN11212_c0_g1	-0.609170076173576	NA	NA
TRINITY_DN11214_c0_g1	-2.11028453642498	NA	NA
TRINITY_DN11215_c0_g1	-2.83628013473634	NA	NA
TRINITY_DN11216_c0_g1	-1.10040433388794	NA	NA
TRINITY_DN11219_c0_g1	0.368708990142475	NA	NA
TRINITY_DN1122_c0_g1	2.0876077065895	NA	NA
TRINITY_DN1122_c0_g2	1.12258517993078	NA	NA
TRINITY_DN11220_c0_g1	-0.46160485312048	NA	NA
TRINITY_DN11222_c0_g1	0.363541086217344	NA	NA
TRINITY_DN11223_c0_g1	-1.45746470731771	NA	NA
TRINITY_DN11224_c0_g1	1.86008621251346	NA	NA
TRINITY_DN11227_c0_g1	-2.10810068192952	NA	NA
TRINITY_DN11228_c0_g1	1.1079203739265	NA	NA
TRINITY_DN11229_c0_g1	-0.517983954597712	NA	NA
TRINITY_DN1123_c0_g1	0.947205546137899	0.999155368198447	NA
TRINITY_DN11230_c0_g1	-1.50576064523823	NA	NA
TRINITY_DN11231_c0_g1	0.361752066076067	NA	NA
TRINITY_DN11232_c0_g1	-0.503588969359391	NA	NA
TRINITY_DN11233_c0_g1	2.07585803683326	NA	NA
TRINITY_DN11234_c0_g1	-1.82547305539153	NA	NA
TRINITY_DN11236_c0_g1	-1.45746470731771	NA	NA
TRINITY_DN11237_c0_g1	-1.47349999321197	NA	NA
TRINITY_DN11238_c0_g1	-2.47082681046247	NA	NA
TRINITY_DN11239_c0_g1	-2.06989837119801	NA	NA
TRINITY_DN1124_c0_g1	-1.30965659391621	NA	NA
TRINITY_DN11241_c0_g1	-2.48003183370116	NA	NA
TRINITY_DN11242_c0_g1	1.43260855237001	NA	NA
TRINITY_DN11243_c0_g1	-0.564933760427595	NA	NA
TRINITY_DN11244_c0_g1	-1.06670393879773	NA	NA
TRINITY_DN11246_c0_g1	-0.0427895080519066	0.999155368198447	NA
TRINITY_DN11247_c0_g1	2.39439602029138	NA	NA
TRINITY_DN11249_c0_g1	-2.79363484136982	NA	NA
TRINITY_DN1125_c0_g1	-0.583722727450557	NA	NA
TRINITY_DN11250_c0_g1	0.180378766636099	NA	NA
TRINITY_DN11251_c0_g1	-0.197154469974835	NA	NA
TRINITY_DN11252_c0_g1	-0.515961400805262	NA	NA
TRINITY_DN11253_c0_g1	0.385325797217585	NA	NA
TRINITY_DN11254_c0_g1	-2.04544437272542	NA	NA
TRINITY_DN11255_c0_g1	-0.550611642621932	NA	NA
TRINITY_DN11256_c0_g1	1.86008621251346	NA	NA
TRINITY_DN11257_c0_g1	0.347474522354407	NA	NA
TRINITY_DN11258_c0_g1	1.12762738879449	NA	NA
TRINITY_DN1126_c0_g1	-0.768614095511196	NA	NA
TRINITY_DN1126_c0_g2	1.76970863383128	NA	NA
TRINITY_DN11260_c0_g1	-1.45746470731771	NA	NA
TRINITY_DN11261_c0_g1	0.352513949439158	NA	NA
TRINITY_DN11264_c0_g1	-1.50576064523823	NA	NA
TRINITY_DN11265_c0_g1	0.200506418262972	NA	NA
TRINITY_DN11266_c0_g1	0.390763015473233	NA	NA
TRINITY_DN11267_c0_g1	1.14673543634913	NA	NA
TRINITY_DN11268_c0_g1	0.39858875831705	NA	NA
TRINITY_DN11269_c0_g1	0.198349804337756	NA	NA
TRINITY_DN1127_c0_g1	-1.32502503376769	NA	NA
TRINITY_DN11270_c0_g1	-1.51408937232975	NA	NA
TRINITY_DN11271_c0_g1	-0.481905600482849	NA	NA
TRINITY_DN11273_c0_g1	1.81119859953237	NA	NA
TRINITY_DN11274_c0_g1	-2.52177222093663	NA	NA
TRINITY_DN11277_c0_g1	0.20387773630064	NA	NA
TRINITY_DN11278_c0_g1	-0.516646989924952	NA	NA
TRINITY_DN11279_c0_g1	2.39439602029138	NA	NA
TRINITY_DN1128_c0_g1	0.562957067207997	NA	NA
TRINITY_DN1128_c0_g1	0.562957067207997	NA	NA
TRINITY_DN11280_c0_g1	-0.538942006068617	NA	NA
TRINITY_DN11281_c0_g1	0.205100760974215	NA	NA
TRINITY_DN11282_c0_g1	-1.52237678933332	NA	NA
TRINITY_DN11283_c0_g1	0.323839944063215	NA	NA
TRINITY_DN11284_c0_g1	-0.484555271571072	NA	NA
TRINITY_DN11286_c0_g1	-1.52237678933332	NA	NA
TRINITY_DN11287_c0_g1	-0.564236590005971	NA	NA
TRINITY_DN11288_c0_g1	-1.12547552036258	NA	NA
TRINITY_DN11289_c0_g1	-0.57135591452461	NA	NA
TRINITY_DN1129_c0_g1	0.258962249622913	0.999155368198447	NA
TRINITY_DN1129_c0_g2	0.441941022097045	NA	NA
TRINITY_DN11290_c0_g1	1.12814296376353	NA	NA
TRINITY_DN11291_c0_g1	-0.504060550855313	NA	NA
TRINITY_DN11292_c0_g1	1.86008621251346	NA	NA
TRINITY_DN11293_c0_g1	-2.50207013202662	NA	NA
TRINITY_DN11294_c0_g1	-0.550921149005352	NA	NA
TRINITY_DN11295_c0_g1	0.445929317400561	NA	NA
TRINITY_DN11296_c0_g1	0.206941955665376	NA	NA
TRINITY_DN11297_c0_g1	0.183387241832359	NA	NA
TRINITY_DN113_c0_g1	0.222137171640202	0.999155368198447	NA
TRINITY_DN113_c0_g1	0.222137171640202	0.999155368198447	NA
TRINITY_DN1130_c0_g1	2.5562248783578	NA	NA
TRINITY_DN11302_c0_g1	0.183523564753926	NA	NA
TRINITY_DN11304_c0_g1	-0.517991452287686	NA	NA
TRINITY_DN11305_c0_g1	1.09991404566623	NA	NA
TRINITY_DN11308_c0_g1	1.8110527438669	NA	NA
TRINITY_DN11309_c0_g1	1.86008621251346	NA	NA
TRINITY_DN1131_c0_g1	-0.0228794067277987	NA	NA
TRINITY_DN1131_c0_g2	1.98219858185746	NA	NA
TRINITY_DN11310_c0_g1	-0.534382891024464	NA	NA
TRINITY_DN11312_c0_g1	1.76208259853803	NA	NA
TRINITY_DN11317_c0_g1	-1.51408937232975	NA	NA
TRINITY_DN11318_c0_g1	-1.09951259215915	NA	NA
TRINITY_DN11319_c0_g1	-1.08275378551429	NA	NA
TRINITY_DN1132_c0_g1	-0.546327047679944	0.999155368198447	NA
TRINITY_DN1132_c0_g2	0.527664575975216	NA	NA
TRINITY_DN1132_c0_g2	0.527664575975216	NA	NA
TRINITY_DN11321_c0_g1	1.80950231271155	NA	NA
TRINITY_DN11325_c0_g1	1.76208259853803	NA	NA
TRINITY_DN11326_c0_g1	-2.02596552655878	NA	NA
TRINITY_DN11327_c0_g1	1.80950231271155	NA	NA
TRINITY_DN11328_c0_g1	2.68637606776814	NA	NA
TRINITY_DN11329_c0_g1	1.86008621251346	NA	NA
TRINITY_DN1133_c0_g1	-1.60758317780947	0.999155368198447	NA
TRINITY_DN1133_c0_g1	-1.60758317780947	0.999155368198447	NA
TRINITY_DN11330_c0_g1	-2.12599672253002	NA	NA
TRINITY_DN11331_c0_g1	-2.08934337908088	NA	NA
TRINITY_DN11335_c0_g1	-0.768614095511196	NA	NA
TRINITY_DN11336_c0_g1	2.44725580814198	NA	NA
TRINITY_DN11337_c0_g1	-1.51408937232975	NA	NA
TRINITY_DN1134_c0_g1	-0.500096175870096	0.999155368198447	NA
TRINITY_DN11340_c0_g1	-1.47435451436142	NA	NA
TRINITY_DN11341_c0_g1	-1.52237678933332	NA	NA
TRINITY_DN11345_c0_g1	-0.199920299691	NA	NA
TRINITY_DN11346_c0_g1	-2.09302402147116	NA	NA
TRINITY_DN11347_c0_g1	-2.50701543606345	NA	NA
TRINITY_DN11349_c0_g1	-0.547356211428616	NA	NA
TRINITY_DN1135_c0_g1	-0.924739790235573	0.999155368198447	NA
TRINITY_DN1135_c0_g1	-0.924739790235573	0.999155368198447	NA
TRINITY_DN1135_c0_g1	-0.924739790235573	0.999155368198447	NA
TRINITY_DN1135_c0_g1	-0.924739790235573	0.999155368198447	NA
TRINITY_DN1135_c0_g1	-0.924739790235573	0.999155368198447	NA
TRINITY_DN11351_c0_g1	2.34479942720385	NA	NA
TRINITY_DN11353_c0_g1	-0.562353163885374	NA	NA
TRINITY_DN11355_c0_g1	-1.04125914348956	NA	NA
TRINITY_DN11356_c0_g1	1.81102453374188	NA	NA
TRINITY_DN11358_c0_g1	0.18938397757858	NA	NA
TRINITY_DN11359_c0_g1	-1.52237678933332	NA	NA
TRINITY_DN1136_c0_g1	1.399844910035	NA	NA
TRINITY_DN1136_c0_g2	1.04984828376542	NA	NA
TRINITY_DN1136_c0_g2	1.04984828376542	NA	NA
TRINITY_DN1136_c0_g2	1.04984828376542	NA	NA
TRINITY_DN11360_c0_g1	1.80950231271155	NA	NA
TRINITY_DN11361_c0_g1	1.11297848816603	NA	NA
TRINITY_DN11362_c0_g1	-1.50576064523823	NA	NA
TRINITY_DN11363_c0_g1	2.38609672082347	NA	NA
TRINITY_DN11364_c0_g1	1.76208259853803	NA	NA
TRINITY_DN11365_c0_g1	2.44725580814198	NA	NA
TRINITY_DN11366_c0_g1	0.929853767552052	NA	NA
TRINITY_DN11367_c0_g1	1.07167951458351	NA	NA
TRINITY_DN11368_c0_g1	2.82884687265864	NA	NA
TRINITY_DN11369_c0_g1	-0.768614095511196	NA	NA
TRINITY_DN1137_c0_g1	1.69344923626062	NA	NA
TRINITY_DN1137_c0_g2	-1.52237678933332	NA	NA
TRINITY_DN11372_c0_g1	-1.52237678933332	NA	NA
TRINITY_DN11373_c0_g1	2.38731563563414	NA	NA
TRINITY_DN11375_c0_g1	-1.50576064523823	NA	NA
TRINITY_DN11377_c0_g1	-1.5325558703936	NA	NA
TRINITY_DN11378_c0_g1	-0.555289128654732	NA	NA
TRINITY_DN1138_c0_g1	0.986978198110567	NA	NA
TRINITY_DN1138_c0_g2	-2.04445239626989	NA	NA
TRINITY_DN1138_c0_g3	-0.494639316578582	NA	NA
TRINITY_DN11381_c0_g1	0.184638766755903	NA	NA
TRINITY_DN11382_c0_g1	-1.45746470731771	NA	NA
TRINITY_DN11383_c0_g1	0.176025450074054	NA	NA
TRINITY_DN11384_c0_g1	-2.0857536886711	NA	NA
TRINITY_DN11385_c0_g1	-2.09882752410058	NA	NA
TRINITY_DN11386_c0_g1	-0.485347313799137	NA	NA
TRINITY_DN11387_c0_g1	-2.06600392067374	NA	NA
TRINITY_DN11389_c0_g1	-0.768614095511196	NA	NA
TRINITY_DN1139_c0_g1	3.97003674674553	NA	NA
TRINITY_DN1139_c0_g2	1.80950231271155	NA	NA
TRINITY_DN11391_c0_g1	-1.45746470731771	NA	NA
TRINITY_DN11392_c0_g1	-3.07501413574945	NA	NA
TRINITY_DN11393_c0_g1	-0.459184250948639	NA	NA
TRINITY_DN11394_c0_g1	-1.51408937232975	NA	NA
TRINITY_DN11397_c0_g1	-1.51408937232975	NA	NA
TRINITY_DN11398_c0_g1	-0.768614095511196	NA	NA
TRINITY_DN11399_c0_g1	-1.50854514700688	NA	NA
TRINITY_DN114_c0_g1	-1.02992012665224	0.951303799648802	NA
TRINITY_DN114_c0_g1	-1.02992012665224	0.951303799648802	NA
TRINITY_DN114_c0_g1	-1.02992012665224	0.951303799648802	NA
TRINITY_DN114_c0_g1	-1.02992012665224	0.951303799648802	NA
TRINITY_DN114_c0_g1	-1.02992012665224	0.951303799648802	NA
TRINITY_DN114_c0_g1	-1.02992012665224	0.951303799648802	NA
TRINITY_DN114_c0_g1	-1.02992012665224	0.951303799648802	NA
TRINITY_DN114_c0_g1	-1.02992012665224	0.951303799648802	NA
TRINITY_DN1140_c0_g1	0.364261760616346	0.999155368198447	NA
TRINITY_DN1140_c0_g1	0.364261760616346	0.999155368198447	NA
TRINITY_DN1140_c0_g1	0.364261760616346	0.999155368198447	NA
TRINITY_DN11400_c0_g1	-2.52446320485722	NA	NA
TRINITY_DN11401_c0_g1	0.178769397544895	NA	NA
TRINITY_DN11402_c0_g1	2.4038286486814	NA	NA
TRINITY_DN11403_c0_g1	2.39439602029138	NA	NA
TRINITY_DN11404_c0_g1	-2.08925592728407	NA	NA
TRINITY_DN11405_c0_g1	-1.07926226273994	NA	NA
TRINITY_DN11406_c0_g1	-1.47424640449517	NA	NA
TRINITY_DN11407_c0_g1	1.80950231271155	NA	NA
TRINITY_DN11409_c0_g1	2.39439602029138	NA	NA
TRINITY_DN1141_c0_g1	-0.026035285459555	NA	NA
TRINITY_DN11410_c0_g1	-0.526351716689209	NA	NA
TRINITY_DN11412_c0_g1	2.81100338776588	NA	NA
TRINITY_DN11413_c0_g1	-2.08134676973634	NA	NA
TRINITY_DN11414_c0_g1	-2.02977531989525	NA	NA
TRINITY_DN11415_c0_g1	-3.64679919145554	NA	NA
TRINITY_DN11417_c0_g1	-1.4773281163331	NA	NA
TRINITY_DN1142_c0_g1	-0.00845359161735719	0.999155368198447	NA
TRINITY_DN1142_c0_g1	-0.00845359161735719	0.999155368198447	NA
TRINITY_DN11420_c0_g1	1.86008621251346	NA	NA
TRINITY_DN11421_c0_g1	-2.52475850714885	NA	NA
TRINITY_DN11422_c0_g1	0.202617716015415	NA	NA
TRINITY_DN11423_c0_g1	1.08819216651637	NA	NA
TRINITY_DN11425_c0_g1	-1.50576064523823	NA	NA
TRINITY_DN11427_c0_g1	2.36510023615512	NA	NA
TRINITY_DN11428_c0_g1	-2.77422568521837	NA	NA
TRINITY_DN1143_c0_g1	0.365003728619567	NA	NA
TRINITY_DN1143_c0_g2	-0.636084100297977	NA	NA
TRINITY_DN11430_c0_g1	-2.09206287594006	NA	NA
TRINITY_DN11435_c0_g1	-2.09302402147116	NA	NA
TRINITY_DN11436_c0_g1	1.78588652371381	NA	NA
TRINITY_DN11437_c0_g1	-0.554381713636351	NA	NA
TRINITY_DN1144_c0_g1	-1.16469437575918	0.49499834150489	NA
TRINITY_DN1144_c0_g1	-1.16469437575918	0.49499834150489	NA
TRINITY_DN1144_c0_g1	-1.16469437575918	0.49499834150489	NA
TRINITY_DN1144_c0_g1	-1.16469437575918	0.49499834150489	NA
TRINITY_DN1144_c0_g1	-1.16469437575918	0.49499834150489	NA
TRINITY_DN11445_c0_g1	-2.08898161021365	NA	NA
TRINITY_DN11446_c0_g1	-1.85712404322108	0.792165971724794	NA
TRINITY_DN11447_c0_g1	-2.48062600129647	NA	NA
TRINITY_DN11448_c0_g1	-1.09313258952137	NA	NA
TRINITY_DN11449_c0_g1	0.716155155173586	0.999155368198447	NA
TRINITY_DN1145_c0_g1	2.46473952411916	0.698616924517647	NA
TRINITY_DN1145_c0_g2	1.96717607284379	NA	NA
TRINITY_DN1145_c0_g3	-0.304812146393929	NA	NA
TRINITY_DN1145_c0_g5	-0.35508519512875	0.999155368198447	NA
TRINITY_DN11450_c0_g1	3.08086146207431	NA	NA
TRINITY_DN11451_c0_g1	0.0208989635651809	0.999155368198447	NA
TRINITY_DN11451_c0_g1	0.0208989635651809	0.999155368198447	NA
TRINITY_DN11451_c0_g1	0.0208989635651809	0.999155368198447	NA
TRINITY_DN11452_c0_g1	-2.10021222743967	NA	NA
TRINITY_DN11453_c0_g1	-0.0163978149371635	NA	NA
TRINITY_DN11454_c0_g1	2.42391465131061	NA	NA
TRINITY_DN11455_c0_g1	1.22545561266586	NA	NA
TRINITY_DN11457_c0_g1	-0.563311897929773	NA	NA
TRINITY_DN11458_c0_g1	2.86279211382665	NA	NA
TRINITY_DN11459_c0_g1	1.11518920535148	0.999155368198447	NA
TRINITY_DN1146_c0_g1	3.43209635720919	NA	NA
TRINITY_DN1146_c0_g2	-0.769037460906528	NA	NA
TRINITY_DN11460_c0_g1	0.186618061422516	0.999155368198447	NA
TRINITY_DN11461_c0_g1	0.574702835560872	0.999155368198447	NA
TRINITY_DN11462_c0_g1	0.384686549260907	NA	NA
TRINITY_DN11463_c0_g1	0.942188388141298	NA	NA
TRINITY_DN11464_c0_g1	-0.496529178845199	0.999155368198447	NA
TRINITY_DN11465_c0_g1	-2.54158249550552	NA	NA
TRINITY_DN11466_c0_g1	0.217536470131793	NA	NA
TRINITY_DN11467_c0_g1	-0.612524099499992	NA	NA
TRINITY_DN11468_c0_g1	-2.08909206614797	NA	NA
TRINITY_DN1147_c0_g1	-0.404656439051317	0.999155368198447	NA
TRINITY_DN1147_c0_g1	-0.404656439051317	0.999155368198447	NA
TRINITY_DN1147_c0_g1	-0.404656439051317	0.999155368198447	NA
TRINITY_DN11470_c0_g1	-0.333470421536801	0.999155368198447	NA
TRINITY_DN11471_c0_g1	-2.8637419385562	NA	NA
TRINITY_DN11472_c0_g1	-1.53958857502353	NA	NA
TRINITY_DN11473_c0_g1	-1.62704182151328	0.999155368198447	NA
TRINITY_DN11474_c0_g1	2.36525901517735	NA	NA
TRINITY_DN11475_c0_g1	2.41169980973486	NA	NA
TRINITY_DN11476_c0_g1	-0.177255397308393	NA	NA
TRINITY_DN11477_c0_g1	-3.29384031222118	NA	NA
TRINITY_DN11478_c0_g1	1.41104019978685	NA	NA
TRINITY_DN11479_c0_g1	-0.989146943512926	NA	NA
TRINITY_DN1148_c0_g1	1.824818251586	NA	NA
TRINITY_DN1148_c0_g2	-0.614491800512767	NA	NA
TRINITY_DN11480_c0_g1	-0.076458979703846	NA	NA
TRINITY_DN11481_c0_g1	0.279469740908186	0.999155368198447	NA
TRINITY_DN11482_c0_g1	-2.09007577747679	NA	NA
TRINITY_DN11483_c0_g1	-0.744928393868426	NA	NA
TRINITY_DN11484_c0_g1	0.960801716856847	NA	NA
TRINITY_DN11485_c0_g1	-0.322291653181935	NA	NA
TRINITY_DN11486_c0_g1	0.209690215084019	0.999155368198447	NA
TRINITY_DN11487_c0_g1	1.69581226776129	NA	NA
TRINITY_DN11488_c0_g1	-1.7500350090417	NA	NA
TRINITY_DN1149_c0_g1	-4.06547039415298	NA	NA
TRINITY_DN1149_c0_g2	-0.170274822949181	NA	NA
TRINITY_DN11490_c0_g1	0.199903149292562	NA	NA
TRINITY_DN11491_c0_g1	-2.54158249550552	NA	NA
TRINITY_DN11492_c0_g1	-2.08538543920405	NA	NA
TRINITY_DN11493_c0_g1	-1.86325968492606	NA	NA
TRINITY_DN11494_c0_g1	-0.929178465730249	NA	NA
TRINITY_DN11495_c0_g1	0.948586598116282	NA	NA
TRINITY_DN11496_c0_g1	-0.37676761602173	0.999155368198447	NA
TRINITY_DN11497_c0_g1	0.674046765731184	0.999155368198447	NA
TRINITY_DN11498_c0_g1	0.779743373943909	0.999155368198447	NA
TRINITY_DN11499_c0_g1	-0.877225261905501	NA	NA
TRINITY_DN115_c0_g1	-0.230843520638984	0.999155368198447	NA
TRINITY_DN115_c0_g1	-0.230843520638984	0.999155368198447	NA
TRINITY_DN115_c1_g1	0.184795923222252	0.999155368198447	NA
TRINITY_DN115_c2_g1	0.741847795893326	0.999155368198447	NA
TRINITY_DN115_c3_g1	-0.352265124324535	NA	NA
TRINITY_DN1150_c0_g1	-0.311503044995425	NA	NA
TRINITY_DN11500_c0_g1	0.207300644652198	NA	NA
TRINITY_DN11501_c0_g1	-1.82332997732353	NA	NA
TRINITY_DN11503_c0_g1	-0.560988522487337	NA	NA
TRINITY_DN11504_c0_g1	-0.127506781104618	0.999155368198447	NA
TRINITY_DN11505_c0_g1	2.09608627782812	NA	NA
TRINITY_DN11506_c0_g1	-1.01187574965185	0.999155368198447	NA
TRINITY_DN11507_c0_g1	0.39635912231775	NA	NA
TRINITY_DN11508_c0_g1	0.819370162623532	NA	NA
TRINITY_DN11509_c0_g1	-0.932899420258902	0.999155368198447	NA
TRINITY_DN1151_c0_g1	-1.99987284096263	NA	NA
TRINITY_DN1151_c0_g2	-1.69053914919897	NA	NA
TRINITY_DN11510_c0_g1	1.10531564037691	NA	NA
TRINITY_DN11511_c0_g1	-0.0289608489029357	NA	NA
TRINITY_DN11512_c0_g1	3.38404175800179	NA	NA
TRINITY_DN11512_c0_g1	3.38404175800179	NA	NA
TRINITY_DN11513_c0_g1	0.973209474005955	NA	NA
TRINITY_DN11514_c0_g1	-1.27821201970229	NA	NA
TRINITY_DN11517_c0_g1	1.05192253625725	NA	NA
TRINITY_DN11518_c0_g1	0.205220362557322	0.999155368198447	NA
TRINITY_DN11519_c0_g1	1.1154648498696	NA	NA
TRINITY_DN1152_c0_g1	-3.10588977089461	NA	NA
TRINITY_DN1152_c0_g2	-1.45746470731771	NA	NA
TRINITY_DN11520_c0_g1	1.97290626849836	NA	NA
TRINITY_DN11521_c0_g1	2.21086546167755	0.979696956929915	NA
TRINITY_DN11521_c0_g1	2.21086546167755	0.979696956929915	NA
TRINITY_DN11522_c0_g1	1.86008621251346	NA	NA
TRINITY_DN11523_c0_g1	1.68117784458703	NA	NA
TRINITY_DN11524_c0_g1	0.24011731809667	0.999155368198447	NA
TRINITY_DN11525_c0_g1	-2.5128247308593	NA	NA
TRINITY_DN11526_c0_g1	2.39439602029138	NA	NA
TRINITY_DN11527_c0_g1	0.156882949538484	0.999155368198447	NA
TRINITY_DN11527_c0_g1	0.156882949538484	0.999155368198447	NA
TRINITY_DN11528_c0_g1	1.0972930733026	NA	NA
TRINITY_DN11529_c0_g1	1.80950231271155	NA	NA
TRINITY_DN1153_c0_g1	-1.60688707499323	NA	NA
TRINITY_DN11530_c0_g1	-1.75958310493002	NA	NA
TRINITY_DN11531_c0_g1	-1.32131766329874	0.999155368198447	NA
TRINITY_DN11532_c0_g1	-1.3867861253625	NA	NA
TRINITY_DN11533_c0_g1	0.677751671041912	NA	NA
TRINITY_DN11534_c0_g1	-0.356505459083115	NA	NA
TRINITY_DN11535_c0_g1	-1.52237678933332	NA	NA
TRINITY_DN11536_c0_g1	-0.0550731422148393	0.999155368198447	NA
TRINITY_DN11537_c0_g1	-0.219953924864135	NA	NA
TRINITY_DN11538_c0_g1	-0.254758762497712	NA	NA
TRINITY_DN11539_c0_g1	-1.039192405879	NA	NA
TRINITY_DN1154_c0_g1	1.16832666990042	NA	NA
TRINITY_DN1154_c0_g1	1.16832666990042	NA	NA
TRINITY_DN11540_c0_g1	-0.138717271332632	NA	NA
TRINITY_DN11541_c0_g1	1.83210578130696	NA	NA
TRINITY_DN11542_c0_g1	-0.243092132966735	0.999155368198447	NA
TRINITY_DN11544_c0_g1	0.560566091429261	0.999155368198447	NA
TRINITY_DN11545_c0_g1	-1.76384398774672	NA	NA
TRINITY_DN11546_c0_g1	-1.4476126850655	0.999155368198447	NA
TRINITY_DN11547_c0_g1	-0.19179290359697	0.999155368198447	NA
TRINITY_DN11548_c0_g1	0.628204274624425	0.999155368198447	NA
TRINITY_DN11549_c0_g1	-1.50622045915906	NA	NA
TRINITY_DN1155_c0_g1	-0.628267608472969	NA	NA
TRINITY_DN1155_c0_g2	1.67412427221511	NA	NA
TRINITY_DN11550_c0_g1	-1.52781540363183	NA	NA
TRINITY_DN11551_c0_g1	0.370791904498139	NA	NA
TRINITY_DN11552_c0_g1	-2.10449830419504	NA	NA
TRINITY_DN11553_c0_g1	2.44725580814198	NA	NA
TRINITY_DN11554_c0_g1	-0.0453857649028146	0.999155368198447	NA
TRINITY_DN11555_c0_g1	0.0503607745608491	0.999155368198447	NA
TRINITY_DN11556_c0_g1	0.0634100226604435	0.999155368198447	NA
TRINITY_DN11557_c0_g1	4.26756862830924	NA	NA
TRINITY_DN11559_c0_g1	-0.169807116208754	NA	NA
TRINITY_DN1156_c0_g1	2.29509322625976	NA	NA
TRINITY_DN1156_c0_g2	0.23115598334048	NA	NA
TRINITY_DN11560_c0_g1	0.169131157248465	0.999155368198447	NA
TRINITY_DN11561_c0_g1	0.710429628334056	NA	NA
TRINITY_DN11562_c0_g1	-0.590733702560749	NA	NA
TRINITY_DN11563_c0_g1	0.391231755330067	0.999155368198447	NA
TRINITY_DN11564_c0_g1	1.70487867754338	NA	NA
TRINITY_DN11565_c0_g1	-0.800155723541537	NA	NA
TRINITY_DN11566_c0_g1	1.12174402486053	NA	NA
TRINITY_DN11567_c0_g1	-1.86329901796165	NA	NA
TRINITY_DN11568_c0_g1	-1.09026324191519	NA	NA
TRINITY_DN11569_c0_g1	1.72923206701965	NA	NA
TRINITY_DN1157_c0_g1	-1.04193208910635	0.999155368198447	NA
TRINITY_DN1157_c0_g1	-1.04193208910635	0.999155368198447	NA
TRINITY_DN1157_c0_g1	-1.04193208910635	0.999155368198447	NA
TRINITY_DN1157_c0_g1	-1.04193208910635	0.999155368198447	NA
TRINITY_DN11570_c0_g1	-0.558552415864184	NA	NA
TRINITY_DN11571_c0_g1	-0.807179589736153	0.999155368198447	NA
TRINITY_DN11571_c0_g1	-0.807179589736153	0.999155368198447	NA
TRINITY_DN11571_c0_g1	-0.807179589736153	0.999155368198447	NA
TRINITY_DN11572_c0_g1	-0.190220294344154	0.999155368198447	NA
TRINITY_DN11573_c0_g1	0.0134876163406241	0.999155368198447	NA
TRINITY_DN11574_c0_g1	-1.50576064523823	NA	NA
TRINITY_DN11575_c0_g1	-0.178215454943951	NA	NA
TRINITY_DN11576_c0_g1	0.99011749052961	NA	NA
TRINITY_DN11577_c0_g1	0.265389908546653	NA	NA
TRINITY_DN11579_c0_g1	1.16618316642238	NA	NA
TRINITY_DN1158_c0_g1	0.316867654580575	0.999155368198447	NA
TRINITY_DN11580_c0_g1	-0.929541886373489	NA	NA
TRINITY_DN11581_c0_g1	0.580177780923528	0.999155368198447	NA
TRINITY_DN11583_c0_g1	3.12960474964247	NA	NA
TRINITY_DN11584_c0_g1	-0.00996419234691603	NA	NA
TRINITY_DN11585_c0_g1	-0.210223734755146	NA	NA
TRINITY_DN11586_c0_g1	-0.852472981438898	NA	NA
TRINITY_DN11587_c0_g1	-0.0232583761688556	NA	NA
TRINITY_DN1159_c0_g1	-0.467242298486194	NA	NA
TRINITY_DN11590_c0_g1	-1.45746470731771	NA	NA
TRINITY_DN11591_c0_g1	-0.835873559536973	NA	NA
TRINITY_DN11592_c0_g1	-0.131765325730413	0.999155368198447	NA
TRINITY_DN11593_c0_g1	-0.336622365587611	NA	NA
TRINITY_DN11594_c0_g1	0.977947646555642	NA	NA
TRINITY_DN11595_c0_g1	2.08595503816009	NA	NA
TRINITY_DN11596_c0_g1	-3.28289589123012	NA	NA
TRINITY_DN11598_c0_g1	0.39591334215134	0.999155368198447	NA
TRINITY_DN11599_c0_g1	1.83485496759004	NA	NA
TRINITY_DN116_c0_g1	-0.15865312168096	0.999155368198447	NA
TRINITY_DN116_c0_g1	-0.15865312168096	0.999155368198447	NA
TRINITY_DN116_c0_g1	-0.15865312168096	0.999155368198447	NA
TRINITY_DN1160_c0_g1	-2.31959920925642	NA	NA
TRINITY_DN11600_c0_g1	-2.54158249550552	NA	NA
TRINITY_DN11601_c0_g1	0.857139437502173	NA	NA
TRINITY_DN11602_c0_g1	-0.323336578122782	0.999155368198447	NA
TRINITY_DN11603_c0_g1	0.330075763105101	0.999155368198447	NA
TRINITY_DN11604_c0_g1	-0.609798206856746	NA	NA
TRINITY_DN11604_c0_g1	-0.609798206856746	NA	NA
TRINITY_DN11605_c0_g1	0.954617010906195	NA	NA
TRINITY_DN11606_c0_g1	-2.49646362384781	NA	NA
TRINITY_DN11607_c0_g1	1.40338088008618	NA	NA
TRINITY_DN11608_c0_g1	-0.520688538274184	NA	NA
TRINITY_DN11609_c0_g1	2.12590541129987	NA	NA
TRINITY_DN1161_c0_g1	-3.49034855248362	NA	NA
TRINITY_DN1161_c0_g2	-2.80301910083469	NA	NA
TRINITY_DN11610_c0_g1	0.202903879646708	NA	NA
TRINITY_DN11611_c0_g1	-2.30633344668584	NA	NA
TRINITY_DN11612_c0_g1	-0.431634019431115	0.999155368198447	NA
TRINITY_DN11613_c0_g1	-3.12463869889648	NA	NA
TRINITY_DN11614_c0_g1	-0.167396253643747	NA	NA
TRINITY_DN11615_c0_g1	-1.51408937232975	NA	NA
TRINITY_DN11616_c0_g1	-1.22204156029737	NA	NA
TRINITY_DN11617_c0_g1	-2.08134676973634	NA	NA
TRINITY_DN11618_c0_g1	0.662583349231875	NA	NA
TRINITY_DN11619_c0_g1	1.76208259853803	NA	NA
TRINITY_DN1162_c0_g1	-0.195778288185978	NA	NA
TRINITY_DN11620_c0_g1	-0.233380806205593	NA	NA
TRINITY_DN11621_c0_g1	2.83505510285368	NA	NA
TRINITY_DN11622_c0_g1	-0.0924024129520256	0.999155368198447	NA
TRINITY_DN11623_c0_g1	2.39439602029138	NA	NA
TRINITY_DN11624_c0_g1	-1.34877243633226	NA	NA
TRINITY_DN11625_c0_g1	1.66313921759474	NA	NA
TRINITY_DN11626_c0_g1	1.76208259853803	NA	NA
TRINITY_DN11627_c0_g1	0.0847020472684748	NA	NA
TRINITY_DN11628_c0_g1	1.86008621251346	NA	NA
TRINITY_DN11629_c0_g1	-0.629596236121101	0.999155368198447	NA
TRINITY_DN1163_c0_g1	0.250294970616958	0.999155368198447	NA
TRINITY_DN1163_c1_g1	-1.05341081507671	NA	NA
TRINITY_DN1163_c1_g2	-0.325699137197875	NA	NA
TRINITY_DN11630_c0_g1	-3.24748876950327	NA	NA
TRINITY_DN11631_c0_g1	2.39439602029138	NA	NA
TRINITY_DN11632_c0_g1	-0.0850948377910585	NA	NA
TRINITY_DN11633_c0_g1	-2.09302402147116	NA	NA
TRINITY_DN11634_c0_g1	3.39100294813593	NA	NA
TRINITY_DN11635_c0_g1	1.30242247524355	NA	NA
TRINITY_DN11636_c0_g1	0.37131816056103	NA	NA
TRINITY_DN11637_c0_g1	-0.214961936489767	NA	NA
TRINITY_DN11638_c0_g1	0.771114138796183	NA	NA
TRINITY_DN11639_c0_g1	-2.83984997808221	NA	NA
TRINITY_DN1164_c0_g1	-1.15528997614835	0.999155368198447	NA
TRINITY_DN11640_c0_g1	-1.51807154720192	NA	NA
TRINITY_DN11641_c0_g1	-1.09539607137375	NA	NA
TRINITY_DN11642_c0_g1	1.71472758939398	NA	NA
TRINITY_DN11643_c0_g1	-0.16100729729909	0.999155368198447	NA
TRINITY_DN11644_c0_g1	2.13828598485043	NA	NA
TRINITY_DN11645_c0_g1	0.17078531868756	NA	NA
TRINITY_DN11646_c0_g1	-0.570648098078281	NA	NA
TRINITY_DN11647_c0_g1	0.728078769845761	0.999155368198447	NA
TRINITY_DN11648_c0_g1	-0.0175211570245885	NA	NA
TRINITY_DN11649_c0_g1	-0.46844076578843	0.999155368198447	NA
TRINITY_DN11649_c0_g1	-0.46844076578843	0.999155368198447	NA
TRINITY_DN1165_c0_g1	1.00521177614893	NA	NA
TRINITY_DN11650_c0_g1	-0.729399966457691	0.999155368198447	NA
TRINITY_DN11651_c0_g1	-1.50576064523823	NA	NA
TRINITY_DN11652_c0_g1	0.989654140048653	NA	NA
TRINITY_DN11653_c0_g1	-3.10932778071222	NA	NA
TRINITY_DN11654_c0_g1	0.987845374834718	NA	NA
TRINITY_DN11655_c0_g1	-0.0390861359196027	NA	NA
TRINITY_DN11655_c0_g1	-0.0390861359196027	NA	NA
TRINITY_DN11656_c0_g1	0.39027836106001	NA	NA
TRINITY_DN11657_c0_g1	-1.52237678933332	NA	NA
TRINITY_DN11658_c0_g1	-0.307861948639952	0.999155368198447	NA
TRINITY_DN11659_c0_g1	-2.50207689937557	NA	NA
TRINITY_DN1166_c0_g1	-0.482420626742916	NA	NA
TRINITY_DN1166_c0_g2	-0.608969405293173	NA	NA
TRINITY_DN11660_c0_g1	-4.31793203546627	NA	NA
TRINITY_DN11661_c0_g1	1.07841526087844	NA	NA
TRINITY_DN11662_c0_g1	-1.52237678933332	NA	NA
TRINITY_DN11663_c0_g1	-0.180168967879929	NA	NA
TRINITY_DN11664_c0_g1	2.36094015083339	NA	NA
TRINITY_DN11666_c0_g1	0.753333427123855	0.999155368198447	NA
TRINITY_DN11667_c0_g1	1.13150357091789	NA	NA
TRINITY_DN11669_c0_g1	-0.543530754058056	NA	NA
TRINITY_DN1167_c0_g1	-1.82190707286457	NA	NA
TRINITY_DN11670_c0_g1	1.87862348052378	0.192341653681878	NA
TRINITY_DN11671_c0_g1	-1.42445485508415	NA	NA
TRINITY_DN11672_c0_g1	-2.51352299003754	NA	NA
TRINITY_DN11673_c0_g1	0.239550194364592	0.999155368198447	NA
TRINITY_DN11674_c0_g1	-0.206508163445354	NA	NA
TRINITY_DN11675_c0_g1	-0.156625656303407	0.999155368198447	NA
TRINITY_DN11676_c0_g1	-1.09837629158336	NA	NA
TRINITY_DN11677_c0_g1	-2.34528677621281	NA	NA
TRINITY_DN11678_c0_g1	-0.48959009554644	0.999155368198447	NA
TRINITY_DN11679_c0_g1	-1.45746470731771	NA	NA
TRINITY_DN1168_c0_g1	-2.51176221798256	NA	NA
TRINITY_DN1168_c0_g2	-2.81861098405905	NA	NA
TRINITY_DN11680_c0_g1	-0.927705330687553	NA	NA
TRINITY_DN11681_c0_g1	-1.45746470731771	NA	NA
TRINITY_DN11682_c0_g1	1.71251887484778	NA	NA
TRINITY_DN11684_c0_g1	0.272684770757485	NA	NA
TRINITY_DN11685_c0_g1	0.180504623253838	NA	NA
TRINITY_DN11686_c0_g1	-2.08651123872426	NA	NA
TRINITY_DN11687_c0_g1	2.43689404541938	NA	NA
TRINITY_DN11688_c0_g1	0.37667946854979	0.999155368198447	NA
TRINITY_DN11689_c0_g1	2.34479942720385	NA	NA
TRINITY_DN1169_c0_g1	0.0663056467086662	NA	NA
TRINITY_DN1169_c0_g2	-0.371528780259882	NA	NA
TRINITY_DN11690_c0_g1	0.043912968422073	0.999155368198447	NA
TRINITY_DN11691_c0_g1	0.406934488798629	NA	NA
TRINITY_DN11692_c0_g1	1.1363608237532	NA	NA
TRINITY_DN11693_c0_g1	1.86008621251346	NA	NA
TRINITY_DN11694_c0_g1	-1.44934600010538	NA	NA
TRINITY_DN11695_c0_g1	3.08086146207431	NA	NA
TRINITY_DN11696_c0_g1	0.390281043247879	NA	NA
TRINITY_DN11697_c0_g1	-0.638999343355208	0.999155368198447	NA
TRINITY_DN11698_c0_g1	-1.45746470731771	NA	NA
TRINITY_DN11699_c0_g1	-0.595802018477871	0.999155368198447	NA
TRINITY_DN117_c0_g1	0.17880803506381	0.999155368198447	NA
TRINITY_DN117_c0_g1	0.17880803506381	0.999155368198447	NA
TRINITY_DN117_c0_g1	0.17880803506381	0.999155368198447	NA
TRINITY_DN1170_c0_g1	-5.45374417532454	0.999155368198447	NA
TRINITY_DN1170_c0_g2	-2.54158249550552	NA	NA
TRINITY_DN11700_c0_g1	2.08381707987521	NA	NA
TRINITY_DN11701_c0_g1	-0.520933608508312	NA	NA
TRINITY_DN11702_c0_g1	-1.47658710153965	NA	NA
TRINITY_DN11703_c0_g1	-1.10681031930816	NA	NA
TRINITY_DN11704_c0_g1	0.211242589055515	NA	NA
TRINITY_DN11705_c0_g1	1.81101048823669	NA	NA
TRINITY_DN11706_c0_g1	-0.614569732832339	NA	NA
TRINITY_DN11707_c0_g1	-0.60649794070395	NA	NA
TRINITY_DN11708_c0_g1	1.12954397852154	NA	NA
TRINITY_DN11709_c0_g1	-1.50891617402514	NA	NA
TRINITY_DN1171_c0_g1	-0.942894453113701	NA	NA
TRINITY_DN11710_c0_g1	-0.37473355798687	NA	NA
TRINITY_DN11711_c0_g1	0.405749901807103	0.999155368198447	NA
TRINITY_DN11712_c0_g1	-2.08721848769447	NA	NA
TRINITY_DN11713_c0_g1	1.08707670211143	NA	NA
TRINITY_DN11714_c0_g1	-2.09006774948482	NA	NA
TRINITY_DN11715_c0_g1	-0.401581548912114	0.999155368198447	NA
TRINITY_DN11716_c0_g1	-2.51622417286504	NA	NA
TRINITY_DN11718_c0_g1	1.09818479190964	NA	NA
TRINITY_DN11719_c0_g1	0.437373904112376	NA	NA
TRINITY_DN1172_c0_g1	0.134948055236236	NA	NA
TRINITY_DN1172_c0_g2	1.86008621251346	NA	NA
TRINITY_DN11720_c0_g1	-0.185133893754068	0.999155368198447	NA
TRINITY_DN11721_c0_g1	-0.190512412674017	NA	NA
TRINITY_DN11722_c0_g1	-1.08322485476381	NA	NA
TRINITY_DN11723_c0_g1	0.139243244825258	0.999155368198447	NA
TRINITY_DN11724_c0_g1	2.40586056730216	NA	NA
TRINITY_DN11725_c0_g1	-2.10992534083995	NA	NA
TRINITY_DN11726_c0_g1	-0.861600781995175	NA	NA
TRINITY_DN11727_c0_g1	3.18486576126646	NA	NA
TRINITY_DN11728_c0_g1	1.12977460109392	NA	NA
TRINITY_DN11729_c0_g1	0.41842970022468	NA	NA
TRINITY_DN1173_c0_g1	-1.08846798672371	NA	NA
TRINITY_DN1173_c0_g2	-0.234544019355981	NA	NA
TRINITY_DN11730_c0_g1	-1.45746470731771	NA	NA
TRINITY_DN11731_c0_g1	0.422220792116827	NA	NA
TRINITY_DN11732_c0_g1	0.387286344901895	NA	NA
TRINITY_DN11733_c0_g1	-0.559554467934263	NA	NA
TRINITY_DN11734_c0_g1	0.381131848293111	NA	NA
TRINITY_DN11735_c0_g1	-1.50576064523823	NA	NA
TRINITY_DN11736_c0_g1	1.86008621251346	NA	NA
TRINITY_DN11737_c0_g1	-0.95690641132725	0.999155368198447	NA
TRINITY_DN11739_c0_g1	-2.73502693382069	NA	NA
TRINITY_DN1174_c0_g1	-1.77688330587748	NA	NA
TRINITY_DN11740_c0_g1	2.81738531922282	NA	NA
TRINITY_DN11742_c0_g1	-2.73502693382069	NA	NA
TRINITY_DN11743_c0_g1	0.371537920423476	NA	NA
TRINITY_DN11744_c0_g1	-1.21300914362993	NA	NA
TRINITY_DN11745_c0_g1	-0.58357888558596	NA	NA
TRINITY_DN11746_c0_g1	-2.1403045968231	NA	NA
TRINITY_DN11747_c0_g1	3.44803070365645	NA	NA
TRINITY_DN11748_c0_g1	-0.0525410709233801	0.999155368198447	NA
TRINITY_DN11749_c0_g1	0.297852298249493	0.999155368198447	NA
TRINITY_DN1175_c0_g1	2.01021817453358	NA	NA
TRINITY_DN11750_c0_g1	-1.35542554292682	NA	NA
TRINITY_DN11751_c0_g1	0.710657252833782	0.999155368198447	NA
TRINITY_DN11752_c0_g1	-0.485665882288853	NA	NA
TRINITY_DN11753_c0_g1	1.61211733314996	0.999155368198447	NA
TRINITY_DN11754_c0_g1	-0.181995351033939	NA	NA
TRINITY_DN11755_c0_g1	-1.2698892686588	0.999155368198447	NA
TRINITY_DN11757_c0_g1	1.1391814044073	NA	NA
TRINITY_DN11758_c0_g1	-0.179180884142288	NA	NA
TRINITY_DN11759_c0_g1	-0.518199688261483	NA	NA
TRINITY_DN1176_c0_g1	-3.94764844583124	NA	NA
TRINITY_DN1176_c0_g2	-2.84174380701104	NA	NA
TRINITY_DN11760_c0_g1	-3.2170661051736	NA	NA
TRINITY_DN11761_c0_g1	1.69162983442025	NA	NA
TRINITY_DN11762_c0_g1	0.396483942776429	NA	NA
TRINITY_DN11764_c0_g1	-2.11110688263552	NA	NA
TRINITY_DN11765_c0_g1	-1.03902264728224	NA	NA
TRINITY_DN11766_c0_g1	-0.832104465250759	NA	NA
TRINITY_DN11767_c0_g1	-1.51408937232975	NA	NA
TRINITY_DN11768_c0_g1	-0.462337010634249	NA	NA
TRINITY_DN11769_c0_g1	2.39439602029138	NA	NA
TRINITY_DN1177_c0_g1	2.44725580814198	NA	NA
TRINITY_DN11770_c0_g1	1.39213959729434	NA	NA
TRINITY_DN11771_c0_g1	0.992482727755169	NA	NA
TRINITY_DN11772_c0_g1	-1.4938801939853	NA	NA
TRINITY_DN11773_c0_g1	1.75670053818643	NA	NA
TRINITY_DN11774_c0_g1	-0.158187698965246	NA	NA
TRINITY_DN11775_c0_g1	1.07471141476807	NA	NA
TRINITY_DN11776_c0_g1	-0.200609439692555	NA	NA
TRINITY_DN11777_c0_g1	-0.610206337878166	NA	NA
TRINITY_DN11778_c0_g1	-0.322865650906813	NA	NA
TRINITY_DN11779_c0_g1	1.11594890533445	NA	NA
TRINITY_DN1178_c0_g1	2.1939632611638	NA	NA
TRINITY_DN1178_c0_g2	-0.34335973737305	NA	NA
TRINITY_DN11780_c0_g1	0.979801752192414	NA	NA
TRINITY_DN11781_c0_g1	2.12724926757369	NA	NA
TRINITY_DN11782_c0_g1	1.86008621251346	NA	NA
TRINITY_DN11784_c0_g1	3.68758977120051	NA	NA
TRINITY_DN11785_c0_g1	1.11306205353503	NA	NA
TRINITY_DN11786_c0_g1	0.964339889760014	NA	NA
TRINITY_DN11787_c0_g1	-1.47051529064176	NA	NA
TRINITY_DN11788_c0_g1	1.38257637176649	NA	NA
TRINITY_DN11789_c0_g1	1.86008621251346	NA	NA
TRINITY_DN1179_c0_g1	-3.25536535206947	NA	NA
TRINITY_DN11790_c0_g1	-1.45746470731771	NA	NA
TRINITY_DN11791_c0_g1	0.397970389279609	NA	NA
TRINITY_DN11793_c0_g1	2.83297913028193	NA	NA
TRINITY_DN11794_c0_g1	-1.54587898961021	NA	NA
TRINITY_DN11795_c0_g1	-1.83395646804442	0.999155368198447	NA
TRINITY_DN11796_c0_g1	-1.52237678933332	NA	NA
TRINITY_DN11797_c0_g1	1.10158201656877	NA	NA
TRINITY_DN11798_c0_g1	-0.0341474858639099	NA	NA
TRINITY_DN11799_c0_g1	-0.61435237385966	NA	NA
TRINITY_DN118_c0_g1	-0.0663882658715441	0.999155368198447	NA
TRINITY_DN118_c0_g1	-0.0663882658715441	0.999155368198447	NA
TRINITY_DN1180_c0_g1	-1.52237678933332	NA	NA
TRINITY_DN1180_c0_g2	0.385965185153191	NA	NA
TRINITY_DN11800_c0_g1	1.14207960706356	NA	NA
TRINITY_DN11801_c0_g1	0.815958353353347	NA	NA
TRINITY_DN11802_c0_g1	1.12535025643431	NA	NA
TRINITY_DN11803_c0_g1	0.827493502221014	NA	NA
TRINITY_DN11804_c0_g1	-2.32676459652456	NA	NA
TRINITY_DN11805_c0_g1	1.21640525733797	NA	NA
TRINITY_DN11806_c0_g1	-1.99987284096263	NA	NA
TRINITY_DN11807_c0_g1	2.44725580814198	NA	NA
TRINITY_DN11808_c0_g1	0.973710571052588	NA	NA
TRINITY_DN11809_c0_g1	0.596228336137161	NA	NA
TRINITY_DN1181_c0_g1	0.800030248218487	NA	NA
TRINITY_DN11810_c0_g1	-1.42269043734668	NA	NA
TRINITY_DN11811_c0_g1	1.07471381878293	NA	NA
TRINITY_DN11812_c0_g1	0.416873534838684	NA	NA
TRINITY_DN11813_c0_g1	1.69088668831375	NA	NA
TRINITY_DN11814_c0_g1	-2.33016237153461	NA	NA
TRINITY_DN11815_c0_g1	-2.52082669188455	NA	NA
TRINITY_DN11816_c0_g1	2.86279211382665	NA	NA
TRINITY_DN11817_c0_g1	-0.51852207214365	NA	NA
TRINITY_DN11818_c0_g1	1.13086989141483	NA	NA
TRINITY_DN11819_c0_g1	-2.18264514653979	NA	NA
TRINITY_DN1182_c0_g1	-1.84539937176291	NA	NA
TRINITY_DN11822_c0_g1	-0.52396632698944	NA	NA
TRINITY_DN11823_c0_g1	0.388540705711426	0.999155368198447	NA
TRINITY_DN11823_c0_g1	0.388540705711426	0.999155368198447	NA
TRINITY_DN11824_c0_g1	-2.08134676973634	NA	NA
TRINITY_DN11825_c0_g1	2.44725580814198	NA	NA
TRINITY_DN11826_c0_g1	0.363232903078246	NA	NA
TRINITY_DN11828_c0_g1	-0.722004368985518	0.999155368198447	NA
TRINITY_DN11829_c0_g1	1.1808914942081	NA	NA
TRINITY_DN1183_c0_g1	-2.13670878420143	NA	NA
TRINITY_DN1183_c0_g2	-0.320920464464775	0.999155368198447	NA
TRINITY_DN11830_c0_g1	-1.35140996583234	NA	NA
TRINITY_DN11831_c0_g1	-0.537935546398677	NA	NA
TRINITY_DN11832_c0_g1	-2.8637419385562	NA	NA
TRINITY_DN11833_c0_g1	-1.09388360490643	NA	NA
TRINITY_DN11834_c0_g1	1.58843758068937	NA	NA
TRINITY_DN11835_c0_g1	-0.338207072512927	0.999155368198447	NA
TRINITY_DN11836_c0_g1	-2.08464268383059	NA	NA
TRINITY_DN11837_c0_g1	-2.45654802669522	NA	NA
TRINITY_DN11838_c0_g1	2.77181273323148	NA	NA
TRINITY_DN11839_c0_g1	-3.51338399322249	NA	NA
TRINITY_DN1184_c0_g1	1.35114225028255	NA	NA
TRINITY_DN11840_c0_g1	0.575945135599542	NA	NA
TRINITY_DN11841_c0_g1	-1.51408937232975	NA	NA
TRINITY_DN11842_c0_g1	2.39125941600783	NA	NA
TRINITY_DN11843_c0_g1	1.2790826925476	NA	NA
TRINITY_DN11844_c0_g1	-0.242732396984155	0.999155368198447	NA
TRINITY_DN11845_c0_g1	1.66501785695417	NA	NA
TRINITY_DN11846_c0_g1	-1.47382098829169	NA	NA
TRINITY_DN11847_c0_g1	2.42391465131061	NA	NA
TRINITY_DN11848_c0_g1	2.10570188672186	NA	NA
TRINITY_DN11849_c0_g1	-2.09302402147116	NA	NA
TRINITY_DN1185_c0_g2	-0.178185770181093	0.999155368198447	NA
TRINITY_DN11850_c0_g1	-0.780967113507604	NA	NA
TRINITY_DN11851_c0_g1	0.114844120522878	NA	NA
TRINITY_DN11851_c0_g1	0.114844120522878	NA	NA
TRINITY_DN11852_c0_g1	-0.506286317760296	NA	NA
TRINITY_DN11853_c0_g1	-0.468624177265028	NA	NA
TRINITY_DN11854_c0_g1	1.98951173722287	NA	NA
TRINITY_DN11855_c0_g1	-0.597790037867885	NA	NA
TRINITY_DN11857_c0_g1	1.35234853604173	NA	NA
TRINITY_DN11858_c0_g1	2.41686387521887	NA	NA
TRINITY_DN11859_c0_g1	-0.693148838058997	0.999155368198447	NA
TRINITY_DN1186_c0_g1	0.18396613241967	NA	NA
TRINITY_DN1186_c0_g1	0.18396613241967	NA	NA
TRINITY_DN11860_c0_g1	-0.495765128822965	0.999155368198447	NA
TRINITY_DN11861_c0_g1	-1.08705128549429	NA	NA
TRINITY_DN11862_c0_g1	-0.556983151617589	NA	NA
TRINITY_DN11863_c0_g1	0.364928234789	NA	NA
TRINITY_DN11865_c0_g1	-3.31037415818603	NA	NA
TRINITY_DN11866_c0_g1	2.39964020596127	NA	NA
TRINITY_DN11867_c0_g1	-2.90928779244018	0.999155368198447	NA
TRINITY_DN11867_c0_g1	-2.90928779244018	0.999155368198447	NA
TRINITY_DN11868_c0_g1	-1.07373983173962	NA	NA
TRINITY_DN11869_c0_g1	-1.09628561393359	NA	NA
TRINITY_DN1187_c0_g1	0.232459307127038	NA	NA
TRINITY_DN1187_c0_g1	0.232459307127038	NA	NA
TRINITY_DN11870_c0_g1	-2.04983048920707	NA	NA
TRINITY_DN11871_c0_g1	1.59769824068997	NA	NA
TRINITY_DN11872_c0_g1	-0.262444599098491	NA	NA
TRINITY_DN11875_c0_g1	-2.79525122497736	NA	NA
TRINITY_DN11877_c0_g1	0.432950921387449	NA	NA
TRINITY_DN11878_c0_g1	1.02718075442875	NA	NA
TRINITY_DN11879_c0_g1	-0.616392101449569	0.999155368198447	NA
TRINITY_DN11879_c0_g1	-0.616392101449569	0.999155368198447	NA
TRINITY_DN1188_c0_g1	-0.372671816575199	NA	NA
TRINITY_DN11880_c0_g1	-3.29973386474915	NA	NA
TRINITY_DN11881_c0_g1	-2.09302402147116	NA	NA
TRINITY_DN11882_c0_g1	1.80950231271155	NA	NA
TRINITY_DN11883_c0_g1	-0.600374600017366	NA	NA
TRINITY_DN11884_c0_g1	-1.45746470731771	NA	NA
TRINITY_DN11885_c0_g1	-1.51408937232975	NA	NA
TRINITY_DN11886_c0_g1	0.398545716445247	NA	NA
TRINITY_DN11887_c0_g1	1.86008621251346	NA	NA
TRINITY_DN11888_c0_g1	-4.34092966546324	0.542657103796685	NA
TRINITY_DN11889_c0_g1	0.0106389321259662	0.999155368198447	NA
TRINITY_DN1189_c0_g1	-1.21386209513633	NA	NA
TRINITY_DN1189_c0_g2	-1.76012075865204	NA	NA
TRINITY_DN1189_c0_g3	-0.174439970705919	NA	NA
TRINITY_DN11890_c0_g1	-1.02503645564909	NA	NA
TRINITY_DN11891_c0_g1	-1.0163540704154	NA	NA
TRINITY_DN11892_c0_g1	3.10295807008925	NA	NA
TRINITY_DN11893_c0_g1	-1.79316003050192	NA	NA
TRINITY_DN11894_c0_g1	-1.46141480656121	NA	NA
TRINITY_DN11895_c0_g1	-1.51284396549415	NA	NA
TRINITY_DN11896_c0_g1	0.345223639940548	NA	NA
TRINITY_DN11898_c0_g1	0.130240905128418	0.999155368198447	NA
TRINITY_DN11899_c0_g1	-1.17708068423851	NA	NA
TRINITY_DN119_c0_g1	-0.140636109343516	0.999155368198447	NA
TRINITY_DN119_c0_g1	-0.140636109343516	0.999155368198447	NA
TRINITY_DN119_c0_g1	-0.140636109343516	0.999155368198447	NA
TRINITY_DN119_c0_g1	-0.140636109343516	0.999155368198447	NA
TRINITY_DN119_c0_g1	-0.140636109343516	0.999155368198447	NA
TRINITY_DN119_c0_g1	-0.140636109343516	0.999155368198447	NA
TRINITY_DN119_c0_g2	1.81097764062413	NA	NA
TRINITY_DN1190_c0_g1	1.11438640287732	0.999155368198447	NA
TRINITY_DN11900_c0_g1	0.822934780192878	NA	NA
TRINITY_DN11901_c0_g1	1.12316931969816	NA	NA
TRINITY_DN11902_c0_g1	-1.52502467016843	NA	NA
TRINITY_DN11903_c0_g1	0.910001531588465	NA	NA
TRINITY_DN11904_c0_g1	1.06480982375045	0.999155368198447	NA
TRINITY_DN11906_c0_g1	-1.51408937232975	NA	NA
TRINITY_DN11907_c0_g1	-2.81998180940727	NA	NA
TRINITY_DN11908_c0_g1	-0.764479451145114	NA	NA
TRINITY_DN11909_c0_g1	2.44725580814198	NA	NA
TRINITY_DN1191_c0_g1	0.185143462863627	NA	NA
TRINITY_DN1191_c0_g2	0.378848894908564	NA	NA
TRINITY_DN11910_c0_g1	3.67053816887466	NA	NA
TRINITY_DN11911_c0_g1	0.398409793995636	NA	NA
TRINITY_DN11912_c0_g1	2.75905656485706	NA	NA
TRINITY_DN11914_c0_g1	1.13157071552139	NA	NA
TRINITY_DN11915_c0_g1	-0.944085732120304	NA	NA
TRINITY_DN11916_c0_g1	-1.11483790984065	NA	NA
TRINITY_DN11917_c0_g1	-2.50829056031268	NA	NA
TRINITY_DN11918_c0_g1	2.39439602029138	NA	NA
TRINITY_DN11919_c0_g1	-0.153201618403293	NA	NA
TRINITY_DN1192_c0_g1	-0.196547099226873	NA	NA
TRINITY_DN11920_c0_g1	-0.919931829834438	NA	NA
TRINITY_DN11921_c0_g1	-2.84747955078611	NA	NA
TRINITY_DN11922_c0_g1	-0.0626184174003845	NA	NA
TRINITY_DN11923_c0_g1	2.12678374773411	NA	NA
TRINITY_DN11924_c0_g1	1.70971103216933	NA	NA
TRINITY_DN11925_c0_g1	-1.51408937232975	NA	NA
TRINITY_DN11927_c0_g1	-0.768614095511196	NA	NA
TRINITY_DN11928_c0_g1	-0.618082807105763	NA	NA
TRINITY_DN11929_c0_g1	1.1301349296424	NA	NA
TRINITY_DN1193_c0_g1	1.64251017822962	0.979696956929915	NA
TRINITY_DN11930_c0_g1	1.76208259853803	NA	NA
TRINITY_DN11931_c0_g1	1.71109960268692	NA	NA
TRINITY_DN11932_c0_g1	-1.50576064523823	NA	NA
TRINITY_DN11933_c0_g1	-2.80341588322836	NA	NA
TRINITY_DN11934_c0_g1	-1.53190653109053	NA	NA
TRINITY_DN11935_c0_g1	0.326947698669872	0.999155368198447	NA
TRINITY_DN11935_c0_g1	0.326947698669872	0.999155368198447	NA
TRINITY_DN11935_c0_g1	0.326947698669872	0.999155368198447	NA
TRINITY_DN11936_c0_g1	1.76208259853803	NA	NA
TRINITY_DN11937_c0_g1	1.25627969124678	NA	NA
TRINITY_DN11938_c0_g1	-1.71719781554042	NA	NA
TRINITY_DN11939_c0_g1	-0.0103087577741166	NA	NA
TRINITY_DN1194_c0_g1	-0.932691605027411	NA	NA
TRINITY_DN1194_c0_g2	-0.566419382212252	NA	NA
TRINITY_DN11941_c0_g1	3.15945102472357	NA	NA
TRINITY_DN11942_c0_g1	-1.12769270599792	NA	NA
TRINITY_DN11943_c0_g1	-0.424172172203233	NA	NA
TRINITY_DN11944_c0_g1	2.81106770877883	NA	NA
TRINITY_DN11945_c0_g1	-1.60561396652671	NA	NA
TRINITY_DN11947_c0_g1	0.480554605785233	0.999155368198447	NA
TRINITY_DN11948_c0_g1	-1.60663371966729	NA	NA
TRINITY_DN11949_c0_g1	-1.08111763419674	NA	NA
TRINITY_DN1195_c0_g1	-1.53401949039125	NA	NA
TRINITY_DN1195_c0_g2	0.637654087588108	NA	NA
TRINITY_DN11950_c0_g1	2.40471512495763	NA	NA
TRINITY_DN11951_c0_g1	-0.529660582680085	NA	NA
TRINITY_DN11953_c0_g1	2.39439602029138	NA	NA
TRINITY_DN11954_c0_g1	0.186519451777145	NA	NA
TRINITY_DN11955_c0_g1	-0.519517546850363	NA	NA
TRINITY_DN11956_c0_g1	2.44969786521471	NA	NA
TRINITY_DN11957_c0_g1	-0.444748118340704	NA	NA
TRINITY_DN11958_c0_g1	1.96180965761204	NA	NA
TRINITY_DN11959_c0_g1	-1.49728811892849	NA	NA
TRINITY_DN1196_c0_g1	0.12738694372669	0.999155368198447	NA
TRINITY_DN11960_c0_g1	3.62203659102441	NA	NA
TRINITY_DN11961_c0_g1	-0.328616683509279	NA	NA
TRINITY_DN11962_c0_g1	-1.99987284096263	NA	NA
TRINITY_DN11963_c0_g1	-1.59981910178371	NA	NA
TRINITY_DN11964_c0_g1	-0.413510063408181	NA	NA
TRINITY_DN11965_c0_g1	-1.84887559311086	0.999155368198447	NA
TRINITY_DN11967_c0_g1	1.22195876197456	NA	NA
TRINITY_DN11969_c0_g1	0.117670049576224	0.999155368198447	NA
TRINITY_DN1197_c0_g1	0.0203428422113559	NA	NA
TRINITY_DN1197_c0_g2	-2.54158249550552	NA	NA
TRINITY_DN11970_c0_g1	0.975504364638424	NA	NA
TRINITY_DN11971_c0_g1	2.37708121273557	NA	NA
TRINITY_DN11972_c0_g1	-2.09302402147116	NA	NA
TRINITY_DN11974_c0_g1	-1.04662051200454	NA	NA
TRINITY_DN11975_c0_g1	-0.207954062619753	NA	NA
TRINITY_DN11976_c0_g1	-0.205262299978594	NA	NA
TRINITY_DN11977_c0_g1	-1.8018205523315	NA	NA
TRINITY_DN11978_c0_g1	0.130289823129932	0.999155368198447	NA
TRINITY_DN11979_c0_g1	-0.526284436665134	NA	NA
TRINITY_DN1198_c0_g1	0.487137124368552	0.999155368198447	NA
TRINITY_DN11980_c0_g1	-0.528786742537119	NA	NA
TRINITY_DN11981_c0_g1	-0.122693922874463	NA	NA
TRINITY_DN11982_c0_g1	1.12288118694474	NA	NA
TRINITY_DN11983_c0_g1	0.985750889084771	NA	NA
TRINITY_DN11984_c0_g1	1.43168842207456	NA	NA
TRINITY_DN11985_c0_g1	2.44725580814198	NA	NA
TRINITY_DN11986_c0_g1	-1.80084264597015	NA	NA
TRINITY_DN11987_c0_g1	-1.34750330702928	0.999155368198447	NA
TRINITY_DN11988_c0_g1	-0.365935137181379	NA	NA
TRINITY_DN11989_c0_g1	-1.17759408036617	NA	NA
TRINITY_DN1199_c0_g1	-2.30988184525142	NA	NA
TRINITY_DN1199_c0_g2	2.86059016469567	NA	NA
TRINITY_DN11991_c0_g1	-2.07124186293529	NA	NA
TRINITY_DN11992_c0_g1	-1.50576064523823	NA	NA
TRINITY_DN11993_c0_g1	-1.21598501572848	NA	NA
TRINITY_DN11996_c0_g1	-0.052790494618534	0.999155368198447	NA
TRINITY_DN11997_c0_g1	-0.520224431630291	NA	NA
TRINITY_DN11998_c0_g1	0.798799352056975	NA	NA
TRINITY_DN11999_c0_g1	2.86279211382665	NA	NA
TRINITY_DN12_c0_g1	0.807498627920356	0.999155368198447	NA
TRINITY_DN12_c0_g1	0.807498627920356	0.999155368198447	NA
TRINITY_DN12_c0_g1	0.807498627920356	0.999155368198447	NA
TRINITY_DN12_c0_g1	0.807498627920356	0.999155368198447	NA
TRINITY_DN12_c0_g1	0.807498627920356	0.999155368198447	NA
TRINITY_DN12_c0_g1	0.807498627920356	0.999155368198447	NA
TRINITY_DN12_c0_g1	0.807498627920356	0.999155368198447	NA
TRINITY_DN12_c0_g1	0.807498627920356	0.999155368198447	NA
TRINITY_DN12_c0_g1	0.807498627920356	0.999155368198447	NA
TRINITY_DN12_c0_g1	0.807498627920356	0.999155368198447	NA
TRINITY_DN12_c0_g1	0.807498627920356	0.999155368198447	NA
TRINITY_DN12_c0_g1	0.807498627920356	0.999155368198447	NA
TRINITY_DN12_c0_g1	0.807498627920356	0.999155368198447	NA
TRINITY_DN12_c0_g1	0.807498627920356	0.999155368198447	NA
TRINITY_DN12_c0_g1	0.807498627920356	0.999155368198447	NA
TRINITY_DN12_c0_g1	0.807498627920356	0.999155368198447	NA
TRINITY_DN12_c0_g1	0.807498627920356	0.999155368198447	NA
TRINITY_DN12_c0_g1	0.807498627920356	0.999155368198447	NA
TRINITY_DN12_c0_g1	0.807498627920356	0.999155368198447	NA
TRINITY_DN120_c0_g1	-0.0548957156516841	NA	NA
TRINITY_DN120_c0_g2	-0.0388773242724795	0.999155368198447	NA
TRINITY_DN120_c0_g2	-0.0388773242724795	0.999155368198447	NA
TRINITY_DN120_c0_g2	-0.0388773242724795	0.999155368198447	NA
TRINITY_DN120_c0_g2	-0.0388773242724795	0.999155368198447	NA
TRINITY_DN120_c0_g2	-0.0388773242724795	0.999155368198447	NA
TRINITY_DN120_c0_g2	-0.0388773242724795	0.999155368198447	NA
TRINITY_DN1200_c0_g1	2.75905656485706	NA	NA
TRINITY_DN1200_c0_g2	-0.215918409139368	NA	NA
TRINITY_DN12000_c0_g1	1.81099853152789	NA	NA
TRINITY_DN12001_c0_g1	1.09602064238908	NA	NA
TRINITY_DN12002_c0_g1	2.45064679348961	NA	NA
TRINITY_DN12003_c0_g1	-0.812746543260898	NA	NA
TRINITY_DN12003_c0_g1	-0.812746543260898	NA	NA
TRINITY_DN12004_c0_g1	-2.02530236106372	NA	NA
TRINITY_DN12005_c0_g1	2.44867393873407	NA	NA
TRINITY_DN12006_c0_g1	1.79351662077563	NA	NA
TRINITY_DN12008_c0_g1	1.80950231271155	NA	NA
TRINITY_DN12009_c0_g1	-0.153450296940732	NA	NA
TRINITY_DN1201_c0_g1	0.810635129763946	0.999155368198447	NA
TRINITY_DN1201_c0_g1	0.810635129763946	0.999155368198447	NA
TRINITY_DN1201_c0_g1	0.810635129763946	0.999155368198447	NA
TRINITY_DN12010_c0_g1	0.00824536544306007	NA	NA
TRINITY_DN12011_c0_g1	-0.854259022201519	NA	NA
TRINITY_DN12012_c0_g1	-3.51567351489077	NA	NA
TRINITY_DN12013_c0_g1	0.142839208301821	NA	NA
TRINITY_DN12014_c0_g1	-2.45650010743329	NA	NA
TRINITY_DN12015_c0_g1	-2.07226826709904	NA	NA
TRINITY_DN12017_c0_g1	1.40044376114274	NA	NA
TRINITY_DN12018_c0_g1	0.194885832252941	NA	NA
TRINITY_DN12019_c0_g1	0.395414117528295	NA	NA
TRINITY_DN1202_c0_g1	0.400130956737783	NA	NA
TRINITY_DN12020_c0_g1	-2.0310490655299	NA	NA
TRINITY_DN12021_c0_g1	-0.168194658265944	NA	NA
TRINITY_DN12022_c0_g1	1.95309108527643	NA	NA
TRINITY_DN12023_c0_g1	-2.09376058614745	NA	NA
TRINITY_DN12024_c0_g1	-0.578898362250409	NA	NA
TRINITY_DN12025_c0_g1	-1.1220955406142	NA	NA
TRINITY_DN12026_c0_g1	-0.525274182154942	NA	NA
TRINITY_DN12027_c0_g1	-1.99987284096263	NA	NA
TRINITY_DN12028_c0_g1	2.42419177383658	NA	NA
TRINITY_DN12029_c0_g1	-1.45746470731771	NA	NA
TRINITY_DN1203_c0_g1	3.13134408283979	NA	NA
TRINITY_DN12030_c0_g1	-0.498075058784354	NA	NA
TRINITY_DN12031_c0_g1	0.390730164705232	NA	NA
TRINITY_DN12032_c0_g1	-1.52237678933332	NA	NA
TRINITY_DN12033_c0_g1	2.1106298023921	NA	NA
TRINITY_DN12034_c0_g1	0.427210515461571	NA	NA
TRINITY_DN12035_c0_g1	0.528894226737224	0.999155368198447	NA
TRINITY_DN12037_c0_g1	2.14480352066506	NA	NA
TRINITY_DN12038_c0_g1	-2.0264282121039	NA	NA
TRINITY_DN12039_c0_g1	-0.514912567715638	NA	NA
TRINITY_DN1204_c0_g1	-0.0530351094207922	NA	NA
TRINITY_DN1204_c0_g2	-1.03080415455283	NA	NA
TRINITY_DN1204_c0_g3	0.702449724384811	NA	NA
TRINITY_DN12040_c0_g1	1.38154253029782	NA	NA
TRINITY_DN12041_c0_g1	-1.04622978528122	0.999155368198447	NA
TRINITY_DN12042_c0_g1	-0.530339964602726	NA	NA
TRINITY_DN12043_c0_g1	2.40049502699776	NA	NA
TRINITY_DN12044_c0_g1	1.08152724446493	NA	NA
TRINITY_DN12045_c0_g1	0.282530909362958	0.999155368198447	NA
TRINITY_DN12047_c0_g1	-3.09040232423279	NA	NA
TRINITY_DN12048_c0_g1	-2.30348900133529	NA	NA
TRINITY_DN12049_c0_g1	0.425824743215411	NA	NA
TRINITY_DN1205_c0_g1	-3.48249239763966	NA	NA
TRINITY_DN1205_c0_g2	0.126347122817399	NA	NA
TRINITY_DN12050_c0_g1	1.6897731249529	NA	NA
TRINITY_DN12051_c0_g1	1.69363593127676	NA	NA
TRINITY_DN12052_c0_g1	-0.569626514273658	NA	NA
TRINITY_DN12054_c0_g1	-1.51408937232975	NA	NA
TRINITY_DN12055_c0_g1	1.0704330189803	NA	NA
TRINITY_DN12056_c0_g1	0.615831672513096	0.999155368198447	NA
TRINITY_DN12057_c0_g1	-1.01484954114167	NA	NA
TRINITY_DN12058_c0_g1	2.39551276475107	NA	NA
TRINITY_DN12059_c0_g1	-0.197957083375506	NA	NA
TRINITY_DN1206_c0_g1	1.90746998331733	NA	NA
TRINITY_DN1206_c0_g1	1.90746998331733	NA	NA
TRINITY_DN1206_c0_g2	-1.19981411310662	NA	NA
TRINITY_DN1206_c1_g1	-2.54158249550552	NA	NA
TRINITY_DN12060_c0_g1	2.34479942720385	NA	NA
TRINITY_DN12061_c0_g1	-1.57762792918683	NA	NA
TRINITY_DN12062_c0_g1	3.34378186080414	NA	NA
TRINITY_DN12063_c0_g1	-2.06497595603697	NA	NA
TRINITY_DN12064_c0_g1	-1.5653232735374	NA	NA
TRINITY_DN12065_c0_g1	1.13796725544853	NA	NA
TRINITY_DN12066_c0_g1	-0.913165123074966	NA	NA
TRINITY_DN12067_c0_g1	0.396130542328371	NA	NA
TRINITY_DN12068_c0_g1	-0.0201682416659869	NA	NA
TRINITY_DN1207_c0_g1	3.4206772823524	NA	NA
TRINITY_DN12071_c0_g1	0.390765231014057	NA	NA
TRINITY_DN12072_c0_g1	-2.3277914608491	0.929134906814325	NA
TRINITY_DN12074_c0_g1	1.94815118365462	NA	NA
TRINITY_DN12075_c0_g1	1.76208259853803	NA	NA
TRINITY_DN12076_c0_g1	0.415624769163976	NA	NA
TRINITY_DN12077_c0_g1	1.09698032223765	NA	NA
TRINITY_DN12078_c0_g1	-0.588718363692783	NA	NA
TRINITY_DN12079_c0_g1	-0.510067652247558	0.999155368198447	NA
TRINITY_DN1208_c0_g1	1.27753199519013	NA	NA
TRINITY_DN1208_c0_g1	1.27753199519013	NA	NA
TRINITY_DN1208_c0_g2	-0.600575257818337	NA	NA
TRINITY_DN12080_c0_g1	-1.45746470731771	NA	NA
TRINITY_DN12081_c0_g1	-1.52237678933332	NA	NA
TRINITY_DN12082_c0_g1	-2.80596185807298	NA	NA
TRINITY_DN12084_c0_g1	-2.54158249550552	NA	NA
TRINITY_DN12085_c0_g1	-1.11781960028602	NA	NA
TRINITY_DN12086_c0_g1	0.227445199154698	NA	NA
TRINITY_DN12087_c0_g1	0.18636684252648	NA	NA
TRINITY_DN12088_c0_g1	1.71961390632348	NA	NA
TRINITY_DN12089_c0_g1	0.201158619082762	NA	NA
TRINITY_DN1209_c0_g1	-0.0574319492990929	0.999155368198447	NA
TRINITY_DN12090_c0_g1	2.13051089107891	NA	NA
TRINITY_DN12091_c0_g1	-1.52237678933332	NA	NA
TRINITY_DN12092_c0_g1	-1.51408937232975	NA	NA
TRINITY_DN12093_c0_g1	-2.06499424021159	NA	NA
TRINITY_DN12094_c0_g1	0.392747018586729	NA	NA
TRINITY_DN12095_c0_g1	1.24280021360265	NA	NA
TRINITY_DN12096_c0_g1	2.44725580814198	NA	NA
TRINITY_DN12097_c0_g1	-1.54584773035565	NA	NA
TRINITY_DN12098_c0_g1	2.44725580814198	NA	NA
TRINITY_DN12099_c0_g1	1.71392702929614	NA	NA
TRINITY_DN121_c0_g1	-2.55348218897747	0.589001007654206	NA
TRINITY_DN121_c0_g1	-2.55348218897747	0.589001007654206	NA
TRINITY_DN121_c0_g1	-2.55348218897747	0.589001007654206	NA
TRINITY_DN121_c0_g1	-2.55348218897747	0.589001007654206	NA
TRINITY_DN121_c0_g1	-2.55348218897747	0.589001007654206	NA
TRINITY_DN121_c0_g1	-2.55348218897747	0.589001007654206	NA
TRINITY_DN121_c0_g1	-2.55348218897747	0.589001007654206	NA
TRINITY_DN121_c0_g1	-2.55348218897747	0.589001007654206	NA
TRINITY_DN121_c0_g1	-2.55348218897747	0.589001007654206	NA
TRINITY_DN121_c0_g1	-2.55348218897747	0.589001007654206	NA
TRINITY_DN121_c0_g1	-2.55348218897747	0.589001007654206	NA
TRINITY_DN121_c0_g1	-2.55348218897747	0.589001007654206	NA
TRINITY_DN121_c0_g2	-1.08715825737101	0.999155368198447	NA
TRINITY_DN1210_c0_g1	3.43260086616335	NA	NA
TRINITY_DN1210_c0_g2	2.39964901053248	NA	NA
TRINITY_DN12100_c0_g1	1.78592050000528	NA	NA
TRINITY_DN12101_c0_g1	2.86279211382665	NA	NA
TRINITY_DN12102_c0_g1	-0.4449282091845	NA	NA
TRINITY_DN12103_c0_g1	1.7156663495008	NA	NA
TRINITY_DN12104_c0_g1	0.400345940613877	NA	NA
TRINITY_DN12105_c0_g1	-2.51417236187853	NA	NA
TRINITY_DN12107_c0_g1	-0.608371216611906	NA	NA
TRINITY_DN12108_c0_g1	-0.964426739646263	NA	NA
TRINITY_DN12108_c0_g1	-0.964426739646263	NA	NA
TRINITY_DN12109_c0_g1	0.621634173128081	NA	NA
TRINITY_DN1211_c0_g1	-0.126729993246927	0.999155368198447	NA
TRINITY_DN12111_c0_g1	-2.79852695007178	NA	NA
TRINITY_DN12112_c0_g1	1.09600035866619	NA	NA
TRINITY_DN12113_c0_g1	1.69130591886424	NA	NA
TRINITY_DN12114_c0_g1	0.984340753739429	NA	NA
TRINITY_DN12115_c0_g1	-2.50776249664057	NA	NA
TRINITY_DN12116_c0_g1	1.86008621251346	NA	NA
TRINITY_DN12117_c0_g1	1.72641117534515	NA	NA
TRINITY_DN12118_c0_g1	-0.615717030085314	NA	NA
TRINITY_DN12119_c0_g1	-0.29415431046485	NA	NA
TRINITY_DN1212_c0_g1	-3.06875072689579	NA	NA
TRINITY_DN1212_c0_g2	0.423548666577391	NA	NA
TRINITY_DN1212_c0_g3	0.91450109249574	NA	NA
TRINITY_DN12120_c0_g1	1.13160780902776	NA	NA
TRINITY_DN12121_c0_g1	0.418617732573237	NA	NA
TRINITY_DN12122_c0_g1	0.634814638909103	NA	NA
TRINITY_DN12123_c0_g1	0.404032111159995	NA	NA
TRINITY_DN12124_c0_g1	0.24074996890528	NA	NA
TRINITY_DN12125_c0_g1	-3.78204212115146	NA	NA
TRINITY_DN12126_c0_g1	-2.4964636238478	NA	NA
TRINITY_DN12127_c0_g1	-0.0294255556701207	0.999155368198447	NA
TRINITY_DN12128_c0_g1	0.0550320701370947	0.999155368198447	NA
TRINITY_DN12129_c0_g1	-2.49646362384781	NA	NA
TRINITY_DN1213_c0_g1	2.42773453806069	NA	NA
TRINITY_DN12130_c0_g1	0.780169833266767	NA	NA
TRINITY_DN12131_c0_g1	0.403556350685612	NA	NA
TRINITY_DN12132_c0_g1	1.67850028658476	NA	NA
TRINITY_DN12134_c0_g1	2.38979353794114	NA	NA
TRINITY_DN12135_c0_g1	1.13749896949552	NA	NA
TRINITY_DN12136_c0_g1	-1.63143641735116	0.999155368198447	NA
TRINITY_DN12137_c0_g1	-2.10764498189388	NA	NA
TRINITY_DN12138_c0_g1	-4.20110796778862	NA	NA
TRINITY_DN12139_c0_g1	-1.48062545170761	NA	NA
TRINITY_DN1214_c0_g1	0.658326064513648	0.999155368198447	NA
TRINITY_DN12140_c0_g1	0.41993546647342	NA	NA
TRINITY_DN12141_c0_g1	2.53954137071453	NA	NA
TRINITY_DN12142_c0_g1	-0.560766315615983	NA	NA
TRINITY_DN12143_c0_g1	-0.559973295906783	NA	NA
TRINITY_DN12145_c0_g1	1.0384031292955	NA	NA
TRINITY_DN12145_c0_g1	1.0384031292955	NA	NA
TRINITY_DN12146_c0_g1	-2.50207763100146	NA	NA
TRINITY_DN12147_c0_g1	2.52297859847737	NA	NA
TRINITY_DN12148_c0_g1	1.09754826442071	NA	NA
TRINITY_DN1215_c0_g1	-0.621634648056121	NA	NA
TRINITY_DN12150_c0_g1	-1.50576064523823	NA	NA
TRINITY_DN12151_c0_g1	-0.128265878005828	NA	NA
TRINITY_DN12152_c0_g1	1.86008621251346	NA	NA
TRINITY_DN12153_c0_g1	0.18496535075239	NA	NA
TRINITY_DN12154_c0_g1	-2.08247776214776	NA	NA
TRINITY_DN12155_c0_g1	-1.52237678933332	NA	NA
TRINITY_DN12156_c0_g1	1.86008621251346	NA	NA
TRINITY_DN12158_c0_g1	3.13016484868369	NA	NA
TRINITY_DN12159_c0_g1	-1.13916191987561	NA	NA
TRINITY_DN1216_c0_g1	2.02983162737435	0.999155368198447	NA
TRINITY_DN1216_c0_g1	2.02983162737435	0.999155368198447	NA
TRINITY_DN12160_c0_g1	-3.06606285588456	NA	NA
TRINITY_DN12161_c0_g1	0.960855623861679	NA	NA
TRINITY_DN12162_c0_g1	1.62628573188228	NA	NA
TRINITY_DN12163_c0_g1	-1.09679229199712	NA	NA
TRINITY_DN12164_c0_g1	-1.1087421228333	NA	NA
TRINITY_DN12165_c0_g1	-0.183340371248208	NA	NA
TRINITY_DN12167_c0_g1	1.86008621251346	NA	NA
TRINITY_DN12168_c0_g1	0.39175923816075	NA	NA
TRINITY_DN12169_c0_g1	2.11626233570305	NA	NA
TRINITY_DN1217_c0_g1	-0.504097831171154	NA	NA
TRINITY_DN1217_c0_g2	1.12495790236866	NA	NA
TRINITY_DN12170_c0_g1	-0.500451986358634	NA	NA
TRINITY_DN12172_c0_g1	-1.52237678933332	NA	NA
TRINITY_DN12173_c0_g1	-1.36745923582584	NA	NA
TRINITY_DN12174_c0_g1	-0.189549401501784	NA	NA
TRINITY_DN12175_c0_g1	-0.0605886270704069	NA	NA
TRINITY_DN12176_c0_g1	-1.99987284096263	NA	NA
TRINITY_DN12177_c0_g1	1.11420847980285	NA	NA
TRINITY_DN12179_c0_g1	-2.73502693382069	NA	NA
TRINITY_DN1218_c0_g1	-0.894561718950433	NA	NA
TRINITY_DN1218_c0_g2	0.401274988583378	NA	NA
TRINITY_DN1218_c0_g3	0.989049119890626	NA	NA
TRINITY_DN12180_c0_g1	0.448936270353424	NA	NA
TRINITY_DN12181_c0_g1	-1.50929242983966	NA	NA
TRINITY_DN12182_c0_g1	0.37524139217861	NA	NA
TRINITY_DN12183_c0_g1	-1.52237678933332	NA	NA
TRINITY_DN12184_c0_g1	-1.51408937232975	NA	NA
TRINITY_DN12185_c0_g1	2.75905656485706	NA	NA
TRINITY_DN12186_c0_g1	-0.017046941268035	NA	NA
TRINITY_DN12187_c0_g1	-2.08465102715624	NA	NA
TRINITY_DN12188_c0_g1	-0.616471349293534	0.999155368198447	NA
TRINITY_DN12188_c0_g1	-0.616471349293534	0.999155368198447	NA
TRINITY_DN12189_c0_g1	-0.0989927961812806	0.999155368198447	NA
TRINITY_DN1219_c0_g1	-2.51830610943292	NA	NA
TRINITY_DN1219_c0_g2	2.41906082883414	NA	NA
TRINITY_DN12190_c0_g1	-0.558192507063583	NA	NA
TRINITY_DN12191_c0_g1	-0.370809116432659	NA	NA
TRINITY_DN12192_c0_g1	-1.45746470731771	NA	NA
TRINITY_DN12193_c0_g1	-2.04600393232224	NA	NA
TRINITY_DN12194_c0_g1	0.722289628461302	NA	NA
TRINITY_DN12195_c0_g1	-2.10743380841194	NA	NA
TRINITY_DN12196_c0_g1	-3.08291158218285	NA	NA
TRINITY_DN12197_c0_g1	1.13318158950362	NA	NA
TRINITY_DN12198_c0_g1	-0.519214784149422	NA	NA
TRINITY_DN12199_c0_g1	-0.521260826012043	NA	NA
TRINITY_DN122_c0_g1	-0.191402799065949	0.999155368198447	NA
TRINITY_DN122_c0_g1	-0.191402799065949	0.999155368198447	NA
TRINITY_DN1220_c0_g1	-0.0268032497144897	NA	NA
TRINITY_DN12200_c0_g1	1.11814789535696	NA	NA
TRINITY_DN12201_c0_g1	0.398070856428316	NA	NA
TRINITY_DN12203_c0_g1	-1.50576064523823	NA	NA
TRINITY_DN12204_c0_g1	-1.51408937232975	NA	NA
TRINITY_DN12205_c0_g1	-1.10381957339106	NA	NA
TRINITY_DN12206_c0_g1	1.0980217111001	NA	NA
TRINITY_DN12208_c0_g1	-2.83881113618327	NA	NA
TRINITY_DN12209_c0_g1	-1.50369256369734	NA	NA
TRINITY_DN1221_c0_g1	-0.554649307926832	NA	NA
TRINITY_DN1221_c0_g2	0.00372044050521559	NA	NA
TRINITY_DN12210_c0_g1	-1.52237678933332	NA	NA
TRINITY_DN12213_c0_g1	0.0322272528787096	NA	NA
TRINITY_DN12214_c0_g1	-1.02715425236017	0.999155368198447	NA
TRINITY_DN12215_c0_g1	-0.559779120155666	NA	NA
TRINITY_DN12216_c0_g1	1.0935536273202	NA	NA
TRINITY_DN12217_c0_g1	0.928464827543819	NA	NA
TRINITY_DN12218_c0_g1	1.73039964193837	NA	NA
TRINITY_DN12219_c0_g1	-0.0491922125112915	NA	NA
TRINITY_DN1222_c0_g1	-2.5020996066336	NA	NA
TRINITY_DN1222_c0_g2	-2.09302402147116	NA	NA
TRINITY_DN1222_c0_g3	1.71424973979982	NA	NA
TRINITY_DN12220_c0_g1	-2.08493041345504	NA	NA
TRINITY_DN12221_c0_g1	-1.19867419672549	NA	NA
TRINITY_DN12223_c0_g1	-0.92541899121917	NA	NA
TRINITY_DN12224_c0_g1	1.86008621251346	NA	NA
TRINITY_DN12226_c0_g1	1.41686973890112	NA	NA
TRINITY_DN12227_c0_g1	2.44725580814198	NA	NA
TRINITY_DN12228_c0_g1	-3.52336544776559	NA	NA
TRINITY_DN12229_c0_g1	1.67865111309791	NA	NA
TRINITY_DN1223_c0_g1	2.07606373377831	NA	NA
TRINITY_DN12231_c0_g1	0.397847057437588	NA	NA
TRINITY_DN12232_c0_g1	-1.52237678933332	NA	NA
TRINITY_DN12233_c0_g1	1.80819748074204	NA	NA
TRINITY_DN12234_c0_g1	-3.2780948204527	NA	NA
TRINITY_DN12235_c0_g1	-1.50576064523823	NA	NA
TRINITY_DN12236_c0_g1	-0.54870988904684	NA	NA
TRINITY_DN12237_c0_g1	-2.48998093960936	NA	NA
TRINITY_DN12238_c0_g1	-2.49831169295764	NA	NA
TRINITY_DN12239_c0_g1	2.80360459414086	NA	NA
TRINITY_DN1224_c0_g1	0.39928858877481	NA	NA
TRINITY_DN12240_c0_g1	2.80452679224989	NA	NA
TRINITY_DN12241_c0_g1	-1.50277752012448	NA	NA
TRINITY_DN12242_c0_g1	-2.4478657441039	NA	NA
TRINITY_DN12243_c0_g1	-1.91488350627472	NA	NA
TRINITY_DN12244_c0_g1	-0.369404464561494	NA	NA
TRINITY_DN12245_c0_g1	-3.08147509511277	NA	NA
TRINITY_DN12246_c0_g1	-1.8423840443067	NA	NA
TRINITY_DN12247_c0_g1	2.66223390979214	NA	NA
TRINITY_DN12248_c0_g1	0.386322445788793	NA	NA
TRINITY_DN12249_c0_g1	0.366196153392833	NA	NA
TRINITY_DN1225_c0_g1	-2.08134676973634	NA	NA
TRINITY_DN12250_c0_g1	0.211542134492232	NA	NA
TRINITY_DN12251_c0_g1	3.12286075552788	NA	NA
TRINITY_DN12252_c0_g1	-0.356478550032698	NA	NA
TRINITY_DN12253_c0_g1	2.44725580814198	NA	NA
TRINITY_DN12254_c0_g1	1.07576917220315	NA	NA
TRINITY_DN12255_c0_g1	-1.11263619454174	NA	NA
TRINITY_DN12256_c0_g1	-1.50576064523823	NA	NA
TRINITY_DN12257_c0_g1	-0.555174281363432	NA	NA
TRINITY_DN12258_c0_g1	-0.485815949980701	NA	NA
TRINITY_DN1226_c0_g1	0.95172719925918	NA	NA
TRINITY_DN1226_c1_g1	2.12061087480324	NA	NA
TRINITY_DN12260_c0_g1	-0.739307434990589	NA	NA
TRINITY_DN12261_c0_g1	1.12841660916687	NA	NA
TRINITY_DN12262_c0_g1	-1.52905736134823	NA	NA
TRINITY_DN12263_c0_g1	1.4023964472034	NA	NA
TRINITY_DN12264_c0_g1	2.83843085901206	NA	NA
TRINITY_DN12265_c0_g1	-0.641458452696225	NA	NA
TRINITY_DN12266_c0_g1	-3.10934554614381	NA	NA
TRINITY_DN12267_c0_g1	2.08059266469597	NA	NA
TRINITY_DN12268_c0_g1	0.182671813086714	NA	NA
TRINITY_DN1227_c0_g1	-1.8322992126583	NA	NA
TRINITY_DN12270_c0_g1	0.188691771611104	NA	NA
TRINITY_DN12272_c0_g1	-2.06525411110836	NA	NA
TRINITY_DN12273_c0_g1	-0.562739821613152	NA	NA
TRINITY_DN12275_c0_g1	-2.12599672253002	NA	NA
TRINITY_DN12276_c0_g1	1.74097464461036	NA	NA
TRINITY_DN12277_c0_g1	-0.518658698091281	NA	NA
TRINITY_DN12278_c0_g1	-1.52237678933332	NA	NA
TRINITY_DN12280_c0_g1	-1.50683653580077	NA	NA
TRINITY_DN12282_c0_g1	-2.47883085854552	NA	NA
TRINITY_DN12283_c0_g1	-1.84113081581743	NA	NA
TRINITY_DN12285_c0_g1	2.10159966648053	NA	NA
TRINITY_DN12286_c0_g1	0.821876213196597	NA	NA
TRINITY_DN12287_c0_g1	1.68678144715668	NA	NA
TRINITY_DN12288_c0_g1	-1.505948770961	NA	NA
TRINITY_DN12289_c0_g1	-2.4964636238478	NA	NA
TRINITY_DN1229_c0_g1	-2.52402546220174	NA	NA
TRINITY_DN12290_c0_g1	1.38990029052447	NA	NA
TRINITY_DN12291_c0_g1	1.36660811632218	NA	NA
TRINITY_DN12293_c0_g1	-2.07751469291279	NA	NA
TRINITY_DN12294_c0_g1	3.08987476074113	NA	NA
TRINITY_DN12295_c0_g1	2.4206885149075	NA	NA
TRINITY_DN12296_c0_g1	-2.10010954161782	NA	NA
TRINITY_DN12297_c0_g1	2.13298288677112	NA	NA
TRINITY_DN12298_c0_g1	-1.45746470731771	NA	NA
TRINITY_DN12299_c0_g1	-2.54158249550552	NA	NA
TRINITY_DN123_c0_g1	-0.991432681836721	0.999155368198447	NA
TRINITY_DN123_c0_g1	-0.991432681836721	0.999155368198447	NA
TRINITY_DN123_c0_g1	-0.991432681836721	0.999155368198447	NA
TRINITY_DN123_c0_g1	-0.991432681836721	0.999155368198447	NA
TRINITY_DN123_c0_g1	-0.991432681836721	0.999155368198447	NA
TRINITY_DN123_c0_g1	-0.991432681836721	0.999155368198447	NA
TRINITY_DN123_c0_g1	-0.991432681836721	0.999155368198447	NA
TRINITY_DN123_c0_g2	0.958176409474249	0.999155368198447	NA
TRINITY_DN123_c0_g3	-1.52408634468757	0.999155368198447	NA
TRINITY_DN123_c0_g4	-0.559329069558358	NA	NA
TRINITY_DN123_c0_g5	-2.10702632391177	NA	NA
TRINITY_DN123_c1_g1	-1.02185335703348	0.999155368198447	NA
TRINITY_DN123_c1_g1	-1.02185335703348	0.999155368198447	NA
TRINITY_DN123_c1_g1	-1.02185335703348	0.999155368198447	NA
TRINITY_DN1230_c0_g1	-2.31911616880113	NA	NA
TRINITY_DN12300_c0_g1	3.82131328205459	NA	NA
TRINITY_DN12301_c0_g1	1.8238817489515	NA	NA
TRINITY_DN12302_c0_g1	0.40981574731907	NA	NA
TRINITY_DN12304_c0_g1	-2.09897220700697	NA	NA
TRINITY_DN12305_c0_g1	0.63826710340306	NA	NA
TRINITY_DN12306_c0_g1	0.788353310070839	NA	NA
TRINITY_DN12307_c0_g1	-0.48106580007268	NA	NA
TRINITY_DN12308_c0_g1	-2.47105084075917	NA	NA
TRINITY_DN1231_c0_g1	0.393120082452926	NA	NA
TRINITY_DN1231_c0_g2	2.69104615766166	NA	NA
TRINITY_DN12310_c0_g1	-0.178977251226284	NA	NA
TRINITY_DN12311_c0_g1	1.13040500497098	NA	NA
TRINITY_DN12312_c0_g1	-1.51332473130192	NA	NA
TRINITY_DN12315_c0_g1	0.928547855014146	0.999155368198447	NA
TRINITY_DN12316_c0_g1	-0.614728652280226	NA	NA
TRINITY_DN12317_c0_g1	1.01631008621026	NA	NA
TRINITY_DN12319_c0_g1	2.3955276981889	NA	NA
TRINITY_DN1232_c0_g1	0.749749697251033	0.999155368198447	NA
TRINITY_DN1232_c0_g1	0.749749697251033	0.999155368198447	NA
TRINITY_DN1232_c0_g1	0.749749697251033	0.999155368198447	NA
TRINITY_DN1232_c0_g2	-0.844467858490244	0.999155368198447	NA
TRINITY_DN12320_c0_g1	0.438692448637117	NA	NA
TRINITY_DN12322_c0_g1	-0.626550785070129	NA	NA
TRINITY_DN12323_c0_g1	0.402439518036805	NA	NA
TRINITY_DN12324_c0_g1	1.69778948334335	NA	NA
TRINITY_DN12325_c0_g1	-2.83757370262656	NA	NA
TRINITY_DN12326_c0_g1	-2.07384474409833	NA	NA
TRINITY_DN12327_c0_g1	1.78596716169676	NA	NA
TRINITY_DN12328_c0_g1	0.393674546007119	NA	NA
TRINITY_DN1233_c0_g1	-0.546789567193747	NA	NA
TRINITY_DN12330_c0_g1	-2.04597649015214	NA	NA
TRINITY_DN12331_c0_g1	1.99717521241938	NA	NA
TRINITY_DN12332_c0_g1	-1.44944198068034	NA	NA
TRINITY_DN12333_c0_g1	0.208214146025126	NA	NA
TRINITY_DN12334_c0_g1	0.162590148989601	NA	NA
TRINITY_DN12335_c0_g1	1.76208259853803	NA	NA
TRINITY_DN12336_c0_g1	-0.602373168108364	NA	NA
TRINITY_DN12338_c0_g1	1.86008621251346	NA	NA
TRINITY_DN12339_c0_g1	-1.45746470731771	NA	NA
TRINITY_DN1234_c0_g1	-2.1103441322579	NA	NA
TRINITY_DN12342_c0_g1	0.953757684830544	NA	NA
TRINITY_DN12343_c0_g1	1.14279376080753	NA	NA
TRINITY_DN12344_c0_g1	-2.49046715527564	NA	NA
TRINITY_DN12345_c0_g1	2.83560458961871	NA	NA
TRINITY_DN12346_c0_g1	0.0447638283449612	0.999155368198447	NA
TRINITY_DN12349_c0_g1	-0.649339984376195	0.999155368198447	NA
TRINITY_DN1235_c0_g1	-0.58893497227154	NA	NA
TRINITY_DN12350_c1_g1	0.410896896035732	NA	NA
TRINITY_DN12351_c0_g1	-0.313440850621075	NA	NA
TRINITY_DN12352_c0_g1	-0.503008760576335	NA	NA
TRINITY_DN12353_c0_g1	1.10634179277252	NA	NA
TRINITY_DN12354_c0_g1	-2.10008417490037	NA	NA
TRINITY_DN12355_c0_g1	0.419718719126125	NA	NA
TRINITY_DN12356_c0_g1	-0.0368037907543025	NA	NA
TRINITY_DN12357_c0_g1	0.401114064741966	NA	NA
TRINITY_DN12358_c0_g1	0.365139460533293	NA	NA
TRINITY_DN12359_c0_g1	-0.7290126663624	NA	NA
TRINITY_DN12360_c0_g1	1.1336747170585	NA	NA
TRINITY_DN12361_c0_g1	1.76208259853803	NA	NA
TRINITY_DN12363_c0_g1	0.691264545446637	NA	NA
TRINITY_DN12364_c0_g1	0.904006294130699	NA	NA
TRINITY_DN12365_c0_g1	-1.63110492844624	NA	NA
TRINITY_DN12366_c0_g1	-0.516902582931328	NA	NA
TRINITY_DN12367_c0_g1	-2.45645446326638	NA	NA
TRINITY_DN12368_c0_g1	-1.51408937232975	NA	NA
TRINITY_DN12369_c0_g1	-0.142755457548168	NA	NA
TRINITY_DN1237_c0_g1	0.203008061428936	0.999155368198447	NA
TRINITY_DN1237_c0_g1	0.203008061428936	0.999155368198447	NA
TRINITY_DN12370_c0_g1	1.12414387023244	NA	NA
TRINITY_DN12371_c0_g1	0.397287281692794	NA	NA
TRINITY_DN12372_c0_g1	-1.50576064523823	NA	NA
TRINITY_DN12373_c0_g1	-1.51180528308509	NA	NA
TRINITY_DN12374_c0_g1	0.398031223830676	NA	NA
TRINITY_DN12375_c0_g1	-2.35500258852452	NA	NA
TRINITY_DN12376_c0_g1	1.06858332534595	NA	NA
TRINITY_DN12377_c0_g1	-0.932758648645653	NA	NA
TRINITY_DN12378_c0_g1	0.0718430641876634	NA	NA
TRINITY_DN12379_c0_g1	-2.06517344413972	NA	NA
TRINITY_DN1238_c0_g1	0.422333386566576	NA	NA
TRINITY_DN1238_c0_g2	0.91450109249574	NA	NA
TRINITY_DN12380_c0_g1	-1.04387427616008	NA	NA
TRINITY_DN12381_c0_g1	1.86008621251346	NA	NA
TRINITY_DN12382_c0_g1	1.1116582702295	NA	NA
TRINITY_DN12383_c0_g1	0.211113873637364	NA	NA
TRINITY_DN12384_c0_g1	0.626720635705559	0.999155368198447	NA
TRINITY_DN12385_c0_g1	-1.4257834471927	NA	NA
TRINITY_DN12388_c0_g1	1.76208259853803	NA	NA
TRINITY_DN12389_c0_g1	-1.10457500066756	NA	NA
TRINITY_DN1239_c0_g1	1.68483965013391	NA	NA
TRINITY_DN1239_c0_g2	-0.0432401446678466	NA	NA
TRINITY_DN12390_c0_g1	-0.768614095511196	NA	NA
TRINITY_DN12391_c0_g1	0.366138299417795	NA	NA
TRINITY_DN12392_c0_g1	-2.12599672253002	NA	NA
TRINITY_DN12393_c0_g1	1.80950231271155	NA	NA
TRINITY_DN12394_c0_g1	-0.51368450921495	NA	NA
TRINITY_DN12395_c0_g1	-1.51445562049495	NA	NA
TRINITY_DN12396_c0_g1	1.86008621251346	NA	NA
TRINITY_DN12397_c0_g1	0.407799526984588	NA	NA
TRINITY_DN12398_c0_g1	0.464915034952519	NA	NA
TRINITY_DN124_c0_g1	0.136902571583403	0.999155368198447	NA
TRINITY_DN124_c0_g1	0.136902571583403	0.999155368198447	NA
TRINITY_DN124_c0_g1	0.136902571583403	0.999155368198447	NA
TRINITY_DN124_c0_g1	0.136902571583403	0.999155368198447	NA
TRINITY_DN124_c0_g1	0.136902571583403	0.999155368198447	NA
TRINITY_DN1240_c0_g1	-2.15112722383399	NA	NA
TRINITY_DN1240_c0_g2	0.644865978478315	NA	NA
TRINITY_DN1240_c0_g3	-1.08006119612809	NA	NA
TRINITY_DN12400_c0_g1	1.80950231271155	NA	NA
TRINITY_DN12401_c0_g1	-1.52237678933332	NA	NA
TRINITY_DN12402_c0_g1	-1.08899233826107	NA	NA
TRINITY_DN12403_c0_g1	0.35074398819984	NA	NA
TRINITY_DN12404_c0_g1	-1.10654201419879	NA	NA
TRINITY_DN12405_c0_g1	1.12045553219918	NA	NA
TRINITY_DN12406_c0_g1	2.44725580814198	NA	NA
TRINITY_DN12407_c0_g1	-1.14327816517491	NA	NA
TRINITY_DN12408_c0_g1	1.38859159208389	NA	NA
TRINITY_DN12409_c0_g1	-0.18433749726388	NA	NA
TRINITY_DN1241_c0_g1	0.393419510875474	0.999155368198447	NA
TRINITY_DN1241_c0_g1	0.393419510875474	0.999155368198447	NA
TRINITY_DN1241_c0_g1	0.393419510875474	0.999155368198447	NA
TRINITY_DN12410_c0_g1	-1.50576064523823	NA	NA
TRINITY_DN12411_c0_g1	-0.508852070063891	NA	NA
TRINITY_DN12412_c0_g1	1.38100508847261	NA	NA
TRINITY_DN12413_c0_g1	-2.09302402147116	NA	NA
TRINITY_DN12414_c0_g1	-1.99987284096263	NA	NA
TRINITY_DN12415_c0_g1	0.164587464364976	NA	NA
TRINITY_DN12416_c0_g1	1.80950231271155	NA	NA
TRINITY_DN12417_c0_g1	1.7104063486839	NA	NA
TRINITY_DN12418_c0_g1	0.371315227509429	NA	NA
TRINITY_DN12419_c0_g1	1.09240063861614	NA	NA
TRINITY_DN1242_c0_g1	0.045347635262555	NA	NA
TRINITY_DN12420_c0_g1	0.357419923659779	NA	NA
TRINITY_DN12422_c0_g1	1.78578254094926	NA	NA
TRINITY_DN12423_c0_g1	1.86008621251346	NA	NA
TRINITY_DN12424_c0_g1	-1.08581974575307	NA	NA
TRINITY_DN12425_c0_g1	0.0762704042382875	NA	NA
TRINITY_DN12427_c0_g1	0.206341995895687	NA	NA
TRINITY_DN12428_c0_g1	-1.50576064523823	NA	NA
TRINITY_DN12429_c0_g1	-0.989860913142754	NA	NA
TRINITY_DN1243_c0_g1	-0.200605650253037	NA	NA
TRINITY_DN1243_c0_g2	2.07727270007723	NA	NA
TRINITY_DN12430_c0_g1	-0.50654973158439	NA	NA
TRINITY_DN12431_c0_g1	-0.0874095808743422	NA	NA
TRINITY_DN12433_c0_g1	-2.08134676973634	NA	NA
TRINITY_DN12434_c0_g1	-1.51408937232975	NA	NA
TRINITY_DN12435_c0_g1	-1.81990890598765	NA	NA
TRINITY_DN12436_c0_g1	-1.47432418557049	NA	NA
TRINITY_DN12437_c0_g1	-0.891678360007227	NA	NA
TRINITY_DN12438_c0_g1	0.373200197568896	NA	NA
TRINITY_DN12439_c0_g1	-0.808480704036084	NA	NA
TRINITY_DN1244_c0_g2	0.711677929408428	NA	NA
TRINITY_DN12440_c0_g1	2.41713089721174	NA	NA
TRINITY_DN12441_c0_g1	-1.78609466921754	NA	NA
TRINITY_DN12442_c0_g1	1.1199546645621	NA	NA
TRINITY_DN12443_c0_g1	0.204318018508891	NA	NA
TRINITY_DN12444_c0_g1	-1.07006692796061	NA	NA
TRINITY_DN12447_c0_g1	0.184584880707748	NA	NA
TRINITY_DN12448_c0_g1	1.12990203489612	NA	NA
TRINITY_DN12449_c0_g1	0.35824169089376	0.999155368198447	NA
TRINITY_DN1245_c0_g1	0.385447579350822	NA	NA
TRINITY_DN12450_c0_g1	-2.52402252742118	NA	NA
TRINITY_DN12451_c0_g1	-2.09302402147116	NA	NA
TRINITY_DN12452_c0_g1	-2.46889141688171	NA	NA
TRINITY_DN12453_c0_g1	-1.42644258440768	NA	NA
TRINITY_DN12454_c0_g1	3.2941229120658	NA	NA
TRINITY_DN12455_c0_g1	-0.0342583411819193	NA	NA
TRINITY_DN12456_c0_g1	-0.0213334154184826	NA	NA
TRINITY_DN12457_c0_g1	2.36415316459849	NA	NA
TRINITY_DN12458_c0_g1	1.71027885588518	NA	NA
TRINITY_DN12459_c0_g1	1.40062547871238	NA	NA
TRINITY_DN1246_c0_g1	-0.0307450021385526	0.999155368198447	NA
TRINITY_DN12460_c0_g1	-0.795723278578301	NA	NA
TRINITY_DN12461_c0_g1	-0.232061089603608	NA	NA
TRINITY_DN12462_c0_g1	-0.571370101569852	NA	NA
TRINITY_DN12463_c0_g1	-1.52279159290663	NA	NA
TRINITY_DN12465_c0_g1	1.41372640804234	NA	NA
TRINITY_DN12466_c0_g1	1.80950231271155	NA	NA
TRINITY_DN12467_c0_g1	-2.51390126601843	NA	NA
TRINITY_DN12468_c0_g1	1.80950231271155	NA	NA
TRINITY_DN12469_c0_g1	1.86008621251346	NA	NA
TRINITY_DN1247_c0_g1	0.811584193665605	NA	NA
TRINITY_DN1247_c0_g2	-1.13499372114617	0.999155368198447	NA
TRINITY_DN12470_c0_g1	-1.45746470731771	NA	NA
TRINITY_DN12471_c0_g1	-1.48143395805271	NA	NA
TRINITY_DN12472_c0_g1	0.463666044889581	NA	NA
TRINITY_DN12473_c0_g1	-2.10852892172191	NA	NA
TRINITY_DN12475_c0_g1	2.11176416478759	NA	NA
TRINITY_DN12476_c0_g1	0.975989692599439	NA	NA
TRINITY_DN12477_c0_g1	1.08239381738141	NA	NA
TRINITY_DN12478_c0_g1	-0.47004456891645	NA	NA
TRINITY_DN12479_c0_g1	-0.516772027269266	NA	NA
TRINITY_DN1248_c0_g1	-3.66602210131393	NA	NA
TRINITY_DN12480_c0_g1	-1.51408937232975	NA	NA
TRINITY_DN12481_c0_g1	-0.196982511543269	NA	NA
TRINITY_DN12482_c0_g1	-2.82427188624542	NA	NA
TRINITY_DN12483_c0_g1	1.43130235331378	NA	NA
TRINITY_DN12484_c0_g1	-0.121615869360734	NA	NA
TRINITY_DN12485_c0_g1	1.76208259853803	NA	NA
TRINITY_DN12486_c0_g1	2.80941590716106	NA	NA
TRINITY_DN12487_c0_g1	2.11371100118614	NA	NA
TRINITY_DN1249_c0_g1	-0.599323799399117	NA	NA
TRINITY_DN1249_c0_g2	1.7315944815616	NA	NA
TRINITY_DN12491_c0_g1	-1.63244279055244	NA	NA
TRINITY_DN12493_c0_g1	2.40027310260988	NA	NA
TRINITY_DN12494_c0_g1	-1.52237678933332	NA	NA
TRINITY_DN12495_c0_g1	0.211111029442011	NA	NA
TRINITY_DN12497_c0_g1	1.76208259853803	NA	NA
TRINITY_DN12499_c0_g1	-2.1066072630916	NA	NA
TRINITY_DN125_c0_g1	2.66920280444628	NA	NA
TRINITY_DN125_c0_g2	-0.227198268349246	0.999155368198447	NA
TRINITY_DN125_c0_g2	-0.227198268349246	0.999155368198447	NA
TRINITY_DN1250_c0_g1	-0.206106045186636	NA	NA
TRINITY_DN12500_c0_g1	-1.55513959898574	NA	NA
TRINITY_DN12501_c0_g1	0.724063246609685	NA	NA
TRINITY_DN12502_c0_g1	-1.99987284096263	NA	NA
TRINITY_DN12503_c0_g1	-2.41340458201845	NA	NA
TRINITY_DN12505_c0_g1	-1.50853751901297	NA	NA
TRINITY_DN12506_c0_g1	-2.10937685271726	NA	NA
TRINITY_DN12507_c0_g1	-0.564718171529217	NA	NA
TRINITY_DN12508_c0_g1	2.39439602029138	NA	NA
TRINITY_DN12509_c0_g1	2.34479942720385	NA	NA
TRINITY_DN1251_c0_g1	-1.12345286488224	NA	NA
TRINITY_DN1251_c0_g2	-2.37232372213995	0.999155368198447	NA
TRINITY_DN1251_c0_g3	-1.10068605808853	NA	NA
TRINITY_DN12510_c0_g1	0.976857536765544	NA	NA
TRINITY_DN12511_c0_g1	-1.51408937232975	NA	NA
TRINITY_DN12512_c0_g1	-1.51408937232975	NA	NA
TRINITY_DN12513_c0_g1	0.176652415335275	NA	NA
TRINITY_DN12514_c0_g1	-0.46453582057083	NA	NA
TRINITY_DN12515_c0_g1	0.437068274695377	NA	NA
TRINITY_DN12516_c0_g1	-1.99987284096263	NA	NA
TRINITY_DN12517_c0_g1	-1.51292235103836	NA	NA
TRINITY_DN12518_c0_g1	-1.74538829619012	NA	NA
TRINITY_DN12519_c0_g1	2.11383010095243	NA	NA
TRINITY_DN1252_c0_g1	0.459608324043972	0.999155368198447	NA
TRINITY_DN12520_c0_g1	-1.58973431497073	NA	NA
TRINITY_DN12521_c0_g1	0.379249214972314	NA	NA
TRINITY_DN12522_c0_g1	0.892801810886995	0.999155368198447	NA
TRINITY_DN12523_c0_g1	-1.50747999663033	NA	NA
TRINITY_DN12524_c0_g1	1.86008621251346	NA	NA
TRINITY_DN12525_c0_g1	1.76208259853803	NA	NA
TRINITY_DN12526_c0_g1	1.08947996971145	NA	NA
TRINITY_DN12527_c0_g1	0.968598699938066	NA	NA
TRINITY_DN12528_c0_g1	-2.09895371344059	NA	NA
TRINITY_DN12529_c0_g1	1.6909164021364	NA	NA
TRINITY_DN1253_c0_g1	0.579128359014635	NA	NA
TRINITY_DN12530_c0_g1	2.38993269482858	NA	NA
TRINITY_DN12531_c0_g1	-0.167790301527004	NA	NA
TRINITY_DN12532_c0_g1	3.37583089172765	NA	NA
TRINITY_DN12533_c0_g1	2.34479942720385	NA	NA
TRINITY_DN12535_c0_g1	2.42606458712731	NA	NA
TRINITY_DN12536_c0_g1	2.40676038092759	NA	NA
TRINITY_DN12537_c0_g1	2.80941590716106	NA	NA
TRINITY_DN12538_c0_g1	0.0872764295102388	NA	NA
TRINITY_DN12539_c0_g1	1.7075068635344	NA	NA
TRINITY_DN1254_c0_g1	0.373871580710109	NA	NA
TRINITY_DN1254_c0_g2	0.21172050788399	NA	NA
TRINITY_DN12540_c0_g1	-2.11030866471122	NA	NA
TRINITY_DN12541_c0_g1	-1.51807154720192	NA	NA
TRINITY_DN12542_c0_g1	-0.911128744959521	NA	NA
TRINITY_DN12543_c0_g1	-0.157986294777657	NA	NA
TRINITY_DN12544_c0_g1	2.39554556495169	NA	NA
TRINITY_DN12545_c0_g1	1.8347510264137	NA	NA
TRINITY_DN12546_c0_g1	-0.519887727679679	NA	NA
TRINITY_DN12548_c0_g1	-2.0989809727121	NA	NA
TRINITY_DN12549_c0_g1	-2.10662795420158	NA	NA
TRINITY_DN1255_c0_g1	-0.464930839621399	0.999155368198447	NA
TRINITY_DN1255_c0_g1	-0.464930839621399	0.999155368198447	NA
TRINITY_DN1255_c0_g1	-0.464930839621399	0.999155368198447	NA
TRINITY_DN1255_c0_g1	-0.464930839621399	0.999155368198447	NA
TRINITY_DN12550_c0_g1	-0.523501010963578	NA	NA
TRINITY_DN12552_c0_g1	-0.185652569020142	NA	NA
TRINITY_DN12553_c0_g1	-0.557975004389264	NA	NA
TRINITY_DN12554_c0_g1	1.11026609939353	NA	NA
TRINITY_DN12555_c0_g1	1.07630259391748	NA	NA
TRINITY_DN12556_c0_g1	2.12424849163225	NA	NA
TRINITY_DN12558_c0_g1	1.07690523111021	NA	NA
TRINITY_DN12559_c0_g1	1.10850485152779	NA	NA
TRINITY_DN1256_c0_g1	-2.54158249550552	NA	NA
TRINITY_DN1256_c0_g2	0.509038054760266	0.999155368198447	NA
TRINITY_DN12560_c0_g1	1.86008621251346	NA	NA
TRINITY_DN12562_c0_g1	1.86008621251346	NA	NA
TRINITY_DN12563_c0_g1	2.80941590716106	NA	NA
TRINITY_DN12564_c0_g1	-2.80534123783497	NA	NA
TRINITY_DN12565_c0_g1	-0.0544413242927986	NA	NA
TRINITY_DN12566_c0_g1	1.78578377669824	NA	NA
TRINITY_DN12567_c0_g1	0.825149475439075	NA	NA
TRINITY_DN12568_c0_g1	-1.50576064523823	NA	NA
TRINITY_DN1257_c0_g1	-0.234064681481099	0.999155368198447	NA
TRINITY_DN12570_c0_g1	-1.99987284096263	NA	NA
TRINITY_DN12572_c0_g1	-2.08134676973634	NA	NA
TRINITY_DN12574_c0_g1	1.14294675120604	NA	NA
TRINITY_DN12575_c0_g1	-1.14627244310063	NA	NA
TRINITY_DN12576_c0_g1	1.79842056839076	NA	NA
TRINITY_DN12577_c0_g1	-1.52237678933332	NA	NA
TRINITY_DN12578_c0_g1	0.771044387510439	NA	NA
TRINITY_DN1258_c0_g1	0.407704233967236	NA	NA
TRINITY_DN1258_c0_g2	-0.17351752619661	NA	NA
TRINITY_DN12580_c0_g1	0.390993640448253	NA	NA
TRINITY_DN12581_c0_g1	-1.52237678933332	NA	NA
TRINITY_DN12582_c0_g1	1.80950231271155	NA	NA
TRINITY_DN12583_c0_g1	-1.45746470731771	NA	NA
TRINITY_DN12584_c0_g1	-0.43016903721033	NA	NA
TRINITY_DN12585_c0_g1	-1.45746470731771	NA	NA
TRINITY_DN12587_c0_g1	1.11396773594244	NA	NA
TRINITY_DN12588_c0_g1	-1.51408937232975	NA	NA
TRINITY_DN12589_c0_g1	1.80950231271155	NA	NA
TRINITY_DN1259_c0_g1	-1.66149677059169	0.999155368198447	NA
TRINITY_DN1259_c0_g1	-1.66149677059169	0.999155368198447	NA
TRINITY_DN1259_c0_g2	-2.78256459432528	NA	NA
TRINITY_DN12590_c0_g1	-1.45746470731771	NA	NA
TRINITY_DN12591_c0_g1	1.9777666390083	NA	NA
TRINITY_DN12592_c0_g1	0.183088377118267	NA	NA
TRINITY_DN12593_c0_g1	-0.174878335402603	NA	NA
TRINITY_DN12594_c0_g1	-1.45746470731771	NA	NA
TRINITY_DN12595_c0_g1	-0.553558083069832	NA	NA
TRINITY_DN12596_c0_g1	2.79386406164323	NA	NA
TRINITY_DN12597_c0_g1	-2.52403231738879	NA	NA
TRINITY_DN12598_c0_g1	1.72125960750649	NA	NA
TRINITY_DN12599_c0_g1	2.391257268291	NA	NA
TRINITY_DN126_c0_g1	0.772459293909257	0.999155368198447	NA
TRINITY_DN126_c0_g1	0.772459293909257	0.999155368198447	NA
TRINITY_DN126_c0_g1	0.772459293909257	0.999155368198447	NA
TRINITY_DN126_c0_g1	0.772459293909257	0.999155368198447	NA
TRINITY_DN126_c0_g1	0.772459293909257	0.999155368198447	NA
TRINITY_DN126_c0_g1	0.772459293909257	0.999155368198447	NA
TRINITY_DN126_c0_g1	0.772459293909257	0.999155368198447	NA
TRINITY_DN126_c0_g1	0.772459293909257	0.999155368198447	NA
TRINITY_DN1260_c0_g1	2.89579358757641	NA	NA
TRINITY_DN12600_c0_g1	0.400986303504176	NA	NA
TRINITY_DN12601_c0_g1	-2.11133537795775	NA	NA
TRINITY_DN12602_c0_g1	-1.51408937232975	NA	NA
TRINITY_DN12603_c0_g1	1.07921823533496	NA	NA
TRINITY_DN12604_c0_g1	0.822319317645673	NA	NA
TRINITY_DN12607_c0_g1	1.86008621251346	NA	NA
TRINITY_DN12608_c0_g1	1.43108130187592	NA	NA
TRINITY_DN12609_c0_g1	1.10092695366691	NA	NA
TRINITY_DN1261_c0_g1	0.215089487748444	0.999155368198447	NA
TRINITY_DN12610_c0_g1	-2.06315541077892	NA	NA
TRINITY_DN12611_c0_g1	0.698629712810413	NA	NA
TRINITY_DN12612_c0_g1	1.68630024805663	NA	NA
TRINITY_DN12613_c0_g1	-2.06433886799394	NA	NA
TRINITY_DN12614_c0_g1	-1.51408937232975	NA	NA
TRINITY_DN12615_c0_g1	-0.194621362670653	NA	NA
TRINITY_DN12616_c0_g1	1.86008621251346	NA	NA
TRINITY_DN12617_c0_g1	-1.50926321530285	NA	NA
TRINITY_DN12618_c0_g1	-1.51442079871823	NA	NA
TRINITY_DN12619_c0_g1	0.985619929823269	NA	NA
TRINITY_DN1262_c0_g1	3.27111512125691	NA	NA
TRINITY_DN1262_c0_g2	-1.51408937232975	NA	NA
TRINITY_DN1262_c0_g3	0.548132068520081	NA	NA
TRINITY_DN12620_c0_g1	-1.85501547753557	NA	NA
TRINITY_DN12621_c0_g1	1.76208259853803	NA	NA
TRINITY_DN12622_c0_g1	2.39556603693669	NA	NA
TRINITY_DN12623_c0_g1	-1.49266127844964	NA	NA
TRINITY_DN12624_c0_g1	1.83477429591338	NA	NA
TRINITY_DN12625_c0_g1	1.76208259853803	NA	NA
TRINITY_DN12626_c0_g1	0.198646574637115	NA	NA
TRINITY_DN12627_c0_g1	-1.19475084337258	NA	NA
TRINITY_DN12628_c0_g1	-1.52237678933332	NA	NA
TRINITY_DN12629_c0_g1	-1.50576064523823	NA	NA
TRINITY_DN1263_c0_g1	-0.00683941387911612	0.999155368198447	NA
TRINITY_DN1263_c0_g2	0.980940659545114	0.999155368198447	NA
TRINITY_DN12630_c0_g1	0.390176904876653	NA	NA
TRINITY_DN12631_c0_g1	1.80950231271155	NA	NA
TRINITY_DN12632_c0_g1	1.69969319454449	NA	NA
TRINITY_DN12633_c0_g1	4.09598276771782	NA	NA
TRINITY_DN12634_c0_g1	0.558115759348313	NA	NA
TRINITY_DN12635_c0_g1	1.39705306497837	NA	NA
TRINITY_DN12637_c0_g1	0.341883573787799	NA	NA
TRINITY_DN12638_c0_g1	0.405835434626482	NA	NA
TRINITY_DN12639_c0_g1	-0.181359302287787	NA	NA
TRINITY_DN1264_c0_g1	2.44420888896117	NA	NA
TRINITY_DN1264_c0_g2	-3.07322374508911	NA	NA
TRINITY_DN12640_c0_g1	-2.6824894520528	NA	NA
TRINITY_DN12641_c0_g1	-0.483527329407333	NA	NA
TRINITY_DN12642_c0_g1	-2.09895141243509	NA	NA
TRINITY_DN12643_c0_g1	2.37514024487162	NA	NA
TRINITY_DN12644_c0_g1	-2.08498137128599	NA	NA
TRINITY_DN12645_c0_g1	0.40331475592258	NA	NA
TRINITY_DN12646_c0_g1	1.08598540097695	NA	NA
TRINITY_DN12647_c0_g1	-0.911428973517224	NA	NA
TRINITY_DN12648_c0_g1	-1.51066599663919	NA	NA
TRINITY_DN12649_c0_g1	-0.488508936333839	NA	NA
TRINITY_DN1265_c0_g2	NA	NA	NA
TRINITY_DN1265_c0_g3	0.139935952304743	NA	NA
TRINITY_DN1265_c0_g4	2.12647278959621	NA	NA
TRINITY_DN1265_c0_g5	0.966861972354146	NA	NA
TRINITY_DN1265_c0_g6	0.0496131542105648	NA	NA
TRINITY_DN1265_c0_g7	0.918137747454965	NA	NA
TRINITY_DN12650_c0_g1	-1.52237678933332	NA	NA
TRINITY_DN12651_c0_g1	1.97299217593321	NA	NA
TRINITY_DN12653_c0_g1	-2.47790874782955	NA	NA
TRINITY_DN12654_c0_g1	2.8413387170677	NA	NA
TRINITY_DN12655_c0_g1	-1.51408937232975	NA	NA
TRINITY_DN12656_c0_g1	0.181791155707004	NA	NA
TRINITY_DN12657_c0_g1	2.83014152227078	NA	NA
TRINITY_DN12659_c0_g1	1.78578774693065	NA	NA
TRINITY_DN1266_c0_g1	0.945441857850664	NA	NA
TRINITY_DN12660_c0_g1	-0.21782146094129	NA	NA
TRINITY_DN12661_c0_g1	-0.486134788618714	NA	NA
TRINITY_DN12662_c0_g1	0.94512146806962	NA	NA
TRINITY_DN12665_c0_g1	-2.12599672253002	NA	NA
TRINITY_DN12666_c0_g1	-1.4739677532594	NA	NA
TRINITY_DN12668_c0_g1	-1.50847474254486	NA	NA
TRINITY_DN12669_c0_g1	-0.603690195633674	NA	NA
TRINITY_DN1267_c0_g1	1.97578153609534	NA	NA
TRINITY_DN1267_c0_g2	-0.352973971085049	NA	NA
TRINITY_DN1267_c0_g3	1.34690288044928	NA	NA
TRINITY_DN1267_c0_g4	-0.366033152742644	NA	NA
TRINITY_DN12670_c0_g1	0.426081368769066	NA	NA
TRINITY_DN12671_c0_g1	-1.14177263411972	NA	NA
TRINITY_DN12672_c0_g1	0.212676910525229	NA	NA
TRINITY_DN12673_c0_g1	-1.45746470731771	NA	NA
TRINITY_DN12675_c0_g1	1.05026482896128	NA	NA
TRINITY_DN12676_c0_g1	-0.809999637272145	0.999155368198447	NA
TRINITY_DN12678_c0_g1	2.42601596589799	NA	NA
TRINITY_DN12679_c0_g1	-0.149827685877591	NA	NA
TRINITY_DN1268_c0_g1	-0.00241946432621834	NA	NA
TRINITY_DN1268_c0_g2	-1.773581212356	NA	NA
TRINITY_DN1268_c0_g3	-0.208224507678649	NA	NA
TRINITY_DN12680_c0_g1	2.40034743890893	NA	NA
TRINITY_DN12681_c0_g1	2.34479942720385	NA	NA
TRINITY_DN12682_c0_g1	-3.04555586395949	NA	NA
TRINITY_DN12683_c0_g1	0.831667382272302	NA	NA
TRINITY_DN12684_c0_g1	-1.52237678933332	NA	NA
TRINITY_DN12685_c0_g1	-0.647990165029236	NA	NA
TRINITY_DN12686_c0_g1	2.40379637814985	NA	NA
TRINITY_DN12687_c0_g1	-0.47232762439294	NA	NA
TRINITY_DN12688_c0_g1	0.407923362906088	NA	NA
TRINITY_DN1269_c0_g1	1.31871282495917	0.999155368198447	NA
TRINITY_DN12690_c0_g1	2.39968005131304	NA	NA
TRINITY_DN12691_c0_g1	-2.04589828648115	NA	NA
TRINITY_DN12692_c0_g1	-0.181782562615282	NA	NA
TRINITY_DN12693_c0_g1	0.938886479536412	NA	NA
TRINITY_DN12694_c0_g1	-1.51807154720192	NA	NA
TRINITY_DN12695_c0_g1	-2.12599672253002	NA	NA
TRINITY_DN12696_c0_g1	-1.21459997523734	NA	NA
TRINITY_DN12697_c0_g1	-1.50576064523823	NA	NA
TRINITY_DN127_c0_g1	-1.52237678933332	NA	NA
TRINITY_DN127_c0_g2	-0.0615649673897075	0.999155368198447	NA
TRINITY_DN127_c0_g3	-0.768614095511196	NA	NA
TRINITY_DN127_c1_g1	2.5502684981887	NA	NA
TRINITY_DN1270_c0_g1	-2.30474351151227	NA	NA
TRINITY_DN12700_c0_g1	-1.17557557099241	NA	NA
TRINITY_DN12701_c0_g1	-1.99987284096263	NA	NA
TRINITY_DN12703_c0_g1	-1.84720498717071	NA	NA
TRINITY_DN12704_c0_g1	1.01121760581242	NA	NA
TRINITY_DN12705_c0_g1	-1.13690415957673	NA	NA
TRINITY_DN12706_c0_g1	2.80941590716106	NA	NA
TRINITY_DN12707_c0_g1	1.76208259853803	NA	NA
TRINITY_DN12708_c0_g1	-1.14198173917397	NA	NA
TRINITY_DN12709_c0_g1	2.39439602029138	NA	NA
TRINITY_DN1271_c0_g1	-1.82121256175216	NA	NA
TRINITY_DN1271_c0_g2	-1.85824737658753	NA	NA
TRINITY_DN12710_c0_g1	-0.336385842798977	NA	NA
TRINITY_DN12712_c0_g1	2.4237595961793	NA	NA
TRINITY_DN12713_c0_g1	-2.06990996952893	NA	NA
TRINITY_DN12714_c0_g1	2.39555670983987	NA	NA
TRINITY_DN12716_c0_g1	-1.45746470731771	NA	NA
TRINITY_DN12717_c0_g1	0.17992422249353	NA	NA
TRINITY_DN12719_c0_g1	-0.633554476667288	NA	NA
TRINITY_DN1272_c0_g1	1.80234742694202	NA	NA
TRINITY_DN12720_c0_g1	1.69021882738509	NA	NA
TRINITY_DN12721_c0_g1	1.76208259853803	NA	NA
TRINITY_DN12722_c0_g1	0.180256837613967	NA	NA
TRINITY_DN12723_c0_g1	-0.56072901527921	NA	NA
TRINITY_DN12724_c0_g1	-0.517046467172547	NA	NA
TRINITY_DN12726_c0_g1	-0.552992294627659	NA	NA
TRINITY_DN12727_c0_g1	-1.45746470731771	NA	NA
TRINITY_DN12728_c0_g1	-0.631747885224442	NA	NA
TRINITY_DN1273_c0_g1	0.162387009150697	NA	NA
TRINITY_DN1273_c0_g2	1.86008621251346	NA	NA
TRINITY_DN12730_c0_g1	0.192289608464023	NA	NA
TRINITY_DN12731_c0_g1	1.12299890666699	NA	NA
TRINITY_DN12732_c0_g1	-1.08721556778293	NA	NA
TRINITY_DN12733_c0_g1	1.86008621251346	NA	NA
TRINITY_DN12735_c0_g1	1.76208259853803	NA	NA
TRINITY_DN12736_c0_g1	-1.10745404774752	NA	NA
TRINITY_DN12738_c0_g1	0.426279557300683	NA	NA
TRINITY_DN12739_c0_g1	-1.99987284096263	NA	NA
TRINITY_DN1274_c0_g1	0.753569516749562	0.999155368198447	NA
TRINITY_DN1274_c0_g1	0.753569516749562	0.999155368198447	NA
TRINITY_DN1274_c0_g1	0.753569516749562	0.999155368198447	NA
TRINITY_DN1274_c0_g1	0.753569516749562	0.999155368198447	NA
TRINITY_DN1274_c0_g2	NA	NA	NA
TRINITY_DN1274_c0_g3	2.19601193364386	NA	NA
TRINITY_DN1274_c0_g4	0.370284591301836	NA	NA
TRINITY_DN1274_c1_g1	-0.47792567137323	NA	NA
TRINITY_DN1274_c1_g1	-0.47792567137323	NA	NA
TRINITY_DN12740_c0_g1	3.34378186080414	NA	NA
TRINITY_DN12741_c0_g1	-0.576833502892711	NA	NA
TRINITY_DN12742_c0_g1	2.34479942720385	NA	NA
TRINITY_DN12743_c0_g1	1.09860542531773	NA	NA
TRINITY_DN12745_c0_g1	-1.99987284096263	NA	NA
TRINITY_DN12746_c0_g1	-2.82037152394351	NA	NA
TRINITY_DN12747_c0_g1	1.17906441573974	NA	NA
TRINITY_DN12748_c0_g1	-1.45746470731771	NA	NA
TRINITY_DN12749_c0_g1	-2.29772442480404	NA	NA
TRINITY_DN1275_c0_g1	1.39706744838996	NA	NA
TRINITY_DN1275_c0_g2	-0.96345733219044	NA	NA
TRINITY_DN12750_c0_g1	-1.45746470731771	NA	NA
TRINITY_DN12751_c0_g1	-2.08499104188749	NA	NA
TRINITY_DN12752_c0_g1	-1.51807154720192	NA	NA
TRINITY_DN12753_c0_g1	2.34479942720385	NA	NA
TRINITY_DN12754_c0_g1	2.82893266492633	NA	NA
TRINITY_DN12755_c0_g1	1.12353659276751	NA	NA
TRINITY_DN12758_c0_g1	-2.08134676973634	NA	NA
TRINITY_DN12759_c0_g1	-2.08134676973634	NA	NA
TRINITY_DN1276_c0_g1	2.37744569660068	NA	NA
TRINITY_DN1276_c0_g2	-1.46133966143049	NA	NA
TRINITY_DN12760_c0_g1	-0.520048402788341	NA	NA
TRINITY_DN12761_c0_g1	-0.181716007776185	NA	NA
TRINITY_DN12762_c0_g1	0.184183583993288	NA	NA
TRINITY_DN12764_c0_g1	-1.54946024086112	NA	NA
TRINITY_DN12765_c0_g1	-1.51408937232975	NA	NA
TRINITY_DN12766_c0_g1	3.12758641194098	NA	NA
TRINITY_DN12767_c0_g1	-2.41340458201845	NA	NA
TRINITY_DN12768_c0_g1	2.34479942720385	NA	NA
TRINITY_DN12769_c0_g1	-0.580734517861766	NA	NA
TRINITY_DN1277_c0_g1	0.355626580493959	NA	NA
TRINITY_DN1277_c0_g2	2.61868359874787	NA	NA
TRINITY_DN1277_c1_g1	2.06197708959565	NA	NA
TRINITY_DN1277_c1_g2	0.382324642321337	NA	NA
TRINITY_DN1277_c1_g3	-0.469267140537019	NA	NA
TRINITY_DN12770_c0_g1	-0.548125374692903	NA	NA
TRINITY_DN12771_c0_g1	-0.130742278588865	NA	NA
TRINITY_DN12773_c0_g1	-2.10676915750293	NA	NA
TRINITY_DN12776_c0_g1	-1.45746470731771	NA	NA
TRINITY_DN12777_c0_g1	1.11814789535696	NA	NA
TRINITY_DN12778_c0_g1	2.41625355609184	NA	NA
TRINITY_DN12779_c0_g1	-1.53055958596753	NA	NA
TRINITY_DN1278_c0_g1	0.390017345010909	NA	NA
TRINITY_DN1278_c0_g2	-0.617429074777802	NA	NA
TRINITY_DN12780_c0_g1	2.86279211382665	NA	NA
TRINITY_DN12781_c0_g1	3.14004054655207	NA	NA
TRINITY_DN12782_c0_g1	-1.5693662780379	NA	NA
TRINITY_DN12784_c0_g1	2.39439602029138	NA	NA
TRINITY_DN12786_c0_g1	1.81098470000264	NA	NA
TRINITY_DN12788_c0_g1	-1.09274601548413	NA	NA
TRINITY_DN12789_c0_g1	1.86008621251346	NA	NA
TRINITY_DN1279_c0_g1	-0.47431028340696	0.999155368198447	NA
TRINITY_DN12790_c0_g1	-1.50576064523823	NA	NA
TRINITY_DN12791_c0_g1	-1.77265147473426	NA	NA
TRINITY_DN12792_c0_g1	3.39164203774006	NA	NA
TRINITY_DN12793_c0_g1	-1.50911467064045	NA	NA
TRINITY_DN12794_c0_g1	0.181188576122277	NA	NA
TRINITY_DN12795_c0_g1	1.12937625859938	NA	NA
TRINITY_DN12796_c0_g1	1.60730658606063	NA	NA
TRINITY_DN12797_c0_g1	1.8347511795656	NA	NA
TRINITY_DN12799_c0_g1	-0.833683129710402	NA	NA
TRINITY_DN128_c0_g1	0.42169751187375	0.999155368198447	NA
TRINITY_DN128_c0_g1	0.42169751187375	0.999155368198447	NA
TRINITY_DN1280_c0_g1	0.216786192063582	NA	NA
TRINITY_DN1280_c0_g2	1.00577863074782	NA	NA
TRINITY_DN12800_c0_g1	0.380043536155067	NA	NA
TRINITY_DN12801_c0_g1	-1.52237678933332	NA	NA
TRINITY_DN12802_c0_g1	0.20760732290502	NA	NA
TRINITY_DN12803_c0_g1	2.42241036500129	NA	NA
TRINITY_DN12804_c0_g1	-0.852357904278317	NA	NA
TRINITY_DN12805_c0_g1	-1.51408937232975	NA	NA
TRINITY_DN12806_c0_g1	-2.10124650479835	NA	NA
TRINITY_DN12807_c0_g1	-1.51408937232975	NA	NA
TRINITY_DN12808_c0_g1	0.180772613036239	NA	NA
TRINITY_DN12809_c0_g1	2.81099735276425	NA	NA
TRINITY_DN1281_c0_g1	-4.64989151559791	NA	NA
TRINITY_DN1281_c0_g2	0.145003782973863	0.999155368198447	NA
TRINITY_DN12810_c0_g1	2.13151811055375	NA	NA
TRINITY_DN12812_c0_g1	1.80950231271155	NA	NA
TRINITY_DN12813_c0_g1	2.44725580814198	NA	NA
TRINITY_DN12815_c0_g1	-1.14835974649808	NA	NA
TRINITY_DN12816_c0_g1	1.65793548112042	NA	NA
TRINITY_DN12818_c0_g1	-2.52619855025345	NA	NA
TRINITY_DN12819_c0_g1	-1.51166473306009	NA	NA
TRINITY_DN1282_c0_g1	0.0575217155256708	NA	NA
TRINITY_DN1282_c0_g2	-2.02576623359282	NA	NA
TRINITY_DN1282_c0_g3	-2.08176503189553	NA	NA
TRINITY_DN1282_c0_g4	1.38943216019961	NA	NA
TRINITY_DN1282_c0_g5	-2.77485844141232	NA	NA
TRINITY_DN12821_c0_g1	1.72928646474945	NA	NA
TRINITY_DN12822_c0_g1	-2.50829056031268	NA	NA
TRINITY_DN12824_c0_g1	-0.461701308979104	NA	NA
TRINITY_DN12825_c0_g1	-0.375633044683824	0.999155368198447	NA
TRINITY_DN12826_c0_g1	-3.05924854782741	NA	NA
TRINITY_DN12827_c0_g1	2.08445030275902	NA	NA
TRINITY_DN12828_c0_g1	1.76208259853803	NA	NA
TRINITY_DN12829_c0_g1	1.76208259853803	NA	NA
TRINITY_DN1283_c0_g1	0.811931901452271	NA	NA
TRINITY_DN12830_c0_g1	2.75905656485706	NA	NA
TRINITY_DN12831_c0_g1	1.80950231271155	NA	NA
TRINITY_DN12833_c0_g1	-2.07008598400071	NA	NA
TRINITY_DN12834_c0_g1	0.382888897865363	NA	NA
TRINITY_DN12835_c0_g1	-0.52064281501869	NA	NA
TRINITY_DN12836_c0_g1	-1.45746470731771	NA	NA
TRINITY_DN12837_c0_g1	2.42224752411805	NA	NA
TRINITY_DN12838_c0_g1	-1.47412740544545	NA	NA
TRINITY_DN12839_c0_g1	1.11757800030885	NA	NA
TRINITY_DN1284_c0_g1	0.453797420333831	0.999155368198447	NA
TRINITY_DN12840_c0_g1	0.421730030589761	NA	NA
TRINITY_DN12841_c0_g1	0.203724922645318	NA	NA
TRINITY_DN12842_c0_g1	-2.08406597883293	NA	NA
TRINITY_DN12843_c0_g1	-1.45746470731771	NA	NA
TRINITY_DN12844_c0_g1	-2.79841012291929	NA	NA
TRINITY_DN12845_c0_g1	-0.2136715074239	NA	NA
TRINITY_DN12846_c0_g1	-1.50950860465008	NA	NA
TRINITY_DN12847_c0_g1	-0.0356542034299669	NA	NA
TRINITY_DN12848_c0_g1	-2.10039282137797	NA	NA
TRINITY_DN12849_c0_g1	1.76208259853803	NA	NA
TRINITY_DN1285_c0_g1	0.966794768331932	NA	NA
TRINITY_DN12850_c0_g1	1.71431162897057	NA	NA
TRINITY_DN12851_c0_g1	2.34479942720385	NA	NA
TRINITY_DN12852_c0_g1	-0.48608893402728	NA	NA
TRINITY_DN12853_c0_g1	-0.934244727921342	NA	NA
TRINITY_DN12854_c0_g1	0.406269246234452	NA	NA
TRINITY_DN12855_c0_g1	-1.52237678933332	NA	NA
TRINITY_DN12857_c0_g1	1.70702721657424	NA	NA
TRINITY_DN12859_c0_g1	-2.09302402147116	NA	NA
TRINITY_DN1286_c0_g1	-0.724840918749528	0.999155368198447	NA
TRINITY_DN1286_c0_g1	-0.724840918749528	0.999155368198447	NA
TRINITY_DN1286_c0_g1	-0.724840918749528	0.999155368198447	NA
TRINITY_DN1286_c0_g1	-0.724840918749528	0.999155368198447	NA
TRINITY_DN12860_c0_g1	-1.45746470731771	NA	NA
TRINITY_DN12861_c0_g1	-2.08625909365663	NA	NA
TRINITY_DN12862_c0_g1	-2.11019223130515	NA	NA
TRINITY_DN12863_c0_g1	-2.10710596554587	NA	NA
TRINITY_DN12864_c0_g1	-1.51408937232975	NA	NA
TRINITY_DN12865_c0_g1	-0.623461391587965	NA	NA
TRINITY_DN12866_c0_g1	-1.52237678933332	NA	NA
TRINITY_DN12867_c0_g1	-0.553993329736618	NA	NA
TRINITY_DN12868_c0_g1	-1.51408937232975	NA	NA
TRINITY_DN12869_c0_g1	-2.08315064111772	NA	NA
TRINITY_DN1287_c0_g1	-0.140303234790191	0.999155368198447	NA
TRINITY_DN1287_c0_g2	2.04867466898546	NA	NA
TRINITY_DN12870_c0_g1	1.00818693292492	NA	NA
TRINITY_DN12871_c0_g1	-0.552483065206814	NA	NA
TRINITY_DN12872_c0_g1	1.76208259853803	NA	NA
TRINITY_DN12873_c0_g1	-0.553277496576584	NA	NA
TRINITY_DN12874_c0_g1	1.76208259853803	NA	NA
TRINITY_DN12875_c0_g1	-2.10765375675943	NA	NA
TRINITY_DN12876_c0_g1	-0.517316146964925	NA	NA
TRINITY_DN12877_c0_g1	1.12314024966481	NA	NA
TRINITY_DN12878_c0_g1	0.213524301114138	NA	NA
TRINITY_DN12879_c0_g1	1.12294276090255	NA	NA
TRINITY_DN1288_c0_g1	-1.11397691700194	NA	NA
TRINITY_DN1288_c0_g2	-1.16913742230111	NA	NA
TRINITY_DN12880_c0_g1	0.41189222637207	NA	NA
TRINITY_DN12881_c0_g1	-1.50576064523823	NA	NA
TRINITY_DN12884_c0_g1	0.706900848611826	NA	NA
TRINITY_DN12885_c0_g1	-0.880773169907333	NA	NA
TRINITY_DN12886_c0_g1	0.994207649376155	NA	NA
TRINITY_DN12887_c0_g1	0.189604974884806	NA	NA
TRINITY_DN12888_c0_g1	1.78582361022343	NA	NA
TRINITY_DN12889_c0_g1	-0.526060194652384	NA	NA
TRINITY_DN1289_c0_g1	-2.52228095701062	NA	NA
TRINITY_DN1289_c0_g2	-2.1008855828579	NA	NA
TRINITY_DN12891_c0_g1	1.10159485152288	NA	NA
TRINITY_DN12892_c0_g1	3.61400426941193	NA	NA
TRINITY_DN12893_c0_g1	0.207113537496515	NA	NA
TRINITY_DN12894_c0_g1	-1.10819391941833	NA	NA
TRINITY_DN12895_c0_g1	-1.45040766229202	NA	NA
TRINITY_DN12897_c0_g1	-2.04425014007333	NA	NA
TRINITY_DN12898_c0_g1	0.193150439276619	NA	NA
TRINITY_DN12899_c0_g1	1.76208259853803	NA	NA
TRINITY_DN129_c0_g1	0.394256891202219	0.999155368198447	NA
TRINITY_DN129_c0_g1	0.394256891202219	0.999155368198447	NA
TRINITY_DN129_c0_g1	0.394256891202219	0.999155368198447	NA
TRINITY_DN129_c0_g1	0.394256891202219	0.999155368198447	NA
TRINITY_DN129_c0_g1	0.394256891202219	0.999155368198447	NA
TRINITY_DN129_c0_g2	-0.735414959914673	NA	NA
TRINITY_DN1290_c0_g1	-0.573649689101323	0.999155368198447	NA
TRINITY_DN1290_c0_g1	-0.573649689101323	0.999155368198447	NA
TRINITY_DN1290_c0_g1	-0.573649689101323	0.999155368198447	NA
TRINITY_DN12900_c0_g1	0.22110986029665	NA	NA
TRINITY_DN12901_c0_g1	2.44725580814198	NA	NA
TRINITY_DN12902_c0_g1	0.194785723707926	NA	NA
TRINITY_DN12903_c0_g1	-0.55866248699957	NA	NA
TRINITY_DN12904_c0_g1	-1.99987284096263	NA	NA
TRINITY_DN12905_c0_g1	-1.51807154720192	NA	NA
TRINITY_DN12906_c0_g1	-2.09034554969459	NA	NA
TRINITY_DN12908_c0_g1	1.86008621251346	NA	NA
TRINITY_DN12909_c0_g1	-0.908617730794123	NA	NA
TRINITY_DN1291_c0_g1	-2.46273534284048	NA	NA
TRINITY_DN1291_c0_g2	0.137959767534745	NA	NA
TRINITY_DN12910_c0_g1	-1.09131486159693	NA	NA
TRINITY_DN12912_c0_g1	-1.51408937232975	NA	NA
TRINITY_DN12913_c0_g1	-2.47911761040212	NA	NA
TRINITY_DN12914_c0_g1	0.91450109249574	NA	NA
TRINITY_DN12916_c0_g1	-2.02594218815598	NA	NA
TRINITY_DN12918_c0_g1	1.83475080222282	NA	NA
TRINITY_DN12919_c0_g1	-2.47875730025003	NA	NA
TRINITY_DN1292_c0_g1	2.08899900349251	NA	NA
TRINITY_DN12920_c0_g1	-0.587640344331703	NA	NA
TRINITY_DN12921_c0_g1	-0.555070191474542	NA	NA
TRINITY_DN12922_c0_g1	1.86008621251346	NA	NA
TRINITY_DN12923_c0_g1	1.70304954983702	NA	NA
TRINITY_DN12924_c0_g1	0.37934167633121	NA	NA
TRINITY_DN12925_c0_g1	1.76208259853803	NA	NA
TRINITY_DN12926_c0_g1	-1.50576064523823	NA	NA
TRINITY_DN12928_c0_g1	0.966310907597992	NA	NA
TRINITY_DN12929_c0_g1	-1.52150840413625	NA	NA
TRINITY_DN1293_c0_g1	-0.743558267369273	NA	NA
TRINITY_DN1293_c0_g2	-0.186936230769758	NA	NA
TRINITY_DN12930_c0_g1	1.80950231271155	NA	NA
TRINITY_DN12931_c0_g1	-1.52237678933332	NA	NA
TRINITY_DN12932_c0_g1	-1.54188097984688	NA	NA
TRINITY_DN12933_c0_g1	1.11201437826032	NA	NA
TRINITY_DN12934_c0_g1	-1.0397125619348	NA	NA
TRINITY_DN12935_c0_g1	-1.52237678933332	NA	NA
TRINITY_DN12936_c0_g1	1.78581574856034	NA	NA
TRINITY_DN12939_c0_g1	-1.52237678933332	NA	NA
TRINITY_DN1294_c0_g1	3.13548382759393	NA	NA
TRINITY_DN1294_c0_g2	-0.768614095511196	NA	NA
TRINITY_DN12940_c0_g1	2.45013839173311	NA	NA
TRINITY_DN12941_c0_g1	-2.04499100474849	NA	NA
TRINITY_DN12942_c0_g1	-2.10685101635414	NA	NA
TRINITY_DN12944_c0_g1	2.36398192569895	NA	NA
TRINITY_DN12946_c0_g1	1.83480157532781	NA	NA
TRINITY_DN12948_c0_g1	1.76208259853803	NA	NA
TRINITY_DN12949_c0_g1	-0.528582284525914	NA	NA
TRINITY_DN1295_c0_g1	-2.05400816682612	NA	NA
TRINITY_DN12950_c0_g1	-2.52403384881971	NA	NA
TRINITY_DN12951_c0_g1	2.80516853333317	NA	NA
TRINITY_DN12952_c0_g1	-0.525436747875	NA	NA
TRINITY_DN12954_c0_g1	1.01018030303067	NA	NA
TRINITY_DN12955_c0_g1	2.39439602029138	NA	NA
TRINITY_DN12956_c0_g1	-1.51408937232975	NA	NA
TRINITY_DN12958_c0_g1	0.789354015300079	NA	NA
TRINITY_DN12959_c0_g1	-1.51307204324405	NA	NA
TRINITY_DN1296_c0_g1	0.52538311698406	NA	NA
TRINITY_DN1296_c1_g1	-0.144492324485703	NA	NA
TRINITY_DN12960_c0_g1	3.10302099494439	NA	NA
TRINITY_DN12961_c0_g1	-2.05939959450486	NA	NA
TRINITY_DN12962_c0_g1	-2.06521488830137	NA	NA
TRINITY_DN12963_c0_g1	-1.50713463498503	NA	NA
TRINITY_DN12964_c0_g1	-1.14061844430077	NA	NA
TRINITY_DN12965_c0_g1	1.04646156694802	NA	NA
TRINITY_DN12966_c0_g1	0.355142030691067	NA	NA
TRINITY_DN12967_c0_g1	-1.4744987641032	NA	NA
TRINITY_DN12968_c0_g1	-1.45746470731771	NA	NA
TRINITY_DN12969_c0_g1	1.86008621251346	NA	NA
TRINITY_DN1297_c0_g1	2.08915852578597	NA	NA
TRINITY_DN12970_c0_g1	-0.50084286429852	NA	NA
TRINITY_DN12971_c0_g1	-1.45746470731771	NA	NA
TRINITY_DN12972_c0_g1	-2.51827940494219	NA	NA
TRINITY_DN12973_c0_g1	-1.0839667837224	NA	NA
TRINITY_DN12975_c0_g1	0.186393779168667	NA	NA
TRINITY_DN12977_c0_g1	1.12892061408028	NA	NA
TRINITY_DN12978_c0_g1	1.10495219045138	NA	NA
TRINITY_DN12979_c0_g1	-1.51427267388449	NA	NA
TRINITY_DN1298_c0_g1	0.284816747534917	0.999155368198447	NA
TRINITY_DN1298_c0_g1	0.284816747534917	0.999155368198447	NA
TRINITY_DN12980_c0_g1	-0.230433153902685	NA	NA
TRINITY_DN12981_c0_g1	-2.41340458201845	NA	NA
TRINITY_DN12982_c0_g1	-1.99987284096263	NA	NA
TRINITY_DN12983_c0_g1	1.86008621251346	NA	NA
TRINITY_DN12984_c0_g1	-1.52237678933332	NA	NA
TRINITY_DN12985_c0_g1	-1.50576064523823	NA	NA
TRINITY_DN12986_c0_g1	-2.12599672253002	NA	NA
TRINITY_DN1299_c0_g1	-0.418385411683422	NA	NA
TRINITY_DN1299_c1_g1	-0.596862421745464	NA	NA
TRINITY_DN12990_c0_g1	-0.187247151999228	NA	NA
TRINITY_DN12991_c0_g1	2.37870478513845	NA	NA
TRINITY_DN12992_c0_g1	-1.42067699594089	NA	NA
TRINITY_DN12993_c0_g1	1.05064407945472	NA	NA
TRINITY_DN12994_c0_g1	1.71045327225263	NA	NA
TRINITY_DN12995_c0_g1	1.64755577451611	NA	NA
TRINITY_DN12996_c0_g1	-1.0494967885919	NA	NA
TRINITY_DN12997_c0_g1	0.440142688254472	NA	NA
TRINITY_DN13_c0_g1	0.0684196404239319	0.999155368198447	NA
TRINITY_DN13_c0_g1	0.0684196404239319	0.999155368198447	NA
TRINITY_DN13_c0_g1	0.0684196404239319	0.999155368198447	NA
TRINITY_DN130_c0_g1	0.407515878263566	NA	NA
TRINITY_DN130_c0_g2	0.158010762344994	0.999155368198447	NA
TRINITY_DN130_c0_g3	0.271907277021575	NA	NA
TRINITY_DN1300_c0_g1	0.476077789820205	0.999155368198447	NA
TRINITY_DN13000_c0_g1	-1.08581974575307	NA	NA
TRINITY_DN13001_c0_g1	1.09446570263604	NA	NA
TRINITY_DN13005_c0_g1	0.969038528719765	NA	NA
TRINITY_DN13006_c0_g1	0.18235811470938	NA	NA
TRINITY_DN13007_c0_g1	0.206386859009145	NA	NA
TRINITY_DN13008_c0_g1	-0.38293457779419	NA	NA
TRINITY_DN13009_c0_g1	1.86008621251346	NA	NA
TRINITY_DN1301_c0_g1	-0.768614095511196	NA	NA
TRINITY_DN1301_c0_g2	-0.595287354036565	NA	NA
TRINITY_DN13010_c0_g1	-0.556566719466901	NA	NA
TRINITY_DN13011_c0_g1	-1.12176367638208	NA	NA
TRINITY_DN13014_c0_g1	-1.50576064523823	NA	NA
TRINITY_DN13015_c0_g1	-1.52237678933332	NA	NA
TRINITY_DN13016_c0_g1	2.83567740577783	NA	NA
TRINITY_DN1302_c0_g1	1.41718638175544	NA	NA
TRINITY_DN1302_c0_g2	-0.899796541105657	0.999155368198447	NA
TRINITY_DN13020_c0_g1	2.3955276981889	NA	NA
TRINITY_DN13022_c0_g1	3.08086146207431	NA	NA
TRINITY_DN13023_c0_g1	-1.99987284096263	NA	NA
TRINITY_DN13024_c0_g1	-2.51450037676578	NA	NA
TRINITY_DN13026_c0_g1	-0.193887127159475	NA	NA
TRINITY_DN13029_c0_g1	3.12965687382307	NA	NA
TRINITY_DN1303_c0_g1	0.874266646343667	0.999155368198447	NA
TRINITY_DN1303_c0_g1	0.874266646343667	0.999155368198447	NA
TRINITY_DN1303_c0_g1	0.874266646343667	0.999155368198447	NA
TRINITY_DN1303_c0_g1	0.874266646343667	0.999155368198447	NA
TRINITY_DN13031_c0_g1	0.970398700110844	NA	NA
TRINITY_DN13032_c0_g1	0.411548666432072	NA	NA
TRINITY_DN13034_c0_g1	0.185096214444896	NA	NA
TRINITY_DN13035_c0_g1	-2.12599672253002	NA	NA
TRINITY_DN13037_c0_g1	-0.502927023587322	NA	NA
TRINITY_DN13039_c0_g1	-0.219120710692205	NA	NA
TRINITY_DN1304_c0_g1	0.987238260279677	NA	NA
TRINITY_DN13041_c0_g1	-2.08474977303912	NA	NA
TRINITY_DN13042_c0_g1	2.34479942720385	NA	NA
TRINITY_DN13043_c0_g1	-0.209017719856875	NA	NA
TRINITY_DN13046_c0_g1	-1.47387193085985	NA	NA
TRINITY_DN13047_c0_g1	1.72552831312543	NA	NA
TRINITY_DN13048_c0_g1	-1.45746470731771	NA	NA
TRINITY_DN13049_c0_g1	-1.1295694451929	NA	NA
TRINITY_DN1305_c0_g1	-0.595485515651712	NA	NA
TRINITY_DN1305_c0_g2	-0.266157658884384	NA	NA
TRINITY_DN13050_c0_g1	1.0898497221979	NA	NA
TRINITY_DN13051_c0_g1	-2.4973842788719	NA	NA
TRINITY_DN13052_c0_g1	-1.51408937232975	NA	NA
TRINITY_DN13053_c0_g1	-1.45746470731771	NA	NA
TRINITY_DN13054_c0_g1	0.194244240102514	NA	NA
TRINITY_DN13055_c0_g1	0.204312907301622	NA	NA
TRINITY_DN13056_c0_g1	1.86008621251346	NA	NA
TRINITY_DN13057_c0_g1	2.39550319597136	NA	NA
TRINITY_DN13058_c0_g1	-2.49901938488984	NA	NA
TRINITY_DN13059_c0_g1	-0.517619243664822	NA	NA
TRINITY_DN1306_c0_g1	-0.521445638329675	NA	NA
TRINITY_DN1306_c0_g2	0.402259234585397	NA	NA
TRINITY_DN13061_c0_g1	-1.52237678933332	NA	NA
TRINITY_DN13062_c0_g1	2.34479942720385	NA	NA
TRINITY_DN13063_c0_g1	1.76208259853803	NA	NA
TRINITY_DN13064_c0_g1	0.465544443471917	NA	NA
TRINITY_DN13065_c0_g1	-2.41340458201845	NA	NA
TRINITY_DN13066_c0_g1	-0.612223537278488	NA	NA
TRINITY_DN13067_c0_g1	0.188228459200161	NA	NA
TRINITY_DN13068_c0_g1	1.01690865107093	NA	NA
TRINITY_DN13069_c0_g1	1.38174920223698	NA	NA
TRINITY_DN1307_c0_g1	-0.231031077961461	NA	NA
TRINITY_DN1307_c0_g2	1.07067493057209	NA	NA
TRINITY_DN1307_c0_g3	-2.67712325173794	NA	NA
TRINITY_DN1307_c0_g4	-2.60251453617772	NA	NA
TRINITY_DN13070_c0_g1	-1.45746470731771	NA	NA
TRINITY_DN13071_c0_g1	1.06522855045832	NA	NA
TRINITY_DN13072_c0_g1	-1.51408937232975	NA	NA
TRINITY_DN13074_c0_g1	0.176396728423529	NA	NA
TRINITY_DN13075_c0_g1	1.64612099001445	NA	NA
TRINITY_DN13076_c0_g1	0.210945731685547	NA	NA
TRINITY_DN13078_c0_g1	-2.08134676973634	NA	NA
TRINITY_DN1308_c0_g1	-3.66810371463545	NA	NA
TRINITY_DN1308_c0_g2	-1.50576064523823	NA	NA
TRINITY_DN13080_c0_g1	-0.530987305396212	NA	NA
TRINITY_DN13081_c0_g1	2.75905656485706	NA	NA
TRINITY_DN13083_c0_g1	-2.80521578254179	NA	NA
TRINITY_DN13084_c0_g1	-0.993214384753242	NA	NA
TRINITY_DN13085_c0_g1	1.71872952232097	NA	NA
TRINITY_DN13086_c0_g1	0.398878881382919	NA	NA
TRINITY_DN13087_c0_g1	-2.47781519033338	NA	NA
TRINITY_DN13089_c0_g1	0.375810353069784	NA	NA
TRINITY_DN1309_c0_g1	0.845954968166989	0.999155368198447	NA
TRINITY_DN1309_c0_g2	-0.158900754956216	NA	NA
TRINITY_DN13090_c0_g1	0.21418928516192	NA	NA
TRINITY_DN13092_c0_g1	1.41650489232794	NA	NA
TRINITY_DN13093_c0_g1	1.076157089396	NA	NA
TRINITY_DN13095_c0_g1	2.34479942720385	NA	NA
TRINITY_DN13097_c0_g1	-2.11031949824637	NA	NA
TRINITY_DN13098_c0_g1	0.914501092495741	NA	NA
TRINITY_DN131_c0_g1	-1.88914003194946	0.49499834150489	NA
TRINITY_DN131_c0_g1	-1.88914003194946	0.49499834150489	NA
TRINITY_DN131_c0_g1	-1.88914003194946	0.49499834150489	NA
TRINITY_DN1310_c0_g1	0.933968271932216	NA	NA
TRINITY_DN13101_c0_g1	0.191076403580107	NA	NA
TRINITY_DN13102_c0_g1	1.70359589287519	NA	NA
TRINITY_DN13106_c0_g1	1.09016438010161	NA	NA
TRINITY_DN13107_c0_g1	-1.50887936925636	NA	NA
TRINITY_DN13109_c0_g1	-0.539979368222674	NA	NA
TRINITY_DN1311_c0_g1	0.931069249265414	0.999155368198447	NA
TRINITY_DN1311_c1_g1	-0.0264041224668346	NA	NA
TRINITY_DN13112_c0_g1	0.905647203079876	NA	NA
TRINITY_DN13113_c0_g1	0.388625897399371	NA	NA
TRINITY_DN13114_c0_g1	1.86008621251346	NA	NA
TRINITY_DN13115_c0_g1	-1.50576064523823	NA	NA
TRINITY_DN13117_c0_g1	0.354476713872436	NA	NA
TRINITY_DN1312_c0_g1	-1.52237678933332	NA	NA
TRINITY_DN1312_c0_g2	-1.52237678933332	NA	NA
TRINITY_DN13120_c0_g1	-0.768614095511196	NA	NA
TRINITY_DN13121_c0_g1	0.39376987765577	NA	NA
TRINITY_DN13122_c0_g1	0.203501421606433	NA	NA
TRINITY_DN13125_c0_g1	1.64515298951607	NA	NA
TRINITY_DN13126_c0_g1	-1.52237678933332	NA	NA
TRINITY_DN13127_c0_g1	-2.05939843844802	NA	NA
TRINITY_DN13129_c0_g1	-1.45746470731771	NA	NA
TRINITY_DN1313_c0_g1	2.34479942720385	NA	NA
TRINITY_DN1313_c0_g2	1.34944194507373	NA	NA
TRINITY_DN13130_c0_g1	-1.51408937232975	NA	NA
TRINITY_DN13131_c0_g1	-1.09581903503285	NA	NA
TRINITY_DN13132_c0_g1	-0.516358119461039	NA	NA
TRINITY_DN13133_c0_g1	-2.76689533362298	NA	NA
TRINITY_DN13134_c0_g1	0.172047785795113	NA	NA
TRINITY_DN13135_c0_g1	-1.51408937232975	NA	NA
TRINITY_DN13136_c0_g1	0.402491351985028	NA	NA
TRINITY_DN13137_c0_g1	1.86008621251346	NA	NA
TRINITY_DN13138_c0_g1	0.195162331740737	NA	NA
TRINITY_DN13139_c0_g1	1.80950231271155	NA	NA
TRINITY_DN1314_c0_g1	2.08465366923077	NA	NA
TRINITY_DN13140_c0_g1	-1.47507196114928	NA	NA
TRINITY_DN13141_c0_g1	-1.47659968857834	NA	NA
TRINITY_DN13142_c0_g1	2.39557738655991	NA	NA
TRINITY_DN13144_c0_g1	2.39439602029138	NA	NA
TRINITY_DN13145_c0_g1	-0.528447268260731	NA	NA
TRINITY_DN13146_c0_g1	-0.529082951199452	NA	NA
TRINITY_DN13147_c0_g1	1.07426996663517	NA	NA
TRINITY_DN13148_c0_g1	0.181034493392006	NA	NA
TRINITY_DN1315_c0_g1	0.969397817204615	NA	NA
TRINITY_DN1315_c0_g2	3.86329068001779	NA	NA
TRINITY_DN13151_c0_g1	1.86008621251346	NA	NA
TRINITY_DN13152_c0_g1	-1.50576064523823	NA	NA
TRINITY_DN13156_c0_g1	-0.523712583361051	NA	NA
TRINITY_DN13157_c0_g1	2.79846363881319	NA	NA
TRINITY_DN13158_c0_g1	0.180375918393875	NA	NA
TRINITY_DN13159_c0_g1	1.86008621251346	NA	NA
TRINITY_DN1316_c0_g1	1.07657290639721	NA	NA
TRINITY_DN1316_c0_g2	-0.087257900242286	0.999155368198447	NA
TRINITY_DN13161_c0_g1	-1.51408937232975	NA	NA
TRINITY_DN13164_c0_g1	2.09465993178627	NA	NA
TRINITY_DN13165_c0_g1	0.914501092495741	NA	NA
TRINITY_DN13166_c0_g1	0.437294520985851	NA	NA
TRINITY_DN1317_c0_g1	-1.4215569025162	NA	NA
TRINITY_DN13171_c0_g1	1.81101147675021	NA	NA
TRINITY_DN13172_c0_g1	-1.61189391749398	NA	NA
TRINITY_DN13173_c0_g1	-1.35259582672142	NA	NA
TRINITY_DN13174_c0_g1	1.13322286641315	NA	NA
TRINITY_DN13177_c0_g1	-2.46054886669769	NA	NA
TRINITY_DN13178_c0_g1	0.629758881218166	0.999155368198447	NA
TRINITY_DN13178_c0_g1	0.629758881218166	0.999155368198447	NA
TRINITY_DN13179_c0_g1	1.69658990096116	NA	NA
TRINITY_DN1318_c0_g1	1.2481227238113	0.999155368198447	NA
TRINITY_DN1318_c0_g1	1.2481227238113	0.999155368198447	NA
TRINITY_DN1318_c0_g1	1.2481227238113	0.999155368198447	NA
TRINITY_DN13181_c0_g1	0.198439536446459	NA	NA
TRINITY_DN13182_c0_g1	-2.50525982989365	NA	NA
TRINITY_DN13183_c0_g1	-0.570321194043373	0.999155368198447	NA
TRINITY_DN13184_c0_g1	0.517268674604285	NA	NA
TRINITY_DN13185_c0_g1	-1.51333540363968	NA	NA
TRINITY_DN13186_c0_g1	-1.07045205065647	NA	NA
TRINITY_DN13187_c0_g1	-2.69102588416548	NA	NA
TRINITY_DN13189_c0_g1	0.373638363858503	NA	NA
TRINITY_DN1319_c0_g1	-2.25457252514422	0.979696956929915	NA
TRINITY_DN13190_c0_g1	-2.92761107595973	NA	NA
TRINITY_DN13191_c0_g1	-3.8213006885394	NA	NA
TRINITY_DN13192_c0_g1	-0.66732961520335	0.999155368198447	NA
TRINITY_DN13193_c0_g1	0.95226892972187	0.999155368198447	NA
TRINITY_DN13194_c0_g1	0.166313607733065	NA	NA
TRINITY_DN13195_c0_g1	0.114063885330755	NA	NA
TRINITY_DN13196_c0_g1	-1.52237678933332	NA	NA
TRINITY_DN13197_c0_g1	-0.483677686883403	NA	NA
TRINITY_DN13198_c0_g1	1.76208259853803	NA	NA
TRINITY_DN13199_c0_g1	0.203219246624588	NA	NA
TRINITY_DN132_c0_g1	0.239121733892211	0.999155368198447	NA
TRINITY_DN132_c0_g1	0.239121733892211	0.999155368198447	NA
TRINITY_DN132_c0_g1	0.239121733892211	0.999155368198447	NA
TRINITY_DN1320_c0_g1	3.13696009498324	NA	NA
TRINITY_DN13200_c0_g1	-2.11792293406416	NA	NA
TRINITY_DN13201_c0_g1	0.440917551924237	0.999155368198447	NA
TRINITY_DN13202_c0_g1	0.395442203301189	0.999155368198447	NA
TRINITY_DN13203_c0_g1	-1.06215541099121	0.999155368198447	NA
TRINITY_DN13204_c0_g1	-0.776360375974082	0.999155368198447	NA
TRINITY_DN13205_c0_g1	-0.554565386564441	0.999155368198447	NA
TRINITY_DN13205_c0_g1	-0.554565386564441	0.999155368198447	NA
TRINITY_DN13206_c0_g1	-2.50128057441606	NA	NA
TRINITY_DN13207_c0_g1	2.34479942720385	NA	NA
TRINITY_DN13208_c0_g1	0.444481917020299	NA	NA
TRINITY_DN13209_c0_g1	1.60784509842595	NA	NA
TRINITY_DN1321_c0_g1	0.762630834078585	NA	NA
TRINITY_DN13210_c0_g1	1.07624595219432	NA	NA
TRINITY_DN13211_c0_g1	-1.67789040171461	0.999155368198447	NA
TRINITY_DN13212_c0_g1	-0.724725683192994	NA	NA
TRINITY_DN13213_c0_g1	0.789316561033761	NA	NA
TRINITY_DN13215_c0_g1	1.12925531035257	NA	NA
TRINITY_DN13216_c0_g1	-1.82687781317261	NA	NA
TRINITY_DN13217_c0_g1	-1.83042659359335	0.999155368198447	NA
TRINITY_DN13218_c0_g1	-1.50576064523823	NA	NA
TRINITY_DN1322_c0_g1	-1.80342719264965	NA	NA
TRINITY_DN13220_c0_g1	-1.02609084160157	0.999155368198447	NA
TRINITY_DN13221_c0_g1	0.277678877089506	NA	NA
TRINITY_DN13222_c0_g1	-0.971479849896541	0.999155368198447	NA
TRINITY_DN13223_c0_g1	2.7714244740148	NA	NA
TRINITY_DN13224_c0_g1	0.804080717970476	NA	NA
TRINITY_DN13225_c0_g1	-0.5139856428946	NA	NA
TRINITY_DN13226_c0_g1	1.38797889174903	NA	NA
TRINITY_DN13227_c0_g1	-0.929023747359381	NA	NA
TRINITY_DN13228_c0_g1	1.13678192771409	NA	NA
TRINITY_DN13229_c0_g1	-1.13762572851858	NA	NA
TRINITY_DN1323_c0_g1	0.49682675856701	0.999155368198447	NA
TRINITY_DN1323_c0_g1	0.49682675856701	0.999155368198447	NA
TRINITY_DN1323_c0_g1	0.49682675856701	0.999155368198447	NA
TRINITY_DN1323_c0_g2	-0.331279271256132	0.999155368198447	NA
TRINITY_DN13230_c0_g1	0.206855271340146	NA	NA
TRINITY_DN13231_c0_g1	-1.14749651659478	NA	NA
TRINITY_DN13233_c0_g1	0.382980971668054	NA	NA
TRINITY_DN13234_c0_g1	-0.560800049137284	NA	NA
TRINITY_DN13235_c0_g1	-0.408693752168708	NA	NA
TRINITY_DN13236_c0_g1	-1.81489984636569	NA	NA
TRINITY_DN13237_c0_g1	0.516795977969129	0.999155368198447	NA
TRINITY_DN13238_c0_g1	-2.35271883379776	NA	NA
TRINITY_DN13239_c0_g1	0.802963094065735	0.999155368198447	NA
TRINITY_DN1324_c0_g1	1.23757275506145	NA	NA
TRINITY_DN1324_c0_g2	-1.92512644377759	0.999155368198447	NA
TRINITY_DN1324_c0_g2	-1.92512644377759	0.999155368198447	NA
TRINITY_DN1324_c0_g3	-0.552313962251816	0.999155368198447	NA
TRINITY_DN1324_c0_g4	-2.53998334126136	NA	NA
TRINITY_DN13240_c0_g1	-1.52736801999184	NA	NA
TRINITY_DN13241_c0_g1	-1.45746470731771	NA	NA
TRINITY_DN13242_c0_g1	-2.81981291581309	NA	NA
TRINITY_DN13243_c0_g1	1.1275721059107	0.999155368198447	NA
TRINITY_DN13243_c0_g1	1.1275721059107	0.999155368198447	NA
TRINITY_DN13244_c0_g1	-0.524185800483585	NA	NA
TRINITY_DN13245_c0_g1	0.346629036091147	NA	NA
TRINITY_DN13246_c0_g1	0.852166341976597	0.999155368198447	NA
TRINITY_DN13247_c0_g1	0.411274309072624	NA	NA
TRINITY_DN13248_c0_g1	0.397623545901295	NA	NA
TRINITY_DN13249_c0_g1	-1.52237678933332	NA	NA
TRINITY_DN1325_c0_g1	-1.83708635428726	NA	NA
TRINITY_DN13250_c0_g1	1.34394099883331	0.999155368198447	NA
TRINITY_DN13251_c0_g1	-0.199196830745663	0.999155368198447	NA
TRINITY_DN13252_c0_g1	0.0687817093565716	NA	NA
TRINITY_DN13253_c0_g1	-0.596353394876556	NA	NA
TRINITY_DN13254_c0_g1	-0.285093263466576	0.999155368198447	NA
TRINITY_DN13256_c0_g1	-0.524510205633437	NA	NA
TRINITY_DN13257_c0_g1	0.798704318349337	NA	NA
TRINITY_DN13258_c0_g1	0.406201955813639	0.999155368198447	NA
TRINITY_DN13259_c0_g1	-1.76542805640038	NA	NA
TRINITY_DN1326_c0_g1	0.00849651433328326	0.999155368198447	NA
TRINITY_DN1326_c0_g1	0.00849651433328326	0.999155368198447	NA
TRINITY_DN13260_c0_g1	-0.620948829430722	NA	NA
TRINITY_DN13261_c0_g1	1.38374643918324	NA	NA
TRINITY_DN13262_c0_g1	3.42072117884129	NA	NA
TRINITY_DN13263_c0_g1	-0.178552967895122	NA	NA
TRINITY_DN13264_c0_g1	2.15028736785769	NA	NA
TRINITY_DN13265_c0_g1	2.44725580814198	NA	NA
TRINITY_DN13266_c0_g1	1.20789131355725	NA	NA
TRINITY_DN13267_c0_g1	0.960811368660126	0.999155368198447	NA
TRINITY_DN13268_c0_g1	-2.02151855601677	0.999155368198447	NA
TRINITY_DN13269_c0_g1	0.455473537736681	0.999155368198447	NA
TRINITY_DN1327_c0_g1	-3.09666904412537	NA	NA
TRINITY_DN13270_c0_g1	-0.60657513728288	NA	NA
TRINITY_DN13271_c0_g1	0.00276842778902251	NA	NA
TRINITY_DN13272_c0_g1	1.80950231271155	NA	NA
TRINITY_DN13273_c0_g1	-2.09027032082797	NA	NA
TRINITY_DN13274_c0_g1	2.8413387170677	NA	NA
TRINITY_DN13275_c0_g1	2.41779655296382	NA	NA
TRINITY_DN13276_c0_g1	-0.0333312935199212	NA	NA
TRINITY_DN13277_c0_g1	-1.52237678933332	NA	NA
TRINITY_DN13278_c0_g1	-0.238202948812263	NA	NA
TRINITY_DN13279_c0_g1	0.00672711617375648	0.999155368198447	NA
TRINITY_DN1328_c0_g1	2.43152942038694	NA	NA
TRINITY_DN13280_c0_g1	1.09925325260118	NA	NA
TRINITY_DN13281_c0_g1	-1.52237678933332	NA	NA
TRINITY_DN13282_c0_g1	-1.52237678933332	NA	NA
TRINITY_DN13283_c0_g1	-3.28435781877854	NA	NA
TRINITY_DN13284_c0_g1	-1.80713754070468	NA	NA
TRINITY_DN13285_c0_g1	0.345914168419346	NA	NA
TRINITY_DN13286_c0_g1	-0.24056464858955	NA	NA
TRINITY_DN13287_c0_g1	0.91450109249574	NA	NA
TRINITY_DN13288_c0_g1	-0.221470487400562	NA	NA
TRINITY_DN13289_c0_g1	1.57592352172806	NA	NA
TRINITY_DN1329_c0_g1	-2.83648790726936	NA	NA
TRINITY_DN1329_c0_g2	-0.540523794455122	NA	NA
TRINITY_DN13290_c0_g1	-1.80702047619623	NA	NA
TRINITY_DN13291_c0_g1	0.0113171702520302	NA	NA
TRINITY_DN13292_c0_g1	1.25392610898053	0.999155368198447	NA
TRINITY_DN13293_c0_g1	2.42449917908282	NA	NA
TRINITY_DN13294_c0_g1	-3.08147509511277	NA	NA
TRINITY_DN13295_c0_g1	-0.603653200062603	NA	NA
TRINITY_DN13296_c0_g1	1.40406647206345	NA	NA
TRINITY_DN13297_c0_g1	1.71347558872882	NA	NA
TRINITY_DN13298_c0_g1	0.384946586935767	NA	NA
TRINITY_DN13299_c0_g1	-0.301794718142957	NA	NA
TRINITY_DN133_c0_g1	0.564640802484152	0.999155368198447	NA
TRINITY_DN1330_c0_g1	-1.07134641248253	NA	NA
TRINITY_DN1330_c0_g2	-3.28723562296746	NA	NA
TRINITY_DN1330_c1_g1	-0.769543665639712	NA	NA
TRINITY_DN13300_c0_g1	2.44725580814198	NA	NA
TRINITY_DN13301_c0_g1	-1.04396292953757	NA	NA
TRINITY_DN13302_c0_g1	1.08727155494281	NA	NA
TRINITY_DN13303_c0_g1	-0.072973491549888	0.999155368198447	NA
TRINITY_DN13304_c0_g1	1.20084818740593	NA	NA
TRINITY_DN13305_c0_g1	-0.0651981986481672	0.999155368198447	NA
TRINITY_DN13306_c0_g1	1.4348167005674	0.999155368198447	NA
TRINITY_DN13307_c0_g1	-0.112169344022986	NA	NA
TRINITY_DN13307_c0_g1	-0.112169344022986	NA	NA
TRINITY_DN13308_c0_g1	-1.52237678933332	NA	NA
TRINITY_DN13309_c0_g1	0.575533437955125	NA	NA
TRINITY_DN1331_c0_g1	1.51563336064509	NA	NA
TRINITY_DN13310_c0_g1	2.44725580814198	NA	NA
TRINITY_DN13311_c0_g1	-2.05933726706056	NA	NA
TRINITY_DN13312_c0_g1	2.1109910838792	NA	NA
TRINITY_DN13313_c0_g1	2.41601420096734	NA	NA
TRINITY_DN13314_c0_g1	0.665629769626859	NA	NA
TRINITY_DN13315_c0_g1	-2.09302402147116	NA	NA
TRINITY_DN13316_c0_g1	0.425671252174156	NA	NA
TRINITY_DN13317_c0_g1	-0.226542327423464	NA	NA
TRINITY_DN13318_c0_g1	1.13544296060487	0.999155368198447	NA
TRINITY_DN13319_c0_g1	-1.45746470731771	NA	NA
TRINITY_DN1332_c0_g1	-1.09422135996661	NA	NA
TRINITY_DN1332_c0_g2	2.75905656485706	NA	NA
TRINITY_DN1332_c0_g3	-2.41340458201845	NA	NA
TRINITY_DN13320_c0_g1	0.985408398407918	NA	NA
TRINITY_DN13321_c0_g1	-3.12698246159859	NA	NA
TRINITY_DN13322_c0_g1	1.43135335342638	NA	NA
TRINITY_DN13323_c0_g1	-2.06609123243687	NA	NA
TRINITY_DN13324_c0_g1	-2.08134676973634	NA	NA
TRINITY_DN13325_c0_g1	-2.83233293967984	NA	NA
TRINITY_DN13326_c0_g1	-0.508268480177962	NA	NA
TRINITY_DN13327_c0_g1	0.534833550382777	0.999155368198447	NA
TRINITY_DN13328_c0_g1	1.12301004993094	NA	NA
TRINITY_DN13329_c0_g1	-1.50576064523823	NA	NA
TRINITY_DN13330_c0_g1	0.37190949490647	NA	NA
TRINITY_DN13331_c0_g1	-1.51408937232975	NA	NA
TRINITY_DN13332_c0_g1	0.398628888263393	0.999155368198447	NA
TRINITY_DN13333_c0_g1	-0.497428414754069	NA	NA
TRINITY_DN13335_c0_g1	-0.0182701773866552	NA	NA
TRINITY_DN13336_c0_g1	-0.15316503652649	0.999155368198447	NA
TRINITY_DN13337_c0_g1	1.10279657285251	NA	NA
TRINITY_DN13338_c0_g1	-1.19629602168226	NA	NA
TRINITY_DN13339_c0_g1	1.60993391561178	NA	NA
TRINITY_DN1334_c0_g1	-1.77969486298935	NA	NA
TRINITY_DN13340_c0_g1	-2.08549848986094	NA	NA
TRINITY_DN13341_c0_g1	1.12955779017459	NA	NA
TRINITY_DN13342_c0_g1	1.33431290038787	NA	NA
TRINITY_DN13343_c0_g1	0.408725912070371	0.999155368198447	NA
TRINITY_DN13344_c0_g1	1.80950231271155	NA	NA
TRINITY_DN13345_c0_g1	1.71936462945008	NA	NA
TRINITY_DN13346_c0_g1	-1.99987284096263	NA	NA
TRINITY_DN13348_c0_g1	0.34785854041208	NA	NA
TRINITY_DN13349_c0_g1	3.12756572929043	NA	NA
TRINITY_DN1335_c0_g1	-0.712373181487084	0.999155368198447	NA
TRINITY_DN1335_c0_g1	-0.712373181487084	0.999155368198447	NA
TRINITY_DN13350_c0_g1	3.4242896070315	NA	NA
TRINITY_DN13351_c0_g1	-1.81919409376154	NA	NA
TRINITY_DN13352_c0_g1	-1.72028991005893	NA	NA
TRINITY_DN13353_c0_g1	2.79910107184307	NA	NA
TRINITY_DN13354_c0_g1	-0.525230740103044	NA	NA
TRINITY_DN13355_c0_g1	0.169566975107547	0.999155368198447	NA
TRINITY_DN13356_c0_g1	-0.91185733162898	NA	NA
TRINITY_DN13357_c0_g1	1.86008621251346	NA	NA
TRINITY_DN13358_c0_g1	3.40588232848975	NA	NA
TRINITY_DN13359_c0_g1	-0.0223752118999565	0.999155368198447	NA
TRINITY_DN1336_c0_g1	-0.554945921300585	0.999155368198447	NA
TRINITY_DN1336_c0_g1	-0.554945921300585	0.999155368198447	NA
TRINITY_DN13360_c0_g1	-0.275439358113612	0.999155368198447	NA
TRINITY_DN13360_c0_g1	-0.275439358113612	0.999155368198447	NA
TRINITY_DN13361_c0_g1	-0.203264871402621	0.999155368198447	NA
TRINITY_DN13362_c0_g1	2.78488363660471	NA	NA
TRINITY_DN13364_c0_g1	1.45110896720302	NA	NA
TRINITY_DN13365_c0_g1	0.176652415335275	NA	NA
TRINITY_DN13366_c0_g1	-1.52237678933332	NA	NA
TRINITY_DN13367_c0_g1	-1.10502196996584	NA	NA
TRINITY_DN13368_c0_g1	-1.93382007839095	0.999155368198447	NA
TRINITY_DN13369_c0_g1	-0.192380466271053	NA	NA
TRINITY_DN1337_c0_g1	0.0832947972987419	NA	NA
TRINITY_DN1337_c0_g2	-3.80054711118853	NA	NA
TRINITY_DN1337_c0_g3	-3.10728068035265	NA	NA
TRINITY_DN13370_c0_g1	1.76208259853803	NA	NA
TRINITY_DN13371_c0_g1	0.382282121065623	NA	NA
TRINITY_DN13372_c0_g1	1.76208259853803	NA	NA
TRINITY_DN13373_c0_g1	2.73013543054665	NA	NA
TRINITY_DN13374_c0_g1	0.303581759480524	NA	NA
TRINITY_DN13375_c0_g1	0.804718259890153	NA	NA
TRINITY_DN13376_c0_g1	0.538774190326795	0.999155368198447	NA
TRINITY_DN13377_c0_g1	0.941096585898851	NA	NA
TRINITY_DN13378_c0_g1	-0.456413609849438	0.999155368198447	NA
TRINITY_DN13379_c0_g1	-1.08910839458054	NA	NA
TRINITY_DN1338_c0_g1	0.870510787116244	NA	NA
TRINITY_DN1338_c0_g1	0.870510787116244	NA	NA
TRINITY_DN13380_c0_g1	0.731116009466874	NA	NA
TRINITY_DN13380_c0_g1	0.731116009466874	NA	NA
TRINITY_DN13381_c0_g1	1.62081983384884	0.999155368198447	NA
TRINITY_DN13382_c0_g1	-1.45746470731771	NA	NA
TRINITY_DN13383_c0_g1	0.19588567452584	NA	NA
TRINITY_DN13384_c0_g1	0.911368768585099	NA	NA
TRINITY_DN13385_c0_g1	0.407994800559011	NA	NA
TRINITY_DN13386_c0_g1	1.86008621251346	NA	NA
TRINITY_DN13387_c0_g1	-1.57655597987607	NA	NA
TRINITY_DN13388_c0_g1	-0.292686292147807	NA	NA
TRINITY_DN13389_c0_g1	-0.334432117491207	NA	NA
TRINITY_DN1339_c0_g1	0.831870580556577	NA	NA
TRINITY_DN13390_c0_g1	0.58962246448031	NA	NA
TRINITY_DN13391_c0_g1	1.20203213381991	NA	NA
TRINITY_DN13393_c0_g1	-2.8310186315424	NA	NA
TRINITY_DN13394_c0_g1	-0.469939286747235	NA	NA
TRINITY_DN13395_c0_g1	-1.1360573991178	NA	NA
TRINITY_DN13396_c0_g1	-0.172126793309798	NA	NA
TRINITY_DN13398_c0_g1	1.86008621251346	NA	NA
TRINITY_DN13399_c0_g1	-2.09828960206926	NA	NA
TRINITY_DN134_c0_g1	0.208380359121027	0.999155368198447	NA
TRINITY_DN134_c0_g1	0.208380359121027	0.999155368198447	NA
TRINITY_DN134_c0_g1	0.208380359121027	0.999155368198447	NA
TRINITY_DN1340_c0_g1	-1.83235022380123	NA	NA
TRINITY_DN13402_c0_g1	0.171511762556778	NA	NA
TRINITY_DN13403_c0_g1	1.68745723916707	NA	NA
TRINITY_DN13404_c0_g1	-0.183467693466874	0.999155368198447	NA
TRINITY_DN13406_c0_g1	-1.46803646327864	NA	NA
TRINITY_DN13407_c0_g1	0.960125724781828	NA	NA
TRINITY_DN13408_c0_g1	0.402823261526939	NA	NA
TRINITY_DN13409_c0_g1	0.0411928394847318	NA	NA
TRINITY_DN1341_c0_g1	0.982391609432058	NA	NA
TRINITY_DN13410_c0_g1	-1.52237678933332	NA	NA
TRINITY_DN13411_c0_g1	0.347163693604764	NA	NA
TRINITY_DN13412_c0_g1	2.19894614004182	NA	NA
TRINITY_DN13413_c0_g1	-2.48277116037723	NA	NA
TRINITY_DN13414_c0_g1	0.382414121202038	0.999155368198447	NA
TRINITY_DN13415_c0_g1	3.08086146207431	NA	NA
TRINITY_DN13416_c0_g1	-2.09302402147116	NA	NA
TRINITY_DN13417_c0_g1	0.246637152278505	0.999155368198447	NA
TRINITY_DN13418_c0_g1	0.118153013918165	NA	NA
TRINITY_DN13419_c0_g1	-2.52012116793079	NA	NA
TRINITY_DN1342_c0_g1	-2.32739620998726	NA	NA
TRINITY_DN13420_c0_g1	-2.84242911260221	NA	NA
TRINITY_DN13421_c0_g1	-0.312493451520019	NA	NA
TRINITY_DN13422_c0_g1	2.75905656485706	NA	NA
TRINITY_DN13423_c0_g1	-0.115076112598105	0.999155368198447	NA
TRINITY_DN13424_c0_g1	-1.50576064523823	NA	NA
TRINITY_DN13425_c0_g1	1.86008621251346	NA	NA
TRINITY_DN13426_c0_g1	-1.15557479750832	NA	NA
TRINITY_DN13427_c0_g1	-1.45746470731771	NA	NA
TRINITY_DN13428_c0_g1	-1.47336462651909	NA	NA
TRINITY_DN13429_c0_g1	-0.178391158180974	NA	NA
TRINITY_DN1343_c0_g1	-1.09651621415229	NA	NA
TRINITY_DN13430_c0_g1	0.816752169656396	NA	NA
TRINITY_DN13431_c0_g1	-0.912547399926636	NA	NA
TRINITY_DN13432_c0_g1	-2.46927312902123	NA	NA
TRINITY_DN13433_c0_g1	2.39439602029138	NA	NA
TRINITY_DN13435_c0_g1	-0.013256799790742	0.999155368198447	NA
TRINITY_DN13436_c0_g1	1.70692199013955	NA	NA
TRINITY_DN13438_c0_g1	-0.522268374373729	NA	NA
TRINITY_DN13439_c0_g1	-0.641229194434388	NA	NA
TRINITY_DN1344_c0_g1	-0.308502460597469	NA	NA
TRINITY_DN13440_c0_g1	0.0500073939004128	0.999155368198447	NA
TRINITY_DN13441_c0_g1	1.09933076557574	NA	NA
TRINITY_DN13442_c0_g1	-0.520029129742086	NA	NA
TRINITY_DN13443_c0_g1	-2.47915040732226	NA	NA
TRINITY_DN13444_c0_g1	2.07337487884999	NA	NA
TRINITY_DN13445_c0_g1	0.400150782725878	NA	NA
TRINITY_DN13446_c0_g1	-1.10781563521851	NA	NA
TRINITY_DN13447_c0_g1	0.410133890866808	NA	NA
TRINITY_DN13448_c0_g1	0.380537404437821	0.999155368198447	NA
TRINITY_DN13449_c0_g1	-0.635901141674267	NA	NA
TRINITY_DN1345_c0_g1	1.6660871928018	NA	NA
TRINITY_DN13450_c0_g1	0.374180232979629	NA	NA
TRINITY_DN13451_c0_g1	-0.0454427869961852	0.999155368198447	NA
TRINITY_DN13452_c0_g1	2.39439602029138	NA	NA
TRINITY_DN13453_c0_g1	0.203978879915714	NA	NA
TRINITY_DN13454_c0_g1	1.70218328188438	NA	NA
TRINITY_DN13455_c0_g1	-1.50576064523823	NA	NA
TRINITY_DN13456_c0_g1	2.08783235144358	NA	NA
TRINITY_DN13457_c0_g1	-2.08431280101285	NA	NA
TRINITY_DN13458_c0_g1	2.44725580814198	NA	NA
TRINITY_DN13459_c0_g1	1.09813961555635	NA	NA
TRINITY_DN1346_c0_g1	0.178540151995328	0.999155368198447	NA
TRINITY_DN1346_c0_g1	0.178540151995328	0.999155368198447	NA
TRINITY_DN1346_c0_g1	0.178540151995328	0.999155368198447	NA
TRINITY_DN13460_c0_g1	-3.46528354614163	NA	NA
TRINITY_DN13462_c0_g1	-1.77923110000622	NA	NA
TRINITY_DN13463_c0_g1	2.34479942720385	NA	NA
TRINITY_DN13464_c0_g1	-3.30936724335225	NA	NA
TRINITY_DN13465_c0_g1	-2.11093877434492	NA	NA
TRINITY_DN13466_c0_g1	0.794048987767664	NA	NA
TRINITY_DN13467_c0_g1	1.74023078404109	NA	NA
TRINITY_DN13468_c0_g1	-1.52237678933332	NA	NA
TRINITY_DN13469_c0_g1	-1.50576064523823	NA	NA
TRINITY_DN13471_c0_g1	3.13732223127549	NA	NA
TRINITY_DN13472_c0_g1	-0.594746339205127	NA	NA
TRINITY_DN13473_c0_g1	0.715901570189934	NA	NA
TRINITY_DN13474_c0_g1	0.391647577008727	NA	NA
TRINITY_DN13475_c0_g1	1.86008621251346	NA	NA
TRINITY_DN13477_c0_g1	1.69303793406433	NA	NA
TRINITY_DN13478_c0_g1	1.7034509617546	NA	NA
TRINITY_DN13479_c0_g1	1.37275207038149	NA	NA
TRINITY_DN1348_c0_g1	0.153341672810886	NA	NA
TRINITY_DN13480_c0_g1	-2.04571727380031	NA	NA
TRINITY_DN13481_c0_g1	-1.51408937232975	NA	NA
TRINITY_DN13483_c0_g1	-1.82131632668196	NA	NA
TRINITY_DN13486_c0_g1	-1.14784009208322	0.999155368198447	NA
TRINITY_DN13487_c0_g1	1.40199343211891	NA	NA
TRINITY_DN13488_c0_g1	0.444261005576902	NA	NA
TRINITY_DN13489_c0_g1	-0.743808050865114	0.999155368198447	NA
TRINITY_DN1349_c0_g1	-1.18684187712406	0.999155368198447	NA
TRINITY_DN13490_c0_g1	0.0932893273755973	0.999155368198447	NA
TRINITY_DN13491_c0_g1	-2.50445556501736	NA	NA
TRINITY_DN13492_c0_g1	0.370532354252046	NA	NA
TRINITY_DN13493_c0_g1	0.443962657024334	NA	NA
TRINITY_DN13494_c0_g1	-1.11788669187482	NA	NA
TRINITY_DN13496_c0_g1	-0.576081703546232	NA	NA
TRINITY_DN13497_c0_g1	1.7144388019786	NA	NA
TRINITY_DN13498_c0_g1	-0.051945996460382	0.999155368198447	NA
TRINITY_DN13499_c0_g1	2.81103190184799	NA	NA
TRINITY_DN135_c0_g1	-0.451277818097131	0.999155368198447	NA
TRINITY_DN1350_c0_g1	0.334520209683482	NA	NA
TRINITY_DN13500_c0_g1	-0.757928836474467	NA	NA
TRINITY_DN13501_c0_g1	0.1275241007053	0.999155368198447	NA
TRINITY_DN13502_c0_g1	-4.41632558787299	NA	NA
TRINITY_DN13503_c0_g1	-0.768614095511196	NA	NA
TRINITY_DN13504_c0_g1	1.34882481806497	NA	NA
TRINITY_DN13505_c0_g1	-1.1125701153507	NA	NA
TRINITY_DN13506_c0_g1	2.39557168931165	NA	NA
TRINITY_DN13507_c0_g1	-0.0225745244181823	NA	NA
TRINITY_DN13508_c0_g1	-0.689256844673463	0.999155368198447	NA
TRINITY_DN13509_c0_g1	0.211151359082841	NA	NA
TRINITY_DN1351_c0_g1	-0.966700726303145	0.999155368198447	NA
TRINITY_DN13510_c0_g1	-0.5306936362911	NA	NA
TRINITY_DN13511_c0_g1	0.0605554763854966	NA	NA
TRINITY_DN13513_c0_g1	-3.05923755652017	NA	NA
TRINITY_DN13514_c0_g1	0.761126942974667	NA	NA
TRINITY_DN13515_c0_g1	-2.51570474376719	NA	NA
TRINITY_DN13516_c0_g1	3.13915462618256	NA	NA
TRINITY_DN13517_c0_g1	-2.46942127284373	NA	NA
TRINITY_DN13518_c0_g1	-2.82312177819705	NA	NA
TRINITY_DN1352_c0_g1	-0.280261962985936	NA	NA
TRINITY_DN13520_c0_g1	0.660185816842622	0.999155368198447	NA
TRINITY_DN13521_c0_g1	-0.462967818392609	NA	NA
TRINITY_DN13524_c0_g1	1.13004197053215	NA	NA
TRINITY_DN13526_c0_g1	-0.737909892701357	NA	NA
TRINITY_DN13527_c0_g1	1.40241428806198	NA	NA
TRINITY_DN13528_c0_g1	2.40171162020475	NA	NA
TRINITY_DN13529_c0_g1	-0.0322428228419444	NA	NA
TRINITY_DN1353_c0_g1	0.653673878077644	NA	NA
TRINITY_DN13531_c0_g1	-1.50576064523823	NA	NA
TRINITY_DN13532_c0_g1	-1.52237678933332	NA	NA
TRINITY_DN13533_c0_g1	0.316704315128225	NA	NA
TRINITY_DN13533_c0_g1	0.316704315128225	NA	NA
TRINITY_DN13534_c0_g1	-0.322632761180905	NA	NA
TRINITY_DN13535_c0_g1	-0.768614095511196	NA	NA
TRINITY_DN13536_c0_g1	-1.45746470731771	NA	NA
TRINITY_DN13537_c0_g1	-1.84974294625152	NA	NA
TRINITY_DN13538_c0_g1	1.76208259853803	NA	NA
TRINITY_DN1354_c0_g1	-0.920747793009532	NA	NA
TRINITY_DN13540_c0_g1	-0.610019247274735	NA	NA
TRINITY_DN13541_c0_g1	1.02262303498001	NA	NA
TRINITY_DN13542_c0_g1	-1.50576064523823	NA	NA
TRINITY_DN13543_c0_g1	-1.63696998921723	NA	NA
TRINITY_DN13544_c0_g1	2.40623260558466	NA	NA
TRINITY_DN13545_c0_g1	-0.522157717390439	NA	NA
TRINITY_DN13546_c0_g1	-0.638604865653225	NA	NA
TRINITY_DN13547_c0_g1	-1.18846437452257	NA	NA
TRINITY_DN13548_c0_g1	-1.99987284096263	NA	NA
TRINITY_DN13549_c0_g1	0.413055392469277	NA	NA
TRINITY_DN1355_c0_g1	0.904020553333674	0.999155368198447	NA
TRINITY_DN13550_c0_g1	-2.48910726877233	NA	NA
TRINITY_DN13551_c0_g1	1.39684469672402	NA	NA
TRINITY_DN13552_c0_g1	-4.66832192147966	NA	NA
TRINITY_DN13553_c0_g1	-1.45746470731771	NA	NA
TRINITY_DN13554_c0_g1	-0.518580523083588	NA	NA
TRINITY_DN13555_c0_g1	1.80950231271155	NA	NA
TRINITY_DN13556_c0_g1	0.112018799256803	0.999155368198447	NA
TRINITY_DN13557_c0_g1	0.73884104110439	NA	NA
TRINITY_DN13558_c0_g1	-0.452525297725011	NA	NA
TRINITY_DN13559_c0_g1	-0.036697908574171	NA	NA
TRINITY_DN1356_c0_g1	-2.84390716889203	NA	NA
TRINITY_DN1356_c0_g2	3.10229347757719	NA	NA
TRINITY_DN13560_c0_g1	-0.55878046925048	NA	NA
TRINITY_DN13561_c0_g1	-2.41340458201845	NA	NA
TRINITY_DN13562_c0_g1	-0.931351586438547	NA	NA
TRINITY_DN13563_c0_g1	1.09677417678167	NA	NA
TRINITY_DN13564_c0_g1	-1.52753650961303	NA	NA
TRINITY_DN13565_c0_g1	-1.0808881986682	NA	NA
TRINITY_DN13566_c0_g1	-0.563719886965397	NA	NA
TRINITY_DN13567_c0_g1	1.86008621251346	NA	NA
TRINITY_DN13569_c0_g1	-2.10981145761409	NA	NA
TRINITY_DN1357_c0_g1	-1.25334087906503	0.999155368198447	NA
TRINITY_DN1357_c0_g1	-1.25334087906503	0.999155368198447	NA
TRINITY_DN13570_c0_g1	-0.936876560412177	NA	NA
TRINITY_DN13571_c0_g1	1.71188689488595	NA	NA
TRINITY_DN13572_c0_g1	1.95206843146697	NA	NA
TRINITY_DN13573_c0_g1	-0.787936169794662	0.999155368198447	NA
TRINITY_DN13573_c0_g1	-0.787936169794662	0.999155368198447	NA
TRINITY_DN13573_c0_g1	-0.787936169794662	0.999155368198447	NA
TRINITY_DN13574_c0_g1	1.13373502166709	NA	NA
TRINITY_DN13575_c0_g1	-2.06493492234217	NA	NA
TRINITY_DN13576_c0_g1	2.36712088384179	NA	NA
TRINITY_DN13577_c0_g1	-1.51094047359365	NA	NA
TRINITY_DN13578_c0_g1	2.47331603498353	NA	NA
TRINITY_DN13579_c0_g1	1.12865381368485	NA	NA
TRINITY_DN1358_c0_g1	0.352915028559704	0.999155368198447	NA
TRINITY_DN13581_c0_g1	0.190086467970634	0.999155368198447	NA
TRINITY_DN13582_c0_g1	1.13033158220906	NA	NA
TRINITY_DN13583_c0_g1	1.12850086451995	NA	NA
TRINITY_DN13584_c0_g1	0.372583314418435	NA	NA
TRINITY_DN13585_c0_g1	2.39118391173251	NA	NA
TRINITY_DN13586_c0_g1	1.76208259853803	NA	NA
TRINITY_DN13587_c0_g1	1.07852118588208	NA	NA
TRINITY_DN13588_c0_g1	1.10256939807568	NA	NA
TRINITY_DN13589_c0_g1	0.434107069341369	NA	NA
TRINITY_DN1359_c0_g1	-1.76652978770439	NA	NA
TRINITY_DN13590_c0_g1	-0.635877971292301	NA	NA
TRINITY_DN13591_c0_g1	-0.247837332869417	0.999155368198447	NA
TRINITY_DN13592_c0_g1	1.71093929376499	NA	NA
TRINITY_DN13593_c0_g1	-0.0970795492361892	0.999155368198447	NA
TRINITY_DN13594_c0_g1	-0.906241569945797	0.999155368198447	NA
TRINITY_DN13595_c0_g1	1.71862247411836	NA	NA
TRINITY_DN13596_c0_g1	-1.09156235239225	NA	NA
TRINITY_DN13597_c0_g1	-1.49903190593734	NA	NA
TRINITY_DN13598_c0_g1	0.372235157109392	NA	NA
TRINITY_DN13599_c0_g1	-0.556956857830215	0.999155368198447	NA
TRINITY_DN136_c0_g1	0.143281013699245	0.999155368198447	NA
TRINITY_DN136_c0_g2	0.0656056854319026	0.999155368198447	NA
TRINITY_DN136_c0_g2	0.0656056854319026	0.999155368198447	NA
TRINITY_DN136_c0_g2	0.0656056854319026	0.999155368198447	NA
TRINITY_DN136_c0_g2	0.0656056854319026	0.999155368198447	NA
TRINITY_DN136_c0_g2	0.0656056854319026	0.999155368198447	NA
TRINITY_DN136_c0_g2	0.0656056854319026	0.999155368198447	NA
TRINITY_DN136_c0_g2	0.0656056854319026	0.999155368198447	NA
TRINITY_DN136_c0_g2	0.0656056854319026	0.999155368198447	NA
TRINITY_DN136_c0_g2	0.0656056854319026	0.999155368198447	NA
TRINITY_DN136_c1_g1	0.161328303870729	0.999155368198447	NA
TRINITY_DN136_c2_g1	0.711321988934549	NA	NA
TRINITY_DN136_c2_g2	2.39439602029138	NA	NA
TRINITY_DN1360_c0_g1	0.319927063122092	NA	NA
TRINITY_DN1360_c0_g1	0.319927063122092	NA	NA
TRINITY_DN1360_c0_g2	0.39103540290915	NA	NA
TRINITY_DN13600_c0_g1	2.18071496662997	NA	NA
TRINITY_DN13601_c0_g1	0.385046310790289	NA	NA
TRINITY_DN13602_c0_g1	-0.766515959553485	0.999155368198447	NA
TRINITY_DN13604_c0_g1	0.960308698827167	NA	NA
TRINITY_DN13605_c0_g1	-1.91025297054246	NA	NA
TRINITY_DN13606_c0_g1	1.44158471051548	NA	NA
TRINITY_DN13607_c0_g1	-0.624320465422797	NA	NA
TRINITY_DN13608_c0_g1	-1.8188745178464	NA	NA
TRINITY_DN1361_c0_g1	0.306214963259844	0.999155368198447	NA
TRINITY_DN13610_c0_g1	0.641720386056857	NA	NA
TRINITY_DN13611_c0_g1	0.725504675888072	NA	NA
TRINITY_DN13612_c0_g1	-2.03109651591124	NA	NA
TRINITY_DN13613_c0_g1	-0.550504213846594	NA	NA
TRINITY_DN13614_c0_g1	3.39519872252719	NA	NA
TRINITY_DN13615_c0_g1	3.42076295260106	NA	NA
TRINITY_DN13616_c0_g1	-2.11038372932932	NA	NA
TRINITY_DN13617_c0_g1	-2.12642751086796	NA	NA
TRINITY_DN13618_c0_g1	-2.07739893430979	NA	NA
TRINITY_DN13619_c0_g1	2.36543778871093	NA	NA
TRINITY_DN1362_c0_g1	-0.937958306237434	NA	NA
TRINITY_DN13620_c0_g1	2.36100523425115	NA	NA
TRINITY_DN13621_c0_g1	-0.197126088898473	NA	NA
TRINITY_DN13622_c0_g1	1.00724835598197	0.999155368198447	NA
TRINITY_DN13623_c0_g1	0.285367533040128	0.999155368198447	NA
TRINITY_DN13624_c0_g1	0.426561608503085	NA	NA
TRINITY_DN13625_c0_g1	1.80950231271155	NA	NA
TRINITY_DN13626_c0_g1	-1.64856707497238	NA	NA
TRINITY_DN13627_c0_g1	2.37859598189516	NA	NA
TRINITY_DN13628_c0_g1	-0.935899483426713	NA	NA
TRINITY_DN13629_c0_g1	0.427170377209873	NA	NA
TRINITY_DN1363_c0_g1	-0.253007889149316	NA	NA
TRINITY_DN1363_c0_g2	-0.768614095511196	NA	NA
TRINITY_DN13630_c0_g1	-0.174999972826943	NA	NA
TRINITY_DN13631_c0_g1	-0.268016662186621	0.999155368198447	NA
TRINITY_DN13632_c0_g1	-0.781005490340355	NA	NA
TRINITY_DN13633_c0_g1	-3.51173054003283	NA	NA
TRINITY_DN13634_c0_g1	-0.040885838062332	NA	NA
TRINITY_DN13635_c0_g1	0.373645843266893	NA	NA
TRINITY_DN13636_c0_g1	-1.50576064523823	NA	NA
TRINITY_DN13637_c0_g1	0.399126811151176	NA	NA
TRINITY_DN13638_c0_g1	-1.0764368877411	NA	NA
TRINITY_DN13639_c0_g1	-1.52237678933332	NA	NA
TRINITY_DN1364_c0_g1	-0.805767959100672	NA	NA
TRINITY_DN1364_c0_g2	0.914501092495741	NA	NA
TRINITY_DN13640_c0_g1	-1.10311386948044	NA	NA
TRINITY_DN13641_c0_g1	-2.83029658791708	NA	NA
TRINITY_DN13642_c0_g1	0.427066553304246	NA	NA
TRINITY_DN13643_c0_g1	-0.254495553436115	0.999155368198447	NA
TRINITY_DN13644_c0_g1	-1.03553463489208	NA	NA
TRINITY_DN13645_c0_g1	1.11310762626102	NA	NA
TRINITY_DN13646_c0_g1	0.292176139887844	0.999155368198447	NA
TRINITY_DN13647_c0_g1	-0.941038279868776	NA	NA
TRINITY_DN13648_c0_g1	0.273206544017729	NA	NA
TRINITY_DN13649_c0_g1	-0.590302404380637	NA	NA
TRINITY_DN1365_c0_g1	-1.5289934073797	NA	NA
TRINITY_DN13650_c0_g1	-2.02985108787433	NA	NA
TRINITY_DN13651_c0_g1	-0.525836032777178	NA	NA
TRINITY_DN13652_c0_g1	-2.09302402147116	NA	NA
TRINITY_DN13653_c0_g1	-0.0334844968558361	NA	NA
TRINITY_DN13654_c0_g1	-1.14295091745209	NA	NA
TRINITY_DN13655_c0_g1	0.406158170278049	NA	NA
TRINITY_DN13657_c0_g1	0.558610649509719	NA	NA
TRINITY_DN13658_c0_g1	2.79979072756172	NA	NA
TRINITY_DN13659_c0_g1	2.86279211382665	NA	NA
TRINITY_DN1366_c0_g1	-0.0131359446344733	NA	NA
TRINITY_DN1366_c0_g2	-1.69124433758444	0.999155368198447	NA
TRINITY_DN13660_c0_g1	-0.482810897367159	NA	NA
TRINITY_DN13661_c0_g1	2.37686973979023	NA	NA
TRINITY_DN13662_c0_g1	0.141879902114897	0.999155368198447	NA
TRINITY_DN13663_c0_g1	-0.896907843987149	NA	NA
TRINITY_DN13664_c0_g1	-0.0275486015492246	NA	NA
TRINITY_DN13665_c0_g1	0.213625362042724	NA	NA
TRINITY_DN13666_c0_g1	0.96627542928081	NA	NA
TRINITY_DN13667_c0_g1	-0.632211912505329	NA	NA
TRINITY_DN13668_c0_g1	2.39139622755518	NA	NA
TRINITY_DN13669_c0_g1	-1.84548839284467	NA	NA
TRINITY_DN1367_c0_g1	-0.250467978430433	0.999155368198447	NA
TRINITY_DN13670_c0_g1	-1.89705850590732	NA	NA
TRINITY_DN13671_c0_g1	-2.085035340291	NA	NA
TRINITY_DN13672_c0_g1	0.188404794145742	NA	NA
TRINITY_DN13673_c0_g1	2.11002197972968	NA	NA
TRINITY_DN13674_c0_g1	-2.47878892509167	NA	NA
TRINITY_DN13675_c0_g1	1.97986538059687	NA	NA
TRINITY_DN13676_c0_g1	-1.51408937232975	NA	NA
TRINITY_DN13677_c0_g1	2.40063420234913	NA	NA
TRINITY_DN1368_c0_g1	-0.508918527455663	0.999155368198447	NA
TRINITY_DN1368_c0_g1	-0.508918527455663	0.999155368198447	NA
TRINITY_DN1368_c0_g2	0.638216580994279	NA	NA
TRINITY_DN1368_c0_g2	0.638216580994279	NA	NA
TRINITY_DN1368_c0_g3	2.41735182051127	NA	NA
TRINITY_DN13680_c0_g1	2.40128331477032	NA	NA
TRINITY_DN13681_c0_g1	0.373584250688339	NA	NA
TRINITY_DN13682_c0_g1	-0.491112888012649	NA	NA
TRINITY_DN13683_c0_g1	0.176025450074054	NA	NA
TRINITY_DN13685_c0_g1	1.41715128106896	NA	NA
TRINITY_DN13686_c0_g1	1.07878556530676	NA	NA
TRINITY_DN13687_c0_g1	-1.1002584177995	NA	NA
TRINITY_DN13688_c0_g1	1.76208259853803	NA	NA
TRINITY_DN13689_c0_g1	2.13920492812854	NA	NA
TRINITY_DN1369_c0_g1	-0.215177184885231	NA	NA
TRINITY_DN1369_c0_g2	-0.0119360402115059	0.999155368198447	NA
TRINITY_DN1369_c0_g3	0.925985123625999	NA	NA
TRINITY_DN1369_c1_g1	0.707717939539013	0.999155368198447	NA
TRINITY_DN13690_c0_g1	1.20959926310297	NA	NA
TRINITY_DN13691_c0_g1	2.44539474691315	NA	NA
TRINITY_DN13692_c0_g1	1.12085627464588	NA	NA
TRINITY_DN13693_c0_g1	-0.0898861507518342	0.999155368198447	NA
TRINITY_DN13694_c0_g1	0.103084882038246	0.999155368198447	NA
TRINITY_DN13695_c0_g1	1.26456825062017	0.999155368198447	NA
TRINITY_DN13696_c0_g1	-2.10931952037377	NA	NA
TRINITY_DN13697_c0_g1	1.12520679166971	NA	NA
TRINITY_DN13698_c0_g1	-1.09799863262538	NA	NA
TRINITY_DN13699_c0_g1	-0.217725618199896	NA	NA
TRINITY_DN137_c0_g1	0.321519035660019	0.999155368198447	NA
TRINITY_DN137_c0_g1	0.321519035660019	0.999155368198447	NA
TRINITY_DN1370_c0_g1	0.962062083852029	NA	NA
TRINITY_DN13700_c0_g1	0.251926137285615	0.999155368198447	NA
TRINITY_DN13701_c0_g1	0.392045231501132	NA	NA
TRINITY_DN13702_c0_g1	-0.0194546633228845	0.999155368198447	NA
TRINITY_DN13703_c0_g1	0.370738373948506	NA	NA
TRINITY_DN13704_c0_g1	-1.13048828418245	NA	NA
TRINITY_DN13705_c0_g1	1.04357026534885	NA	NA
TRINITY_DN13706_c0_g1	0.849541501769405	NA	NA
TRINITY_DN13707_c0_g1	-1.51408937232975	NA	NA
TRINITY_DN13709_c0_g1	1.86008621251346	NA	NA
TRINITY_DN13710_c0_g1	-3.1257873429561	0.698616924517647	NA
TRINITY_DN13711_c0_g1	0.400654453389893	NA	NA
TRINITY_DN13712_c0_g1	-0.626634958158554	NA	NA
TRINITY_DN13713_c0_g1	-2.45864270427007	NA	NA
TRINITY_DN13714_c0_g1	0.993575412847976	NA	NA
TRINITY_DN13715_c0_g1	1.71535041314496	NA	NA
TRINITY_DN13716_c0_g1	1.12052423620854	NA	NA
TRINITY_DN13717_c0_g1	-1.55409651406277	NA	NA
TRINITY_DN13718_c0_g1	1.7059086552549	NA	NA
TRINITY_DN13719_c0_g1	2.69026954282205	NA	NA
TRINITY_DN1372_c0_g1	-1.4369433195976	NA	NA
TRINITY_DN13720_c0_g1	1.80950231271155	NA	NA
TRINITY_DN13721_c0_g1	2.37472447328845	NA	NA
TRINITY_DN13722_c0_g1	-0.515687758155194	NA	NA
TRINITY_DN13723_c0_g1	1.00612560032641	NA	NA
TRINITY_DN13724_c0_g1	-1.14950977681604	NA	NA
TRINITY_DN13725_c0_g1	-2.52403335088075	NA	NA
TRINITY_DN13727_c0_g1	-2.50534345191333	NA	NA
TRINITY_DN13728_c0_g1	1.12755372569003	NA	NA
TRINITY_DN13729_c0_g1	-1.48673154113829	NA	NA
TRINITY_DN1373_c0_g1	-0.0254865409263319	NA	NA
TRINITY_DN13730_c0_g1	-0.604636653809973	NA	NA
TRINITY_DN13731_c0_g1	-0.542893338565432	0.999155368198447	NA
TRINITY_DN13732_c0_g1	-0.189717716734269	NA	NA
TRINITY_DN13733_c0_g1	0.126607454234755	0.999155368198447	NA
TRINITY_DN13733_c0_g1	0.126607454234755	0.999155368198447	NA
TRINITY_DN13734_c0_g1	-1.50990456777407	NA	NA
TRINITY_DN13735_c0_g1	-0.548545324456211	NA	NA
TRINITY_DN13736_c0_g1	-0.0252879087596085	NA	NA
TRINITY_DN13737_c0_g1	2.36114548907725	NA	NA
TRINITY_DN13738_c0_g1	0.185040076672862	NA	NA
TRINITY_DN13739_c0_g1	1.08370002510003	NA	NA
TRINITY_DN1374_c0_g1	2.73698458258554	NA	NA
TRINITY_DN1374_c0_g1	2.73698458258554	NA	NA
TRINITY_DN1374_c0_g2	1.53828116542178	NA	NA
TRINITY_DN13740_c0_g1	-1.51408937232975	NA	NA
TRINITY_DN13741_c0_g1	1.11058764210307	NA	NA
TRINITY_DN13742_c0_g1	-1.45746470731771	NA	NA
TRINITY_DN13743_c0_g1	1.83475600027722	NA	NA
TRINITY_DN13744_c0_g1	-1.8694614188853	NA	NA
TRINITY_DN13745_c0_g1	-0.204504979147605	NA	NA
TRINITY_DN13746_c0_g1	-0.0054037482805821	NA	NA
TRINITY_DN13747_c0_g1	1.43020647570451	NA	NA
TRINITY_DN13748_c0_g1	-1.51332473130192	NA	NA
TRINITY_DN13749_c0_g1	-0.389629205316277	NA	NA
TRINITY_DN1375_c0_g1	0.779072995595867	NA	NA
TRINITY_DN13751_c0_g1	-1.511784889342	NA	NA
TRINITY_DN13752_c0_g1	1.80950231271155	NA	NA
TRINITY_DN13753_c0_g1	0.193551360440316	NA	NA
TRINITY_DN13754_c0_g1	-2.52558378724752	NA	NA
TRINITY_DN13755_c0_g1	2.8355957751385	NA	NA
TRINITY_DN13756_c0_g1	0.855487449326559	NA	NA
TRINITY_DN13757_c0_g1	1.70891431707547	NA	NA
TRINITY_DN13758_c0_g1	0.095887300320583	0.999155368198447	NA
TRINITY_DN1376_c0_g1	-1.13673918835358	NA	NA
TRINITY_DN13760_c0_g1	0.980815469189465	NA	NA
TRINITY_DN13761_c0_g1	-0.166827718537972	NA	NA
TRINITY_DN13762_c0_g1	-0.227019542242995	NA	NA
TRINITY_DN13763_c0_g1	-1.51408937232975	NA	NA
TRINITY_DN13764_c0_g1	0.176025405766207	NA	NA
TRINITY_DN13765_c0_g1	-0.919924023370986	NA	NA
TRINITY_DN13766_c0_g1	1.98759494306962	NA	NA
TRINITY_DN13767_c0_g1	-2.09302402147116	NA	NA
TRINITY_DN13768_c0_g1	0.369101314356494	NA	NA
TRINITY_DN13769_c0_g1	-1.03097103350138	NA	NA
TRINITY_DN1377_c0_g1	-3.09340080949283	NA	NA
TRINITY_DN13770_c0_g1	-1.16027161348195	NA	NA
TRINITY_DN13771_c0_g1	-0.989355578053008	NA	NA
TRINITY_DN13772_c0_g1	-1.8380842766448	NA	NA
TRINITY_DN13774_c0_g1	-2.83648129513681	NA	NA
TRINITY_DN13775_c0_g1	0.517514870317937	0.999155368198447	NA
TRINITY_DN13776_c0_g1	-2.02564723387868	NA	NA
TRINITY_DN13777_c0_g1	-3.21877992557565	NA	NA
TRINITY_DN13778_c0_g1	0.343488625991789	NA	NA
TRINITY_DN13779_c0_g1	-3.64047083596787	NA	NA
TRINITY_DN1378_c0_g1	-1.73022018676362	NA	NA
TRINITY_DN13780_c0_g1	-1.47483245560641	NA	NA
TRINITY_DN13782_c0_g1	-1.52237678933332	NA	NA
TRINITY_DN13783_c0_g1	-2.0815953293656	NA	NA
TRINITY_DN13787_c0_g1	-3.31717063144436	NA	NA
TRINITY_DN13789_c0_g1	-0.29520270247685	NA	NA
TRINITY_DN1379_c0_g1	-1.49974661374688	NA	NA
TRINITY_DN13791_c0_g1	-2.81841741559871	NA	NA
TRINITY_DN13792_c0_g1	-1.34896575445977	NA	NA
TRINITY_DN13793_c0_g1	1.02236730820268	0.999155368198447	NA
TRINITY_DN13794_c0_g1	0.431201299658182	NA	NA
TRINITY_DN13795_c0_g1	-1.15977887148238	NA	NA
TRINITY_DN13796_c0_g1	-1.27734910504865	0.999155368198447	NA
TRINITY_DN13797_c0_g1	2.80260052531518	NA	NA
TRINITY_DN13798_c0_g1	-1.60596045837375	NA	NA
TRINITY_DN13799_c0_g1	-0.600740003274987	NA	NA
TRINITY_DN138_c0_g1	-1.74077054513449	0.999155368198447	NA
TRINITY_DN138_c0_g2	0.582902622415537	0.999155368198447	NA
TRINITY_DN138_c0_g4	1.1830441974447	NA	NA
TRINITY_DN138_c1_g1	3.08594678756316	NA	NA
TRINITY_DN138_c1_g2	-0.455328064561141	0.999155368198447	NA
TRINITY_DN138_c1_g2	-0.455328064561141	0.999155368198447	NA
TRINITY_DN1380_c0_g1	2.34479942720385	NA	NA
TRINITY_DN1380_c0_g2	-3.10127013361807	NA	NA
TRINITY_DN13801_c0_g1	-1.45746470731771	NA	NA
TRINITY_DN13802_c0_g1	2.79712646068509	NA	NA
TRINITY_DN13803_c0_g1	0.69487577160411	NA	NA
TRINITY_DN13804_c0_g1	-0.767502143940782	NA	NA
TRINITY_DN13805_c0_g1	-0.593240932752787	NA	NA
TRINITY_DN13806_c0_g1	0.923591149905848	NA	NA
TRINITY_DN13807_c0_g1	-1.45746470731771	NA	NA
TRINITY_DN13808_c0_g1	0.343530777729244	NA	NA
TRINITY_DN13809_c0_g1	-0.364458066916029	NA	NA
TRINITY_DN1381_c0_g1	0.712962189280602	NA	NA
TRINITY_DN13810_c0_g1	0.15917504255066	0.999155368198447	NA
TRINITY_DN13810_c0_g1	0.15917504255066	0.999155368198447	NA
TRINITY_DN13811_c0_g1	2.39971820720504	NA	NA
TRINITY_DN13812_c0_g1	-3.10771763376823	NA	NA
TRINITY_DN13814_c0_g1	-2.1099398942527	NA	NA
TRINITY_DN13815_c0_g1	-2.47876128613705	NA	NA
TRINITY_DN13816_c0_g1	0.184379029305542	0.999155368198447	NA
TRINITY_DN13817_c0_g1	1.13678480928278	NA	NA
TRINITY_DN13818_c0_g1	1.67676169672689	NA	NA
TRINITY_DN13819_c0_g1	-1.85311536261227	NA	NA
TRINITY_DN1382_c0_g1	-1.51406785995276	NA	NA
TRINITY_DN1382_c0_g2	-0.884487675447417	NA	NA
TRINITY_DN1382_c1_g1	2.07879697920601	NA	NA
TRINITY_DN13820_c0_g1	0.124040305364645	NA	NA
TRINITY_DN13821_c0_g1	-0.645535823932364	NA	NA
TRINITY_DN13822_c0_g1	-0.559363991220993	NA	NA
TRINITY_DN13823_c0_g1	-2.0577324430373	NA	NA
TRINITY_DN13824_c0_g1	0.431713485609513	NA	NA
TRINITY_DN13825_c0_g1	-1.99987284096263	NA	NA
TRINITY_DN13826_c0_g1	-0.556394518500063	NA	NA
TRINITY_DN13827_c0_g1	0.39540939861725	NA	NA
TRINITY_DN13828_c0_g1	-0.616327545853775	NA	NA
TRINITY_DN13829_c0_g1	1.70757158806772	NA	NA
TRINITY_DN1383_c0_g1	0.398348218625014	NA	NA
TRINITY_DN1383_c0_g2	-2.35660722222571	NA	NA
TRINITY_DN13830_c0_g1	2.34479942720385	NA	NA
TRINITY_DN13831_c0_g1	-1.54454612946493	NA	NA
TRINITY_DN13832_c0_g1	-2.7911265949263	NA	NA
TRINITY_DN13833_c0_g1	0.845867261748318	NA	NA
TRINITY_DN13834_c0_g1	0.128002092495275	NA	NA
TRINITY_DN13835_c0_g1	-2.82564411057835	NA	NA
TRINITY_DN13836_c0_g1	0.733195844948558	NA	NA
TRINITY_DN13837_c0_g1	1.07825778268819	NA	NA
TRINITY_DN13838_c0_g1	2.7102749753621	NA	NA
TRINITY_DN13839_c0_g1	-0.129855147215438	NA	NA
TRINITY_DN13839_c0_g1	-0.129855147215438	NA	NA
TRINITY_DN1384_c0_g1	1.72029462870233	NA	NA
TRINITY_DN13840_c0_g1	-0.536918434855863	0.999155368198447	NA
TRINITY_DN13841_c0_g1	-0.618394122122638	NA	NA
TRINITY_DN13842_c0_g1	-0.640170181950057	NA	NA
TRINITY_DN13843_c0_g1	0.407087976384608	NA	NA
TRINITY_DN13844_c0_g1	2.40483962814422	NA	NA
TRINITY_DN13845_c0_g1	1.66823175132425	NA	NA
TRINITY_DN13846_c0_g1	2.80941590716106	NA	NA
TRINITY_DN13847_c0_g1	-1.50603665710478	NA	NA
TRINITY_DN13848_c0_g1	-0.392829467507717	0.999155368198447	NA
TRINITY_DN13849_c0_g1	-2.11064838703063	NA	NA
TRINITY_DN1385_c0_g1	0.982343624252644	NA	NA
TRINITY_DN1385_c0_g2	-0.565751699600136	NA	NA
TRINITY_DN13851_c0_g1	0.868646816690006	NA	NA
TRINITY_DN13852_c0_g1	-1.50596705106634	NA	NA
TRINITY_DN13853_c0_g1	0.362067257999933	0.999155368198447	NA
TRINITY_DN13854_c0_g1	-0.482188353187008	NA	NA
TRINITY_DN13855_c0_g1	-1.0438032702316	NA	NA
TRINITY_DN13856_c0_g1	1.14334460120214	NA	NA
TRINITY_DN13857_c0_g1	-1.77339696884611	NA	NA
TRINITY_DN13858_c0_g1	2.36768717052365	NA	NA
TRINITY_DN13859_c0_g1	2.14691756180384	NA	NA
TRINITY_DN1386_c0_g1	0.914501092495741	NA	NA
TRINITY_DN1386_c0_g2	-1.81783745886845	NA	NA
TRINITY_DN1386_c0_g3	-0.511565777694065	NA	NA
TRINITY_DN13860_c0_g1	-0.377622259197905	0.999155368198447	NA
TRINITY_DN13861_c0_g1	-0.0272485611152769	NA	NA
TRINITY_DN13862_c0_g1	1.10219470144231	NA	NA
TRINITY_DN13863_c0_g1	2.34479942720385	NA	NA
TRINITY_DN13864_c0_g1	-0.933996371537033	NA	NA
TRINITY_DN13865_c0_g1	-1.45746470731771	NA	NA
TRINITY_DN13866_c0_g1	-3.0935069468422	NA	NA
TRINITY_DN13867_c0_g1	-0.219122138040555	NA	NA
TRINITY_DN13869_c0_g1	-1.16149054368529	NA	NA
TRINITY_DN1387_c0_g1	-2.22759868850539	0.999155368198447	NA
TRINITY_DN1387_c0_g1	-2.22759868850539	0.999155368198447	NA
TRINITY_DN13870_c0_g1	2.39439602029138	NA	NA
TRINITY_DN13872_c0_g1	0.14815025784972	0.999155368198447	NA
TRINITY_DN13874_c0_g1	0.0533756093412737	NA	NA
TRINITY_DN13875_c0_g1	-2.20824147376866	NA	NA
TRINITY_DN13876_c0_g1	2.12777692716663	NA	NA
TRINITY_DN13877_c0_g1	0.862568960922	NA	NA
TRINITY_DN13878_c0_g1	1.69091526374871	NA	NA
TRINITY_DN13879_c0_g1	2.71995177856048	NA	NA
TRINITY_DN1388_c0_g1	-1.44080641651036	NA	NA
TRINITY_DN1388_c0_g2	-1.52237678933332	NA	NA
TRINITY_DN13880_c0_g1	-0.875605499107633	NA	NA
TRINITY_DN13881_c0_g1	2.37923068157095	NA	NA
TRINITY_DN13882_c0_g1	-1.45746470731771	NA	NA
TRINITY_DN13883_c0_g1	2.44725580814198	NA	NA
TRINITY_DN13884_c0_g1	0.404130905289144	NA	NA
TRINITY_DN13886_c0_g1	-0.538381891429232	NA	NA
TRINITY_DN13887_c0_g1	-1.10943165859283	NA	NA
TRINITY_DN13889_c0_g1	3.37837066384122	NA	NA
TRINITY_DN1389_c0_g1	-0.377217742378465	NA	NA
TRINITY_DN13890_c0_g1	-0.291153738031106	NA	NA
TRINITY_DN13891_c0_g1	2.09242461516078	NA	NA
TRINITY_DN13893_c0_g1	-1.14149486553316	NA	NA
TRINITY_DN13894_c0_g1	-0.57414114348408	NA	NA
TRINITY_DN13895_c0_g1	1.01102415549966	NA	NA
TRINITY_DN13896_c0_g1	-2.10010954161782	NA	NA
TRINITY_DN13897_c0_g1	0.199964588705863	NA	NA
TRINITY_DN13898_c0_g1	-1.83369282203744	NA	NA
TRINITY_DN13899_c0_g1	-1.63562460342834	NA	NA
TRINITY_DN139_c0_g1	0.48647898306301	0.999155368198447	NA
TRINITY_DN139_c0_g1	0.48647898306301	0.999155368198447	NA
TRINITY_DN1390_c0_g1	-0.3636765118314	0.999155368198447	NA
TRINITY_DN1390_c0_g1	-0.3636765118314	0.999155368198447	NA
TRINITY_DN13900_c0_g1	-1.19710019314358	NA	NA
TRINITY_DN13901_c0_g1	-1.56103246555701	NA	NA
TRINITY_DN13902_c0_g1	3.62067747864103	NA	NA
TRINITY_DN13903_c0_g1	-0.517316146964925	NA	NA
TRINITY_DN13904_c0_g1	-2.08134676973634	NA	NA
TRINITY_DN13905_c0_g1	-1.51408937232975	NA	NA
TRINITY_DN13906_c0_g1	0.70623228761815	NA	NA
TRINITY_DN13907_c0_g1	-1.06304120054366	NA	NA
TRINITY_DN13908_c0_g1	-0.519317746528999	NA	NA
TRINITY_DN13909_c0_g1	1.19089856835487	NA	NA
TRINITY_DN1391_c0_g1	0.971824506075904	NA	NA
TRINITY_DN13910_c0_g1	0.716724789094451	0.999155368198447	NA
TRINITY_DN13911_c0_g1	-2.81455842110234	NA	NA
TRINITY_DN13912_c0_g1	1.71884561924229	NA	NA
TRINITY_DN13913_c0_g1	-2.50207896506497	NA	NA
TRINITY_DN13914_c0_g1	1.86008621251346	NA	NA
TRINITY_DN13915_c0_g1	-1.52098279218525	NA	NA
TRINITY_DN13917_c0_g1	-0.344026575743072	NA	NA
TRINITY_DN13918_c0_g1	-1.35079296374353	NA	NA
TRINITY_DN1392_c0_g1	0.406679326870975	NA	NA
TRINITY_DN13921_c0_g1	-0.483017618777061	NA	NA
TRINITY_DN13922_c0_g1	1.86008621251346	NA	NA
TRINITY_DN13923_c0_g1	-0.563502418396724	NA	NA
TRINITY_DN13925_c0_g1	1.76208259853803	NA	NA
TRINITY_DN13926_c0_g1	-1.4812089373976	NA	NA
TRINITY_DN13927_c0_g1	1.76208259853803	NA	NA
TRINITY_DN13928_c0_g1	-0.623387124452355	NA	NA
TRINITY_DN1393_c0_g1	1.98899910998084	NA	NA
TRINITY_DN13930_c0_g1	-0.469985739767456	NA	NA
TRINITY_DN13931_c0_g1	0.390272704745214	NA	NA
TRINITY_DN13932_c0_g1	-2.1004184037901	NA	NA
TRINITY_DN13933_c0_g1	0.187497252409019	NA	NA
TRINITY_DN13934_c0_g1	-0.94337656649844	NA	NA
TRINITY_DN13935_c0_g1	1.14083119334052	NA	NA
TRINITY_DN13936_c0_g1	-0.558532131785547	NA	NA
TRINITY_DN13937_c0_g1	2.75905656485706	NA	NA
TRINITY_DN13938_c0_g1	2.1081961915893	NA	NA
TRINITY_DN13939_c0_g1	2.39439602029138	NA	NA
TRINITY_DN1394_c0_g1	-1.89947492023968	NA	NA
TRINITY_DN1394_c0_g2	-1.16542031757385	NA	NA
TRINITY_DN1394_c0_g3	-0.572942760044095	NA	NA
TRINITY_DN13940_c0_g1	-1.47433355851477	NA	NA
TRINITY_DN13941_c0_g1	2.34479942720385	NA	NA
TRINITY_DN13942_c0_g1	-1.45746470731771	NA	NA
TRINITY_DN13943_c0_g1	-1.51408937232975	NA	NA
TRINITY_DN13944_c0_g1	1.67981603697526	NA	NA
TRINITY_DN13946_c0_g1	-3.10803753275189	NA	NA
TRINITY_DN13947_c0_g1	-1.88684408623199	NA	NA
TRINITY_DN13948_c0_g1	1.86008621251346	NA	NA
TRINITY_DN13949_c0_g1	-0.556576541337675	NA	NA
TRINITY_DN1395_c0_g1	-1.69516132194008	NA	NA
TRINITY_DN1395_c0_g1	-1.69516132194008	NA	NA
TRINITY_DN13950_c0_g1	-2.51302960855717	NA	NA
TRINITY_DN13951_c0_g1	2.36568134896167	NA	NA
TRINITY_DN13952_c0_g1	0.144935768082321	NA	NA
TRINITY_DN13953_c0_g1	-0.558749588789926	NA	NA
TRINITY_DN13954_c0_g1	-1.50868855806293	NA	NA
TRINITY_DN13955_c0_g1	1.76208259853803	NA	NA
TRINITY_DN13956_c0_g1	0.193998322733034	NA	NA
TRINITY_DN13957_c0_g1	0.686800977355256	0.999155368198447	NA
TRINITY_DN13958_c0_g1	-2.0552384105861	NA	NA
TRINITY_DN13959_c0_g1	0.0446071391100358	NA	NA
TRINITY_DN1396_c0_g1	-1.58769845502324	NA	NA
TRINITY_DN1396_c0_g2	-0.173168781550402	NA	NA
TRINITY_DN13960_c0_g1	2.82419796057184	NA	NA
TRINITY_DN13962_c0_g1	1.12500328723096	NA	NA
TRINITY_DN13963_c0_g1	-2.13450158150664	NA	NA
TRINITY_DN13964_c0_g1	1.07834901790229	NA	NA
TRINITY_DN13965_c0_g1	1.76208259853803	NA	NA
TRINITY_DN13966_c0_g1	-1.44573748935695	NA	NA
TRINITY_DN13967_c0_g1	-1.92006428103545	NA	NA
TRINITY_DN13968_c0_g1	-2.83815808505582	NA	NA
TRINITY_DN13969_c0_g1	3.13701697701118	NA	NA
TRINITY_DN1397_c0_g1	-1.10403234933878	NA	NA
TRINITY_DN1397_c0_g2	-0.128435761841861	NA	NA
TRINITY_DN1397_c1_g1	0.914501092495741	NA	NA
TRINITY_DN13970_c0_g1	2.1344004506707	NA	NA
TRINITY_DN13971_c0_g1	3.98877426417915	NA	NA
TRINITY_DN13972_c0_g1	0.0419103679951052	NA	NA
TRINITY_DN13973_c0_g1	1.01537941315	NA	NA
TRINITY_DN13974_c0_g1	2.41816903814623	NA	NA
TRINITY_DN13975_c0_g1	1.78598092109203	NA	NA
TRINITY_DN13976_c0_g1	0.208367705362183	NA	NA
TRINITY_DN13977_c0_g1	-1.51408937232975	NA	NA
TRINITY_DN13978_c0_g1	-0.511421862126452	NA	NA
TRINITY_DN13979_c0_g1	2.39122472618317	NA	NA
TRINITY_DN1398_c0_g1	0.437148041862492	NA	NA
TRINITY_DN13980_c0_g1	2.4166997646428	NA	NA
TRINITY_DN13981_c0_g1	-0.518538965015845	NA	NA
TRINITY_DN13983_c0_g1	0.931225206638191	NA	NA
TRINITY_DN13985_c0_g1	-2.12599672253002	NA	NA
TRINITY_DN13986_c0_g1	0.914501092495741	NA	NA
TRINITY_DN13987_c0_g1	1.69324757930599	NA	NA
TRINITY_DN13988_c0_g1	0.190081063352953	NA	NA
TRINITY_DN13989_c0_g1	0.434856754723332	NA	NA
TRINITY_DN1399_c0_g1	1.65735078778128	NA	NA
TRINITY_DN13990_c0_g1	2.42579940286875	NA	NA
TRINITY_DN13992_c0_g1	-0.228424957797758	NA	NA
TRINITY_DN13993_c0_g1	-0.0214290027927983	NA	NA
TRINITY_DN13994_c0_g1	0.370106781598564	NA	NA
TRINITY_DN13995_c0_g1	1.83479752267546	NA	NA
TRINITY_DN13996_c0_g1	1.86008621251346	NA	NA
TRINITY_DN13997_c0_g1	0.393360483290029	0.999155368198447	NA
TRINITY_DN13998_c0_g1	-2.09302402147116	NA	NA
TRINITY_DN13999_c0_g1	-0.375641231173084	NA	NA
TRINITY_DN14_c0_g1	-20.8572049813543	NA	NA
TRINITY_DN14_c0_g2	2.69388281949999	0.021187945148847	NA
TRINITY_DN140_c0_g1	-1.15691339217957	0.752306699676963	NA
TRINITY_DN140_c0_g1	-1.15691339217957	0.752306699676963	NA
TRINITY_DN140_c0_g1	-1.15691339217957	0.752306699676963	NA
TRINITY_DN140_c0_g1	-1.15691339217957	0.752306699676963	NA
TRINITY_DN140_c0_g1	-1.15691339217957	0.752306699676963	NA
TRINITY_DN140_c0_g1	-1.15691339217957	0.752306699676963	NA
TRINITY_DN1400_c0_g1	1.80950231271155	NA	NA
TRINITY_DN1400_c0_g2	2.34479942720385	NA	NA
TRINITY_DN14000_c0_g1	1.1226042148604	NA	NA
TRINITY_DN14001_c0_g1	-1.50576064523823	NA	NA
TRINITY_DN14002_c0_g1	1.71432497058235	NA	NA
TRINITY_DN14003_c0_g1	-0.351509473301981	NA	NA
TRINITY_DN14004_c0_g1	-0.56090672434376	NA	NA
TRINITY_DN14005_c0_g1	2.44725580814198	NA	NA
TRINITY_DN14007_c0_g1	-2.5020722179272	NA	NA
TRINITY_DN14008_c0_g1	1.10511242290202	NA	NA
TRINITY_DN14009_c0_g1	-1.50490337936995	NA	NA
TRINITY_DN1401_c0_g1	-0.43214017530345	0.999155368198447	NA
TRINITY_DN1401_c0_g1	-0.43214017530345	0.999155368198447	NA
TRINITY_DN14010_c0_g1	1.86008621251346	NA	NA
TRINITY_DN14011_c0_g1	2.0896396169625	NA	NA
TRINITY_DN14012_c0_g1	-2.50207295276304	NA	NA
TRINITY_DN14013_c0_g1	1.86008621251346	NA	NA
TRINITY_DN14014_c0_g1	-2.50829056031268	NA	NA
TRINITY_DN14015_c0_g1	-1.51807154720192	NA	NA
TRINITY_DN14017_c0_g1	-0.182198302815563	NA	NA
TRINITY_DN14018_c0_g1	1.86008621251346	NA	NA
TRINITY_DN14019_c0_g1	0.79308647144074	NA	NA
TRINITY_DN1402_c0_g1	-0.546906263547007	0.999155368198447	NA
TRINITY_DN1402_c0_g1	-0.546906263547007	0.999155368198447	NA
TRINITY_DN14020_c0_g1	2.44479988370631	NA	NA
TRINITY_DN14021_c0_g1	-0.000977984636061809	NA	NA
TRINITY_DN14022_c0_g1	1.80950231271155	NA	NA
TRINITY_DN14023_c0_g1	-0.337328665906983	NA	NA
TRINITY_DN14024_c0_g1	-0.801849008517981	NA	NA
TRINITY_DN14025_c0_g1	0.337256747505727	NA	NA
TRINITY_DN1403_c0_g1	-0.602829034607238	NA	NA
TRINITY_DN1403_c0_g2	-0.0438197070349396	NA	NA
TRINITY_DN14030_c0_g1	-1.05125802514658	NA	NA
TRINITY_DN14031_c0_g1	2.09361007950572	NA	NA
TRINITY_DN14032_c0_g1	0.0837230578785123	0.999155368198447	NA
TRINITY_DN14033_c0_g1	0.00176132226577238	0.999155368198447	NA
TRINITY_DN14037_c0_g1	1.38542681580874	NA	NA
TRINITY_DN14038_c0_g1	2.86279211382665	NA	NA
TRINITY_DN1404_c0_g1	0.185584014384973	NA	NA
TRINITY_DN1404_c0_g2	0.943734330716435	NA	NA
TRINITY_DN14040_c0_g1	1.71108128568063	NA	NA
TRINITY_DN14041_c0_g1	-0.910716119093286	NA	NA
TRINITY_DN14042_c0_g1	-0.839717803991889	NA	NA
TRINITY_DN14043_c0_g1	-1.47411550613894	NA	NA
TRINITY_DN14044_c0_g1	2.36452039320813	NA	NA
TRINITY_DN14045_c0_g1	1.86008621251346	NA	NA
TRINITY_DN14046_c0_g1	-3.0707548275816	NA	NA
TRINITY_DN14047_c0_g1	1.14151451796198	NA	NA
TRINITY_DN14048_c0_g1	0.221441482327214	NA	NA
TRINITY_DN14049_c0_g1	0.189911090342494	NA	NA
TRINITY_DN1405_c0_g1	-0.460804250250491	0.999155368198447	NA
TRINITY_DN1405_c0_g1	-0.460804250250491	0.999155368198447	NA
TRINITY_DN1405_c0_g1	-0.460804250250491	0.999155368198447	NA
TRINITY_DN1405_c0_g1	-0.460804250250491	0.999155368198447	NA
TRINITY_DN14050_c0_g1	-0.514408083819429	NA	NA
TRINITY_DN14051_c0_g1	-0.88552407722386	NA	NA
TRINITY_DN14052_c0_g1	-1.51408937232975	NA	NA
TRINITY_DN14053_c0_g1	-1.45746470731771	NA	NA
TRINITY_DN14054_c0_g1	-0.658083173704752	NA	NA
TRINITY_DN14055_c0_g1	1.18430733633281	NA	NA
TRINITY_DN14056_c0_g1	-1.41363348978469	NA	NA
TRINITY_DN14057_c0_g1	-1.47587439437518	NA	NA
TRINITY_DN14058_c0_g1	2.05325196405365	NA	NA
TRINITY_DN14059_c0_g1	-1.52237678933332	NA	NA
TRINITY_DN1406_c0_g1	0.180306873035548	NA	NA
TRINITY_DN1406_c0_g2	0.870395484262556	NA	NA
TRINITY_DN14061_c0_g1	1.69116676088373	NA	NA
TRINITY_DN14062_c0_g1	-2.52555441159883	NA	NA
TRINITY_DN14063_c0_g1	-2.73502693382069	NA	NA
TRINITY_DN14064_c0_g1	-2.09469793992418	NA	NA
TRINITY_DN14065_c0_g1	2.36732616955356	NA	NA
TRINITY_DN14067_c0_g1	-2.46259840217216	NA	NA
TRINITY_DN14068_c0_g1	1.67370619323576	NA	NA
TRINITY_DN14069_c0_g1	-2.08077861091851	NA	NA
TRINITY_DN1407_c0_g1	-0.824012283440719	NA	NA
TRINITY_DN1407_c0_g1	-0.824012283440719	NA	NA
TRINITY_DN1407_c0_g1	-0.824012283440719	NA	NA
TRINITY_DN14070_c0_g1	1.40511213738811	NA	NA
TRINITY_DN14071_c0_g1	0.42741562776632	NA	NA
TRINITY_DN14072_c0_g1	-2.02996103686588	NA	NA
TRINITY_DN14073_c0_g1	-0.615259144050129	NA	NA
TRINITY_DN14074_c0_g1	2.34479942720385	NA	NA
TRINITY_DN14075_c0_g1	1.09713869048223	NA	NA
TRINITY_DN14076_c0_g1	0.681440924515615	NA	NA
TRINITY_DN14077_c0_g1	-2.45982957956129	NA	NA
TRINITY_DN14079_c0_g1	-1.91671464490737	NA	NA
TRINITY_DN1408_c0_g1	NA	NA	NA
TRINITY_DN1408_c0_g2	-1.89640901194606	0.999155368198447	NA
TRINITY_DN14080_c0_g1	-0.554773925607132	NA	NA
TRINITY_DN14082_c0_g1	-1.58974379741518	NA	NA
TRINITY_DN14083_c0_g1	-2.8337630592054	NA	NA
TRINITY_DN14084_c0_g1	0.0984262434961417	NA	NA
TRINITY_DN14085_c0_g1	-1.51408937232975	NA	NA
TRINITY_DN14086_c0_g1	0.398161757298455	NA	NA
TRINITY_DN14087_c0_g1	2.37623848955798	NA	NA
TRINITY_DN14088_c0_g1	1.80950231271155	NA	NA
TRINITY_DN14089_c0_g1	-0.52071800718638	NA	NA
TRINITY_DN1409_c0_g1	-0.797263742877792	NA	NA
TRINITY_DN1409_c0_g1	-0.797263742877792	NA	NA
TRINITY_DN1409_c1_g1	-0.521376471423387	NA	NA
TRINITY_DN14090_c0_g1	1.39248024641102	NA	NA
TRINITY_DN14091_c0_g1	1.86008621251346	NA	NA
TRINITY_DN14092_c0_g1	-2.43326276171476	NA	NA
TRINITY_DN14093_c0_g1	1.00005735350016	NA	NA
TRINITY_DN14094_c0_g1	-0.48847216426433	NA	NA
TRINITY_DN14095_c0_g1	-1.04133357835359	NA	NA
TRINITY_DN14097_c0_g1	-1.50576064523823	NA	NA
TRINITY_DN14098_c0_g1	-0.149208920191378	NA	NA
TRINITY_DN14099_c0_g1	-0.620694888022403	NA	NA
TRINITY_DN141_c0_g1	0.632170937801913	0.999155368198447	NA
TRINITY_DN141_c0_g1	0.632170937801913	0.999155368198447	NA
TRINITY_DN1410_c0_g1	1.71992223395294	NA	NA
TRINITY_DN1410_c0_g2	0.377513313482089	NA	NA
TRINITY_DN14100_c0_g1	0.989194018787543	NA	NA
TRINITY_DN14101_c0_g1	-0.0153530851174207	NA	NA
TRINITY_DN14102_c0_g1	0.96786084027022	NA	NA
TRINITY_DN14103_c0_g1	1.11158661756151	NA	NA
TRINITY_DN14104_c0_g1	0.997601956910436	NA	NA
TRINITY_DN14105_c0_g1	-0.514450202482466	NA	NA
TRINITY_DN14106_c0_g1	2.12580265760366	NA	NA
TRINITY_DN14107_c0_g1	-1.50576064523823	NA	NA
TRINITY_DN14108_c0_g1	-1.1480675642522	NA	NA
TRINITY_DN14109_c0_g1	-1.13085240490436	NA	NA
TRINITY_DN1411_c0_g1	0.708189009977665	NA	NA
TRINITY_DN1411_c0_g2	-1.59407465106467	NA	NA
TRINITY_DN14111_c0_g1	0.415514048520861	NA	NA
TRINITY_DN14112_c0_g1	1.81098731193738	NA	NA
TRINITY_DN14114_c0_g1	-0.556557948770032	NA	NA
TRINITY_DN14115_c0_g1	-0.952364893473241	NA	NA
TRINITY_DN14116_c0_g1	0.386404749022759	NA	NA
TRINITY_DN14117_c0_g1	-1.08753856436643	NA	NA
TRINITY_DN14118_c0_g1	2.6859597745266	NA	NA
TRINITY_DN14119_c0_g1	-0.413645244976776	NA	NA
TRINITY_DN1412_c0_g1	-2.84682471169115	NA	NA
TRINITY_DN14120_c0_g1	-2.51236956268244	NA	NA
TRINITY_DN14121_c0_g1	2.81099727557659	NA	NA
TRINITY_DN14122_c0_g1	-1.1762882004091	NA	NA
TRINITY_DN14123_c0_g1	-0.873063322219873	NA	NA
TRINITY_DN14125_c0_g1	-2.49614009871764	NA	NA
TRINITY_DN14126_c0_g1	1.09738837757191	NA	NA
TRINITY_DN14127_c0_g1	1.86008621251346	NA	NA
TRINITY_DN14128_c0_g1	1.73979696460301	NA	NA
TRINITY_DN14129_c0_g1	0.358227347772538	NA	NA
TRINITY_DN1413_c0_g1	2.28606101821199	NA	NA
TRINITY_DN14130_c0_g1	-0.504810488066746	NA	NA
TRINITY_DN14132_c0_g1	1.13932227815	NA	NA
TRINITY_DN14133_c0_g1	-2.51827833309355	NA	NA
TRINITY_DN14134_c0_g1	2.37845737530872	NA	NA
TRINITY_DN14135_c0_g1	0.259212763364247	NA	NA
TRINITY_DN14136_c0_g1	-1.52237678933332	NA	NA
TRINITY_DN14137_c0_g1	-0.553340978847947	NA	NA
TRINITY_DN14138_c0_g1	-1.79706304744982	NA	NA
TRINITY_DN14139_c0_g1	0.994366386517425	NA	NA
TRINITY_DN1414_c0_g1	0.390753556279558	NA	NA
TRINITY_DN14140_c0_g1	0.204788357778121	NA	NA
TRINITY_DN14141_c0_g1	-0.64420916031269	NA	NA
TRINITY_DN14142_c0_g1	0.347439199125338	NA	NA
TRINITY_DN14143_c0_g1	-1.50576064523823	NA	NA
TRINITY_DN14145_c0_g1	-2.10027830054179	NA	NA
TRINITY_DN14146_c0_g1	-2.55499605538693	NA	NA
TRINITY_DN14147_c0_g1	-2.43583973375652	NA	NA
TRINITY_DN14149_c0_g1	2.81196166623018	NA	NA
TRINITY_DN1415_c0_g1	-0.596950254314157	0.999155368198447	NA
TRINITY_DN1415_c0_g1	-0.596950254314157	0.999155368198447	NA
TRINITY_DN14150_c0_g1	1.86008621251346	NA	NA
TRINITY_DN14151_c0_g1	-2.51162649260369	NA	NA
TRINITY_DN14152_c0_g1	1.76208259853803	NA	NA
TRINITY_DN14153_c0_g1	-2.7911265949263	NA	NA
TRINITY_DN14154_c0_g1	1.39408548521471	NA	NA
TRINITY_DN14155_c0_g1	1.10819022690835	NA	NA
TRINITY_DN14156_c0_g1	1.11941856428861	NA	NA
TRINITY_DN14157_c0_g1	-2.06394342368596	NA	NA
TRINITY_DN14158_c0_g1	1.78601640314066	NA	NA
TRINITY_DN14159_c0_g1	1.07939401915834	NA	NA
TRINITY_DN1416_c0_g1	-1.79137301337835	0.999155368198447	NA
TRINITY_DN1416_c1_g1	-1.45023909544181	NA	NA
TRINITY_DN14160_c0_g1	-2.50532078312165	NA	NA
TRINITY_DN14162_c0_g1	-1.51408937232975	NA	NA
TRINITY_DN14163_c0_g1	-2.08134676973634	NA	NA
TRINITY_DN14165_c0_g1	-0.124125888083726	NA	NA
TRINITY_DN14166_c0_g1	0.195181027175498	NA	NA
TRINITY_DN14168_c0_g1	-1.14149875056952	NA	NA
TRINITY_DN14169_c0_g1	0.876458492296915	0.999155368198447	NA
TRINITY_DN1417_c0_g1	1.375811492566	NA	NA
TRINITY_DN1417_c0_g2	-0.365917136463317	NA	NA
TRINITY_DN1417_c0_g3	-1.53877551991343	NA	NA
TRINITY_DN14170_c0_g1	-1.45746470731771	NA	NA
TRINITY_DN14171_c0_g1	0.357035691141287	NA	NA
TRINITY_DN14173_c0_g1	1.86008621251346	NA	NA
TRINITY_DN14174_c0_g1	-1.1081043610561	NA	NA
TRINITY_DN14175_c0_g1	-0.598310439861635	NA	NA
TRINITY_DN14178_c0_g1	1.07339936678874	NA	NA
TRINITY_DN14179_c0_g1	1.67112628469216	NA	NA
TRINITY_DN1418_c0_g1	0.00905057385014969	NA	NA
TRINITY_DN14180_c0_g1	-2.05940836227328	NA	NA
TRINITY_DN14181_c0_g1	-1.4744529219428	NA	NA
TRINITY_DN14182_c0_g1	-2.08502515174079	NA	NA
TRINITY_DN14183_c0_g1	2.08101545678733	NA	NA
TRINITY_DN14184_c0_g1	2.34479942720385	NA	NA
TRINITY_DN14185_c0_g1	2.3762538757228	NA	NA
TRINITY_DN14186_c0_g1	-0.501519759764134	NA	NA
TRINITY_DN14187_c0_g1	-1.13997671765574	NA	NA
TRINITY_DN14189_c0_g1	-1.99987284096263	NA	NA
TRINITY_DN1419_c0_g1	0.373739982455319	0.999155368198447	NA
TRINITY_DN14190_c0_g1	-1.51567873250808	NA	NA
TRINITY_DN14192_c0_g1	0.365688523647423	NA	NA
TRINITY_DN14193_c0_g1	-0.500421265063858	NA	NA
TRINITY_DN14194_c0_g1	-0.191546695396157	NA	NA
TRINITY_DN14195_c0_g1	-1.16126514075795	NA	NA
TRINITY_DN14196_c0_g1	0.699732607325736	NA	NA
TRINITY_DN14197_c0_g1	-0.658274980393787	NA	NA
TRINITY_DN14198_c0_g1	1.80950231271155	NA	NA
TRINITY_DN142_c0_g1	-1.43126390990489	0.999155368198447	NA
TRINITY_DN1420_c0_g1	-1.09857679718537	NA	NA
TRINITY_DN1420_c0_g1	-1.09857679718537	NA	NA
TRINITY_DN1420_c0_g1	-1.09857679718537	NA	NA
TRINITY_DN1420_c0_g1	-1.09857679718537	NA	NA
TRINITY_DN14200_c0_g1	-1.45746470731771	NA	NA
TRINITY_DN14201_c0_g1	-2.51270318403725	NA	NA
TRINITY_DN14202_c0_g1	-1.08753856436643	NA	NA
TRINITY_DN14203_c0_g1	1.80950231271155	NA	NA
TRINITY_DN14204_c0_g1	-2.8189671187273	NA	NA
TRINITY_DN14205_c0_g1	-2.11200493237607	NA	NA
TRINITY_DN14206_c0_g1	0.444180469217114	NA	NA
TRINITY_DN14207_c0_g1	0.379778005737581	NA	NA
TRINITY_DN14208_c0_g1	1.72823935723103	NA	NA
TRINITY_DN14209_c0_g1	1.70934798367076	NA	NA
TRINITY_DN1421_c0_g1	-1.71826640260436	NA	NA
TRINITY_DN1421_c0_g1	-1.71826640260436	NA	NA
TRINITY_DN14210_c0_g1	-1.55692356064696	NA	NA
TRINITY_DN14211_c0_g1	0.712996255287668	NA	NA
TRINITY_DN14212_c0_g1	-2.09302402147116	NA	NA
TRINITY_DN14216_c0_g1	-2.79689925983594	NA	NA
TRINITY_DN14217_c0_g1	-1.06748061118488	NA	NA
TRINITY_DN14218_c0_g1	-1.11313067911156	NA	NA
TRINITY_DN14219_c0_g1	-1.51408937232975	NA	NA
TRINITY_DN1422_c0_g1	1.71994166954161	NA	NA
TRINITY_DN14220_c0_g1	1.70180895675037	NA	NA
TRINITY_DN14222_c0_g1	1.11482723947286	NA	NA
TRINITY_DN14224_c0_g1	-0.200964983477796	NA	NA
TRINITY_DN14225_c0_g1	1.80950231271155	NA	NA
TRINITY_DN14228_c0_g1	2.39439602029138	NA	NA
TRINITY_DN14229_c0_g1	0.409717510432994	NA	NA
TRINITY_DN1423_c0_g1	-0.276594165205225	0.999155368198447	NA
TRINITY_DN1423_c0_g1	-0.276594165205225	0.999155368198447	NA
TRINITY_DN14230_c0_g1	0.91450109249574	NA	NA
TRINITY_DN14231_c0_g1	0.188236688161618	NA	NA
TRINITY_DN14232_c0_g1	-0.485665882288853	NA	NA
TRINITY_DN14233_c0_g1	1.07193069584558	NA	NA
TRINITY_DN14234_c0_g1	0.968845456377356	NA	NA
TRINITY_DN14235_c0_g1	2.44725580814198	NA	NA
TRINITY_DN14236_c0_g1	0.400680552841184	NA	NA
TRINITY_DN14237_c0_g1	0.181916856040471	NA	NA
TRINITY_DN14238_c0_g1	-1.51306824220563	NA	NA
TRINITY_DN14239_c0_g1	-1.09795064950256	NA	NA
TRINITY_DN1424_c0_g1	-0.761239792912683	0.999155368198447	NA
TRINITY_DN1424_c0_g1	-0.761239792912683	0.999155368198447	NA
TRINITY_DN14240_c0_g1	1.70111124699707	NA	NA
TRINITY_DN14241_c0_g1	-1.15382974269802	NA	NA
TRINITY_DN14243_c0_g1	1.0985196126803	NA	NA
TRINITY_DN14245_c0_g1	-2.82223241864653	NA	NA
TRINITY_DN14246_c0_g1	1.68470354715113	NA	NA
TRINITY_DN14247_c0_g1	0.354095031169539	NA	NA
TRINITY_DN14248_c0_g1	2.44671022646709	NA	NA
TRINITY_DN14249_c0_g1	0.992264487773359	NA	NA
TRINITY_DN1425_c0_g1	-0.636086743477814	NA	NA
TRINITY_DN14250_c0_g1	2.39439602029138	NA	NA
TRINITY_DN14251_c0_g1	-1.47365347667198	NA	NA
TRINITY_DN14252_c0_g1	3.1384663755204	NA	NA
TRINITY_DN14253_c0_g1	-1.51408937232975	NA	NA
TRINITY_DN14254_c0_g1	0.371152244918029	NA	NA
TRINITY_DN14256_c0_g1	-0.695014370857339	NA	NA
TRINITY_DN14257_c0_g1	-1.51408937232975	NA	NA
TRINITY_DN14258_c0_g1	1.12421959296122	NA	NA
TRINITY_DN1426_c0_g1	-0.606381675546409	NA	NA
TRINITY_DN1426_c0_g2	2.34479942720385	NA	NA
TRINITY_DN14260_c0_g1	-1.50576064523823	NA	NA
TRINITY_DN14262_c0_g1	-1.00329119359879	NA	NA
TRINITY_DN14263_c0_g1	-2.84481243836028	NA	NA
TRINITY_DN14264_c0_g1	-1.80122771047286	NA	NA
TRINITY_DN14265_c0_g1	1.7105556605314	NA	NA
TRINITY_DN14266_c0_g1	0.184285278133068	NA	NA
TRINITY_DN14267_c0_g1	0.17572656296662	NA	NA
TRINITY_DN14268_c0_g1	-2.02578785030274	NA	NA
TRINITY_DN14269_c0_g1	-2.08134676973634	NA	NA
TRINITY_DN1427_c0_g1	0.669090841392866	0.999155368198447	NA
TRINITY_DN1427_c0_g1	0.669090841392866	0.999155368198447	NA
TRINITY_DN14270_c0_g1	2.00146103366111	NA	NA
TRINITY_DN14271_c0_g1	0.036272465543765	NA	NA
TRINITY_DN14272_c0_g1	-1.06747070462331	NA	NA
TRINITY_DN14273_c0_g1	-3.08638398145066	NA	NA
TRINITY_DN14274_c0_g1	0.182868423801919	NA	NA
TRINITY_DN14275_c0_g1	-0.350102275322122	NA	NA
TRINITY_DN14276_c0_g1	-1.08972710095273	NA	NA
TRINITY_DN14278_c0_g1	-1.50576064523823	NA	NA
TRINITY_DN14279_c0_g1	2.10703433185819	NA	NA
TRINITY_DN1428_c0_g1	0.486570202693503	0.999155368198447	NA
TRINITY_DN1428_c0_g1	0.486570202693503	0.999155368198447	NA
TRINITY_DN1428_c0_g1	0.486570202693503	0.999155368198447	NA
TRINITY_DN14280_c0_g1	-0.516885858139146	NA	NA
TRINITY_DN14281_c0_g1	0.950470489199699	NA	NA
TRINITY_DN14282_c0_g1	1.60856268832461	NA	NA
TRINITY_DN14283_c0_g1	-1.47423963551921	NA	NA
TRINITY_DN14284_c0_g1	-2.83773651382435	NA	NA
TRINITY_DN14285_c0_g1	1.0780274035764	NA	NA
TRINITY_DN14286_c0_g1	0.99218481176247	NA	NA
TRINITY_DN14287_c0_g1	-0.635128606723794	NA	NA
TRINITY_DN14288_c0_g1	-2.49646362384781	NA	NA
TRINITY_DN14289_c0_g1	-0.319868450671031	NA	NA
TRINITY_DN1429_c0_g1	-0.0216525574995076	NA	NA
TRINITY_DN14290_c0_g1	-0.528582284525914	NA	NA
TRINITY_DN14291_c0_g1	-1.45746470731771	NA	NA
TRINITY_DN14292_c0_g1	3.15558046071418	NA	NA
TRINITY_DN14293_c0_g1	0.98944538475493	NA	NA
TRINITY_DN14294_c0_g1	2.70232021986289	NA	NA
TRINITY_DN14295_c0_g1	-0.768614095511196	NA	NA
TRINITY_DN14296_c0_g1	-0.630117317934067	NA	NA
TRINITY_DN14297_c0_g1	0.4002940712287	NA	NA
TRINITY_DN14299_c0_g1	-1.47410818764838	NA	NA
TRINITY_DN143_c0_g1	6.53362890995712	0.000874515742045166	NA
TRINITY_DN143_c0_g1	6.53362890995712	0.000874515742045166	NA
TRINITY_DN143_c0_g2	0.210661022532659	0.999155368198447	NA
TRINITY_DN143_c0_g2	0.210661022532659	0.999155368198447	NA
TRINITY_DN1430_c0_g1	-0.956673143904469	NA	NA
TRINITY_DN1430_c0_g1	-0.956673143904469	NA	NA
TRINITY_DN14300_c0_g1	1.78583441530612	NA	NA
TRINITY_DN14301_c0_g1	0.999561488129741	NA	NA
TRINITY_DN14302_c0_g1	0.740228727072123	NA	NA
TRINITY_DN14303_c0_g1	0.210964915481722	NA	NA
TRINITY_DN14304_c0_g1	-1.52237678933332	NA	NA
TRINITY_DN14305_c0_g1	-1.10927859937855	NA	NA
TRINITY_DN14306_c0_g1	-2.08832341280204	NA	NA
TRINITY_DN14307_c0_g1	-2.84059500168307	NA	NA
TRINITY_DN14308_c0_g1	-3.30705652736167	NA	NA
TRINITY_DN14309_c0_g1	1.96768375991806	NA	NA
TRINITY_DN1431_c0_g1	-0.684665903141262	NA	NA
TRINITY_DN14310_c0_g1	-0.147584873392013	NA	NA
TRINITY_DN14311_c0_g1	-0.626714304997114	NA	NA
TRINITY_DN14313_c0_g1	0.207487923763533	NA	NA
TRINITY_DN14314_c0_g1	-1.51268903525215	NA	NA
TRINITY_DN14315_c0_g1	-0.233991194613856	0.999155368198447	NA
TRINITY_DN14315_c0_g1	-0.233991194613856	0.999155368198447	NA
TRINITY_DN14315_c0_g1	-0.233991194613856	0.999155368198447	NA
TRINITY_DN14317_c0_g1	1.61978770711399	NA	NA
TRINITY_DN14318_c0_g1	-1.47385045735586	NA	NA
TRINITY_DN14319_c0_g1	2.44725580814198	NA	NA
TRINITY_DN1432_c0_g1	-0.55688528377548	NA	NA
TRINITY_DN14320_c0_g1	1.69511737540044	NA	NA
TRINITY_DN14321_c0_g1	0.328409947412001	NA	NA
TRINITY_DN14322_c0_g1	-0.0108894597950876	NA	NA
TRINITY_DN14323_c0_g1	3.13916584774515	NA	NA
TRINITY_DN14324_c0_g1	1.07790073213749	NA	NA
TRINITY_DN14326_c0_g1	-2.50776249664057	NA	NA
TRINITY_DN14327_c0_g1	1.81119859953237	NA	NA
TRINITY_DN14328_c0_g1	-0.635348073900472	NA	NA
TRINITY_DN14329_c0_g1	-0.180685785742196	NA	NA
TRINITY_DN1433_c0_g1	-2.05930351469251	NA	NA
TRINITY_DN1433_c0_g2	0.856156916480493	NA	NA
TRINITY_DN14330_c0_g1	0.0882083027498516	NA	NA
TRINITY_DN14331_c0_g1	-1.47337446503686	NA	NA
TRINITY_DN14332_c0_g1	2.39112721362532	NA	NA
TRINITY_DN14333_c0_g1	-0.554287184395184	NA	NA
TRINITY_DN14335_c0_g1	1.76208259853803	NA	NA
TRINITY_DN14337_c0_g1	0.315942507060126	NA	NA
TRINITY_DN14338_c0_g1	0.381835754965196	NA	NA
TRINITY_DN14339_c0_g1	-1.99987284096263	NA	NA
TRINITY_DN1434_c0_g1	-0.176151984296648	0.999155368198447	NA
TRINITY_DN1434_c0_g2	1.12531954098033	NA	NA
TRINITY_DN14340_c0_g1	1.104230630631	NA	NA
TRINITY_DN14343_c0_g1	-2.30373700315507	NA	NA
TRINITY_DN14344_c0_g1	1.86008621251346	NA	NA
TRINITY_DN14346_c0_g1	-0.939428423900002	NA	NA
TRINITY_DN14347_c0_g1	0.91450109249574	NA	NA
TRINITY_DN14349_c0_g1	-1.52237678933332	NA	NA
TRINITY_DN1435_c0_g1	0.175202688670736	0.999155368198447	NA
TRINITY_DN1435_c0_g1	0.175202688670736	0.999155368198447	NA
TRINITY_DN14350_c0_g1	0.406123056480718	NA	NA
TRINITY_DN14351_c0_g1	-1.45746470731771	NA	NA
TRINITY_DN14352_c0_g1	-2.09302402147116	NA	NA
TRINITY_DN14353_c0_g1	-0.218040479102647	NA	NA
TRINITY_DN14354_c0_g1	-1.41110895173473	NA	NA
TRINITY_DN14355_c0_g1	0.391851423891971	NA	NA
TRINITY_DN14356_c0_g1	2.36098450209218	NA	NA
TRINITY_DN14357_c0_g1	2.41183061267083	NA	NA
TRINITY_DN14358_c0_g1	-2.05623594450356	NA	NA
TRINITY_DN14359_c0_g1	1.10458698602769	NA	NA
TRINITY_DN1436_c0_g1	-1.38802308304856	NA	NA
TRINITY_DN14360_c0_g1	0.217536470131793	NA	NA
TRINITY_DN14361_c0_g1	-3.26777034759978	NA	NA
TRINITY_DN14362_c0_g1	0.415888675082248	NA	NA
TRINITY_DN14363_c0_g1	1.07681234537927	NA	NA
TRINITY_DN14364_c0_g1	0.396447079053221	NA	NA
TRINITY_DN14365_c0_g1	1.09165195667567	NA	NA
TRINITY_DN14366_c0_g1	-1.52005633403668	NA	NA
TRINITY_DN14367_c0_g1	-0.490704614745349	NA	NA
TRINITY_DN14368_c0_g1	-1.51408937232975	NA	NA
TRINITY_DN14369_c0_g1	-1.14599726705099	NA	NA
TRINITY_DN1437_c0_g1	-0.531319982655191	NA	NA
TRINITY_DN14371_c0_g1	-2.09302402147116	NA	NA
TRINITY_DN14372_c0_g1	-2.09302402147116	NA	NA
TRINITY_DN14373_c0_g1	-2.81135283767132	NA	NA
TRINITY_DN14374_c0_g1	-0.579364197673326	NA	NA
TRINITY_DN14375_c0_g1	-1.19722705488839	NA	NA
TRINITY_DN14376_c0_g1	2.41605189452272	NA	NA
TRINITY_DN14377_c0_g1	-1.13671148449403	NA	NA
TRINITY_DN14379_c0_g1	1.76208259853803	NA	NA
TRINITY_DN1438_c0_g1	2.75905656485706	NA	NA
TRINITY_DN14380_c0_g1	2.69218755362698	NA	NA
TRINITY_DN14382_c0_g1	-2.50207642408821	NA	NA
TRINITY_DN14383_c0_g1	-1.04288136451019	NA	NA
TRINITY_DN14384_c0_g1	2.39439602029138	NA	NA
TRINITY_DN14385_c0_g1	1.69535028388982	NA	NA
TRINITY_DN14386_c0_g1	-1.11196188247006	NA	NA
TRINITY_DN14388_c0_g1	1.86008621251346	NA	NA
TRINITY_DN14389_c0_g1	2.39439602029138	NA	NA
TRINITY_DN14390_c0_g1	1.86008621251346	NA	NA
TRINITY_DN14391_c0_g1	-1.50576064523823	NA	NA
TRINITY_DN14393_c0_g1	-1.10313463366201	NA	NA
TRINITY_DN14394_c0_g1	1.80950231271155	NA	NA
TRINITY_DN14395_c0_g1	-0.463174651237942	NA	NA
TRINITY_DN14396_c0_g1	-2.8637419385562	NA	NA
TRINITY_DN14397_c0_g1	1.86008621251346	NA	NA
TRINITY_DN14398_c0_g1	-0.520496338231388	NA	NA
TRINITY_DN14399_c0_g1	-2.09302402147116	NA	NA
TRINITY_DN144_c0_g1	1.01079547673772	0.999155368198447	NA
TRINITY_DN144_c0_g1	1.01079547673772	0.999155368198447	NA
TRINITY_DN1440_c0_g1	-0.878492180778496	0.999155368198447	NA
TRINITY_DN1440_c0_g2	-2.54158249550552	NA	NA
TRINITY_DN14400_c0_g1	0.364900143057996	NA	NA
TRINITY_DN14401_c0_g1	-0.560811387238347	NA	NA
TRINITY_DN14402_c0_g1	-0.2231884750031	NA	NA
TRINITY_DN14403_c0_g1	2.3888185255859	NA	NA
TRINITY_DN14404_c0_g1	1.07759587669188	NA	NA
TRINITY_DN14405_c0_g1	-1.52237678933332	NA	NA
TRINITY_DN14406_c0_g1	-1.10878054727373	NA	NA
TRINITY_DN14407_c0_g1	-0.263265649549581	NA	NA
TRINITY_DN14408_c0_g1	1.17287657315264	0.999155368198447	NA
TRINITY_DN14409_c0_g1	-0.544388221485075	NA	NA
TRINITY_DN1441_c0_g1	-0.99700049247093	NA	NA
TRINITY_DN14410_c0_g1	0.846331745035434	NA	NA
TRINITY_DN14411_c0_g1	-1.47468932490651	NA	NA
TRINITY_DN14412_c0_g1	-1.04129737183327	NA	NA
TRINITY_DN14413_c0_g1	-2.41340458201845	NA	NA
TRINITY_DN14415_c0_g1	-2.09302402147116	NA	NA
TRINITY_DN14416_c0_g1	-1.52237678933332	NA	NA
TRINITY_DN14417_c0_g1	-1.51408937232975	NA	NA
TRINITY_DN14419_c0_g1	1.09832623612325	NA	NA
TRINITY_DN1442_c0_g1	2.40820521216	NA	NA
TRINITY_DN1442_c1_g1	-3.06977382372843	NA	NA
TRINITY_DN14420_c0_g1	2.34479942720385	NA	NA
TRINITY_DN14421_c0_g1	-2.09072088002574	NA	NA
TRINITY_DN14422_c0_g1	-2.08881248208597	NA	NA
TRINITY_DN14423_c0_g1	2.0982711978396	NA	NA
TRINITY_DN14424_c0_g1	1.69112340095377	NA	NA
TRINITY_DN14425_c0_g1	-1.99987284096263	NA	NA
TRINITY_DN14426_c0_g1	-1.45746470731771	NA	NA
TRINITY_DN14427_c0_g1	0.222301457020974	NA	NA
TRINITY_DN14428_c0_g1	1.6745174470035	NA	NA
TRINITY_DN14429_c0_g1	-3.30487539082178	NA	NA
TRINITY_DN1443_c0_g1	-2.10184749639626	NA	NA
TRINITY_DN1443_c0_g2	-1.51408937232975	NA	NA
TRINITY_DN14430_c0_g1	-1.35458187608847	NA	NA
TRINITY_DN14431_c0_g1	1.81117974142807	NA	NA
TRINITY_DN14432_c0_g1	-2.82593687267628	NA	NA
TRINITY_DN14434_c0_g1	1.76208259853803	NA	NA
TRINITY_DN14435_c0_g1	1.68357182354025	NA	NA
TRINITY_DN14436_c0_g1	0.210814748479979	NA	NA
TRINITY_DN14437_c0_g1	1.09773357564684	NA	NA
TRINITY_DN14438_c0_g1	1.86008621251346	NA	NA
TRINITY_DN14439_c0_g1	0.935614489253549	NA	NA
TRINITY_DN1444_c0_g1	-0.413895763717431	NA	NA
TRINITY_DN14440_c0_g1	-0.355572422969744	NA	NA
TRINITY_DN14441_c0_g1	2.75905656485706	NA	NA
TRINITY_DN14442_c0_g1	0.390485240418017	NA	NA
TRINITY_DN14443_c0_g1	-1.04667270180924	NA	NA
TRINITY_DN14444_c0_g1	0.440415462524223	NA	NA
TRINITY_DN14445_c0_g1	1.14111713634765	NA	NA
TRINITY_DN14446_c0_g1	-0.585496508849427	NA	NA
TRINITY_DN14447_c0_g1	-1.52237678933332	NA	NA
TRINITY_DN14448_c0_g1	1.40434726353276	NA	NA
TRINITY_DN14449_c0_g1	2.44725580814198	NA	NA
TRINITY_DN1445_c0_g1	-2.80335227643361	NA	NA
TRINITY_DN14450_c0_g1	-1.51408937232975	NA	NA
TRINITY_DN14451_c0_g1	1.12152229552265	NA	NA
TRINITY_DN14452_c0_g1	1.86008621251346	NA	NA
TRINITY_DN14453_c0_g1	1.69553194844727	NA	NA
TRINITY_DN14454_c0_g1	-3.32012653216368	NA	NA
TRINITY_DN14456_c0_g1	1.76208259853803	NA	NA
TRINITY_DN14457_c0_g1	1.70019195655972	NA	NA
TRINITY_DN14458_c0_g1	-2.46850071236834	NA	NA
TRINITY_DN14459_c0_g1	0.217469424352046	NA	NA
TRINITY_DN1446_c0_g1	3.1240721883927	NA	NA
TRINITY_DN14460_c0_g1	0.194197274541084	NA	NA
TRINITY_DN14461_c0_g1	-3.10351267874448	NA	NA
TRINITY_DN14462_c0_g1	-2.50502191433308	NA	NA
TRINITY_DN14463_c0_g1	-1.2067655027571	NA	NA
TRINITY_DN14464_c0_g1	-1.51408937232975	NA	NA
TRINITY_DN14465_c0_g1	0.186164817392561	NA	NA
TRINITY_DN14466_c0_g1	1.68796211281047	NA	NA
TRINITY_DN14467_c0_g1	-1.50576064523823	NA	NA
TRINITY_DN14468_c0_g1	0.421324248895225	NA	NA
TRINITY_DN14469_c0_g1	2.86279211382665	NA	NA
TRINITY_DN1447_c0_g1	-1.15914400775988	NA	NA
TRINITY_DN14471_c0_g1	1.86008621251346	NA	NA
TRINITY_DN14472_c0_g1	1.76208259853803	NA	NA
TRINITY_DN14473_c0_g1	-1.52237678933332	NA	NA
TRINITY_DN14475_c0_g1	-1.51408937232975	NA	NA
TRINITY_DN14476_c0_g1	-1.52237678933332	NA	NA
TRINITY_DN14477_c0_g1	2.34479942720385	NA	NA
TRINITY_DN14478_c0_g1	-2.06559867173162	NA	NA
TRINITY_DN14479_c0_g1	-0.516721003899381	NA	NA
TRINITY_DN1448_c0_g1	0.394998990548975	NA	NA
TRINITY_DN14480_c0_g1	1.70068383748141	NA	NA
TRINITY_DN14481_c0_g1	2.84163194365597	NA	NA
TRINITY_DN14482_c0_g1	0.339312609108046	NA	NA
TRINITY_DN14483_c0_g1	-0.52288605864276	NA	NA
TRINITY_DN14484_c0_g1	1.76208259853803	NA	NA
TRINITY_DN14485_c0_g1	1.18433041197824	NA	NA
TRINITY_DN14486_c0_g1	-1.84893034266907	NA	NA
TRINITY_DN14487_c0_g1	-1.20572661362289	NA	NA
TRINITY_DN14488_c0_g1	-1.50576064523823	NA	NA
TRINITY_DN1449_c0_g1	-0.258142242291466	0.999155368198447	NA
TRINITY_DN1449_c0_g1	-0.258142242291466	0.999155368198447	NA
TRINITY_DN14491_c0_g1	1.76208259853803	NA	NA
TRINITY_DN14492_c0_g1	-0.899288876961025	NA	NA
TRINITY_DN14493_c0_g1	2.09379678138936	NA	NA
TRINITY_DN14495_c0_g1	0.184244095067135	NA	NA
TRINITY_DN14496_c0_g1	1.22053054657911	0.999155368198447	NA
TRINITY_DN14497_c0_g1	-1.99987284096263	NA	NA
TRINITY_DN14498_c0_g1	2.4156974469979	NA	NA
TRINITY_DN14499_c0_g1	1.39281945271681	NA	NA
TRINITY_DN145_c0_g1	-0.0650049301756637	0.999155368198447	NA
TRINITY_DN145_c0_g2	0.451946609765249	0.999155368198447	NA
TRINITY_DN1450_c0_g1	-1.35255803069265	NA	NA
TRINITY_DN14500_c0_g1	2.41824879585787	NA	NA
TRINITY_DN14501_c0_g1	1.70784313592913	NA	NA
TRINITY_DN14502_c0_g1	-2.09302402147116	NA	NA
TRINITY_DN14503_c0_g1	-1.50576064523823	NA	NA
TRINITY_DN14504_c0_g1	-4.40323733073945	NA	NA
TRINITY_DN14505_c0_g1	-0.80747146987844	NA	NA
TRINITY_DN14506_c0_g1	0.401376957626275	NA	NA
TRINITY_DN14508_c0_g1	-1.52237678933332	NA	NA
TRINITY_DN14509_c0_g1	-1.54179012761457	NA	NA
TRINITY_DN1451_c0_g1	-2.09755922815983	NA	NA
TRINITY_DN1451_c0_g2	0.809410184356117	NA	NA
TRINITY_DN14511_c0_g1	1.66056747936964	NA	NA
TRINITY_DN14512_c0_g1	0.195698390962518	NA	NA
TRINITY_DN14513_c0_g1	-1.50576064523823	NA	NA
TRINITY_DN14514_c0_g1	0.440671288805751	NA	NA
TRINITY_DN14516_c0_g1	0.394889422772468	NA	NA
TRINITY_DN14518_c0_g1	0.690931333830199	NA	NA
TRINITY_DN14519_c0_g1	1.10836586470244	NA	NA
TRINITY_DN1452_c0_g1	-0.429011009407786	NA	NA
TRINITY_DN14520_c0_g1	-1.51265304030433	NA	NA
TRINITY_DN14522_c0_g1	0.226749865352977	NA	NA
TRINITY_DN14523_c0_g1	-1.52237678933332	NA	NA
TRINITY_DN14524_c0_g1	-0.22644969816871	NA	NA
TRINITY_DN14525_c0_g1	1.76208259853803	NA	NA
TRINITY_DN14527_c0_g1	1.6630440234473	NA	NA
TRINITY_DN14528_c0_g1	-1.52257631190087	NA	NA
TRINITY_DN1453_c0_g1	-0.439592740703345	0.999155368198447	NA
TRINITY_DN1453_c0_g1	-0.439592740703345	0.999155368198447	NA
TRINITY_DN1453_c0_g1	-0.439592740703345	0.999155368198447	NA
TRINITY_DN1453_c0_g1	-0.439592740703345	0.999155368198447	NA
TRINITY_DN1453_c0_g1	-0.439592740703345	0.999155368198447	NA
TRINITY_DN1453_c0_g1	-0.439592740703345	0.999155368198447	NA
TRINITY_DN1453_c0_g1	-0.439592740703345	0.999155368198447	NA
TRINITY_DN14530_c0_g1	-2.12599672253002	NA	NA
TRINITY_DN14533_c0_g1	0.21237440764554	NA	NA
TRINITY_DN14534_c0_g1	1.12329482944937	NA	NA
TRINITY_DN14536_c0_g1	-2.46257201307314	NA	NA
TRINITY_DN14537_c0_g1	2.46078758601987	0.632072287990679	NA
TRINITY_DN14538_c0_g1	1.13768557012271	NA	NA
TRINITY_DN14539_c0_g1	0.361256727244018	NA	NA
TRINITY_DN1454_c0_g1	-0.796314087610861	NA	NA
TRINITY_DN14540_c0_g1	0.744757504736122	NA	NA
TRINITY_DN14541_c0_g1	1.86008621251346	NA	NA
TRINITY_DN14542_c0_g1	-1.99987284096263	NA	NA
TRINITY_DN14543_c0_g1	-1.14580398985746	NA	NA
TRINITY_DN14544_c0_g1	-1.45746470731771	NA	NA
TRINITY_DN14545_c0_g1	1.35576632491711	NA	NA
TRINITY_DN14546_c0_g1	-2.52308127591866	NA	NA
TRINITY_DN14547_c0_g1	-0.53320331320902	NA	NA
TRINITY_DN14548_c0_g1	0.174756176884433	NA	NA
TRINITY_DN1455_c0_g1	-0.619783397100989	NA	NA
TRINITY_DN1455_c0_g4	1.11958573738246	NA	NA
TRINITY_DN1455_c0_g5	-1.50576064523823	NA	NA
TRINITY_DN14550_c0_g1	-1.0674831464608	NA	NA
TRINITY_DN14551_c0_g1	1.10248949421036	NA	NA
TRINITY_DN14552_c0_g1	1.86008621251346	NA	NA
TRINITY_DN14555_c0_g1	1.10191971401723	NA	NA
TRINITY_DN14556_c0_g1	1.86008621251346	NA	NA
TRINITY_DN14558_c0_g1	-2.49717980066402	NA	NA
TRINITY_DN14559_c0_g1	-1.52237678933332	NA	NA
TRINITY_DN1456_c0_g1	-0.334889173153572	NA	NA
TRINITY_DN1456_c0_g2	-1.51408937232975	NA	NA
TRINITY_DN14560_c0_g1	1.1281123238556	NA	NA
TRINITY_DN14561_c0_g1	-0.906325077564083	NA	NA
TRINITY_DN14562_c0_g1	0.194053808557571	NA	NA
TRINITY_DN14563_c0_g1	2.08945056500279	NA	NA
TRINITY_DN14564_c0_g1	1.76208259853803	NA	NA
TRINITY_DN14565_c0_g1	0.366300338883844	NA	NA
TRINITY_DN14566_c0_g1	1.12061174451105	NA	NA
TRINITY_DN14567_c0_g1	1.12717409367399	NA	NA
TRINITY_DN14568_c0_g1	1.6709271297029	NA	NA
TRINITY_DN14569_c0_g1	1.10710244441932	NA	NA
TRINITY_DN1457_c0_g1	0.279509695177408	0.999155368198447	NA
TRINITY_DN1457_c0_g2	0.622213954845002	NA	NA
TRINITY_DN1457_c0_g3	-0.88390997356991	0.999155368198447	NA
TRINITY_DN14570_c0_g1	1.69806628998421	NA	NA
TRINITY_DN14573_c0_g1	0.194162058638467	NA	NA
TRINITY_DN14574_c0_g1	-2.78975967965851	NA	NA
TRINITY_DN14575_c0_g1	1.76208259853803	NA	NA
TRINITY_DN14576_c0_g1	1.86008621251346	NA	NA
TRINITY_DN14577_c0_g1	1.76208259853803	NA	NA
TRINITY_DN14578_c0_g1	-1.52237678933332	NA	NA
TRINITY_DN1458_c0_g1	-2.49925447482651	NA	NA
TRINITY_DN14580_c0_g1	-2.05708263746844	NA	NA
TRINITY_DN14581_c0_g1	-2.49646362384781	NA	NA
TRINITY_DN14582_c0_g1	-1.14937219200218	NA	NA
TRINITY_DN14583_c0_g1	1.86008621251346	NA	NA
TRINITY_DN14584_c0_g1	0.206336103814605	NA	NA
TRINITY_DN14585_c0_g1	-1.04092143818866	NA	NA
TRINITY_DN14587_c0_g1	1.1086963429793	NA	NA
TRINITY_DN14588_c0_g1	-0.0538820983448313	NA	NA
TRINITY_DN14589_c0_g1	0.180382994734963	NA	NA
TRINITY_DN14590_c0_g1	2.34479942720385	NA	NA
TRINITY_DN14591_c0_g1	1.66653664083769	NA	NA
TRINITY_DN14592_c0_g1	3.101538857756	NA	NA
TRINITY_DN14593_c0_g1	-1.51408937232975	NA	NA
TRINITY_DN14594_c0_g1	-1.52237678933332	NA	NA
TRINITY_DN14595_c0_g1	-2.85095424360744	NA	NA
TRINITY_DN14596_c0_g1	0.991317832421088	NA	NA
TRINITY_DN14597_c0_g1	-0.146893380655818	NA	NA
TRINITY_DN14598_c0_g1	0.84247208880747	NA	NA
TRINITY_DN146_c0_g1	0.778781417035824	0.999155368198447	NA
TRINITY_DN146_c0_g1	0.778781417035824	0.999155368198447	NA
TRINITY_DN146_c0_g1	0.778781417035824	0.999155368198447	NA
TRINITY_DN14600_c0_g1	2.68610016823428	NA	NA
TRINITY_DN14601_c0_g1	-1.122661453476	NA	NA
TRINITY_DN14602_c0_g1	2.86279211382665	NA	NA
TRINITY_DN14603_c0_g1	-1.52237678933332	NA	NA
TRINITY_DN14604_c0_g1	2.39131179777143	NA	NA
TRINITY_DN14605_c0_g1	-2.12599672253002	NA	NA
TRINITY_DN14607_c0_g1	-2.09882752410058	NA	NA
TRINITY_DN14608_c0_g1	2.39439602029138	NA	NA
TRINITY_DN14609_c0_g1	-1.47411550613894	NA	NA
TRINITY_DN1461_c0_g1	1.37704161116745	NA	NA
TRINITY_DN14610_c0_g1	-1.07623082503277	NA	NA
TRINITY_DN14611_c0_g1	-0.213207104144464	NA	NA
TRINITY_DN14612_c0_g1	0.204288872113149	NA	NA
TRINITY_DN14614_c0_g1	-0.521140030160757	NA	NA
TRINITY_DN14615_c0_g1	1.07943628978041	NA	NA
TRINITY_DN14616_c0_g1	1.07681234537927	NA	NA
TRINITY_DN14617_c0_g1	-2.0574653241261	NA	NA
TRINITY_DN14618_c0_g1	-2.10027791211212	NA	NA
TRINITY_DN14619_c0_g1	-2.08134676973634	NA	NA
TRINITY_DN14620_c0_g1	1.0699640878476	NA	NA
TRINITY_DN14621_c0_g1	0.451982136123053	NA	NA
TRINITY_DN14623_c0_g1	-1.45746470731771	NA	NA
TRINITY_DN14624_c0_g1	0.914501092495741	NA	NA
TRINITY_DN14625_c0_g1	2.11821184329758	NA	NA
TRINITY_DN14627_c0_g1	0.91450109249574	NA	NA
TRINITY_DN14628_c0_g1	-1.07783084301609	NA	NA
TRINITY_DN1463_c0_g1	3.35197576780321	NA	NA
TRINITY_DN14630_c0_g1	-1.17520384781429	NA	NA
TRINITY_DN14632_c0_g1	-2.05713305217356	NA	NA
TRINITY_DN14634_c0_g1	-2.02586735155394	NA	NA
TRINITY_DN14635_c0_g1	-2.46260379941158	NA	NA
TRINITY_DN14636_c0_g1	-1.08228451837754	NA	NA
TRINITY_DN14637_c0_g1	-0.522283827868215	NA	NA
TRINITY_DN14638_c0_g1	-0.520316207844777	NA	NA
TRINITY_DN14639_c0_g1	0.423559305792899	NA	NA
TRINITY_DN1464_c0_g1	-3.08492146891375	NA	NA
TRINITY_DN14641_c0_g1	-1.84528112311455	NA	NA
TRINITY_DN14642_c0_g1	-1.45746470731771	NA	NA
TRINITY_DN14644_c0_g1	-2.12599672253002	NA	NA
TRINITY_DN14645_c0_g1	-1.50915541472977	NA	NA
TRINITY_DN14648_c0_g1	-0.519589813420023	NA	NA
TRINITY_DN14649_c0_g1	-0.510103161945491	NA	NA
TRINITY_DN1465_c0_g1	0.344518012681596	NA	NA
TRINITY_DN1465_c0_g2	-0.768614095511196	NA	NA
TRINITY_DN14650_c0_g1	1.76208259853803	NA	NA
TRINITY_DN14651_c0_g1	-1.10006824833902	NA	NA
TRINITY_DN14653_c0_g1	-0.461581461898366	NA	NA
TRINITY_DN14654_c0_g1	-0.526981336346146	NA	NA
TRINITY_DN14655_c0_g1	-0.556941196351517	NA	NA
TRINITY_DN14656_c0_g1	-2.08535008107762	NA	NA
TRINITY_DN14657_c0_g1	2.44645704488665	NA	NA
TRINITY_DN14658_c0_g1	1.76208259853803	NA	NA
TRINITY_DN14659_c0_g1	1.86008621251346	NA	NA
TRINITY_DN1466_c0_g1	-2.47046751218393	NA	NA
TRINITY_DN1466_c0_g2	1.94115806677796	NA	NA
TRINITY_DN1466_c0_g2	1.94115806677796	NA	NA
TRINITY_DN14660_c0_g1	1.80950231271155	NA	NA
TRINITY_DN14661_c0_g1	1.86008621251346	NA	NA
TRINITY_DN14662_c0_g1	1.05974545994326	NA	NA
TRINITY_DN14663_c0_g1	-2.12599672253002	NA	NA
TRINITY_DN14664_c0_g1	0.1841558964344	NA	NA
TRINITY_DN14665_c0_g1	-1.10832165327454	NA	NA
TRINITY_DN14666_c0_g1	-1.79607802657063	NA	NA
TRINITY_DN14667_c0_g1	1.38240337775417	NA	NA
TRINITY_DN14668_c0_g1	-2.08176011103871	NA	NA
TRINITY_DN14669_c0_g1	-2.09302402147116	NA	NA
TRINITY_DN14670_c0_g1	-3.07263966434272	NA	NA
TRINITY_DN14671_c0_g1	1.6618723001371	NA	NA
TRINITY_DN14673_c0_g1	1.62216322113178	NA	NA
TRINITY_DN14674_c0_g1	-1.09743955618168	NA	NA
TRINITY_DN14675_c0_g1	0.194826917923082	NA	NA
TRINITY_DN14677_c0_g1	1.83477709294526	NA	NA
TRINITY_DN14678_c0_g1	-2.48068563065413	NA	NA
TRINITY_DN14679_c0_g1	2.80941590716106	NA	NA
TRINITY_DN14682_c0_g1	-2.48946079722078	NA	NA
TRINITY_DN14684_c0_g1	-1.45746470731771	NA	NA
TRINITY_DN14685_c0_g1	-1.07400868366395	NA	NA
TRINITY_DN14686_c0_g1	1.78577469462469	NA	NA
TRINITY_DN14687_c0_g1	-2.01628193326954	NA	NA
TRINITY_DN14688_c0_g1	0.194186787410946	NA	NA
TRINITY_DN1469_c0_g1	-1.48651476497463	NA	NA
TRINITY_DN14690_c0_g1	0.183795569297155	NA	NA
TRINITY_DN14691_c0_g1	-2.08956702032726	NA	NA
TRINITY_DN14692_c0_g1	0.188239869330569	NA	NA
TRINITY_DN14693_c0_g1	-0.52112118208927	NA	NA
TRINITY_DN14694_c0_g1	-1.51408937232975	NA	NA
TRINITY_DN14695_c0_g1	-0.552746059698136	NA	NA
TRINITY_DN14696_c0_g1	1.80950231271155	NA	NA
TRINITY_DN14698_c0_g1	1.69094270403116	NA	NA
TRINITY_DN14699_c0_g1	2.41667571738504	NA	NA
TRINITY_DN147_c0_g1	-1.07648761438911	0.999155368198447	NA
TRINITY_DN1470_c0_g1	-0.764281643956835	NA	NA
TRINITY_DN1470_c0_g2	-0.623084719382924	0.999155368198447	NA
TRINITY_DN14700_c0_g1	1.86008621251346	NA	NA
TRINITY_DN14701_c0_g1	1.66938558156855	NA	NA
TRINITY_DN14702_c0_g1	-1.1453714531789	NA	NA
TRINITY_DN14703_c0_g1	0.939902184984885	NA	NA
TRINITY_DN14704_c0_g1	2.44725580814198	NA	NA
TRINITY_DN14705_c0_g1	-0.512653308533652	NA	NA
TRINITY_DN14706_c0_g1	-1.09587255180883	NA	NA
TRINITY_DN14707_c0_g1	2.39154959151468	NA	NA
TRINITY_DN14708_c0_g1	1.42681720294602	NA	NA
TRINITY_DN14709_c0_g1	-0.250482846209248	NA	NA
TRINITY_DN1471_c0_g1	-1.06702055112178	NA	NA
TRINITY_DN1471_c0_g2	1.67904804545634	NA	NA
TRINITY_DN1471_c0_g3	0.384848235507829	NA	NA
TRINITY_DN14710_c0_g1	-1.47656826962677	NA	NA
TRINITY_DN14712_c0_g1	-2.02474655537968	NA	NA
TRINITY_DN14714_c0_g1	1.704109539121	NA	NA
TRINITY_DN14715_c0_g1	-2.05942807262381	NA	NA
TRINITY_DN14717_c0_g1	1.81097779067458	NA	NA
TRINITY_DN14718_c0_g1	-2.09302402147116	NA	NA
TRINITY_DN14719_c0_g1	2.42525626068647	NA	NA
TRINITY_DN1472_c0_g1	-0.980315699949444	NA	NA
TRINITY_DN14720_c0_g1	1.80950231271155	NA	NA
TRINITY_DN14721_c0_g1	-0.520665911240552	NA	NA
TRINITY_DN14722_c0_g1	1.80950231271155	NA	NA
TRINITY_DN14723_c0_g1	1.67857417195136	NA	NA
TRINITY_DN14724_c0_g1	1.76208259853803	NA	NA
TRINITY_DN14727_c0_g1	-1.91483200187637	NA	NA
TRINITY_DN14728_c0_g1	-0.523653710644705	NA	NA
TRINITY_DN14729_c0_g1	-2.07364932760602	NA	NA
TRINITY_DN1473_c0_g1	-1.18326905002712	NA	NA
TRINITY_DN14730_c0_g1	-2.08134676973634	NA	NA
TRINITY_DN14732_c0_g1	2.39063218701772	NA	NA
TRINITY_DN14733_c0_g1	1.15716472069464	NA	NA
TRINITY_DN14735_c0_g1	-2.09942089042381	NA	NA
TRINITY_DN14736_c0_g1	-2.45655847403668	NA	NA
TRINITY_DN14739_c0_g1	0.4124039160882	NA	NA
TRINITY_DN1474_c0_g1	-0.929159789156482	NA	NA
TRINITY_DN14741_c0_g1	0.206931923801486	NA	NA
TRINITY_DN14742_c0_g1	-1.50886597470372	NA	NA
TRINITY_DN14743_c0_g1	1.81099667730295	NA	NA
TRINITY_DN14744_c0_g1	-2.51535711687893	NA	NA
TRINITY_DN14745_c0_g1	1.78588930851745	NA	NA
TRINITY_DN14746_c0_g1	-1.99987284096263	NA	NA
TRINITY_DN14748_c0_g1	-1.56000026740762	NA	NA
TRINITY_DN14749_c0_g1	1.76208259853803	NA	NA
TRINITY_DN1475_c0_g1	-1.53612381582998	NA	NA
TRINITY_DN1475_c0_g2	0.398144957651229	NA	NA
TRINITY_DN1475_c1_g1	-0.33461949449764	NA	NA
TRINITY_DN14750_c0_g1	-0.5567693919562	NA	NA
TRINITY_DN14751_c0_g1	-2.14232872983539	NA	NA
TRINITY_DN14752_c0_g1	0.981084703147493	NA	NA
TRINITY_DN14753_c0_g1	-0.768614095511196	NA	NA
TRINITY_DN14754_c0_g1	-0.480666274733399	NA	NA
TRINITY_DN14755_c0_g1	1.76208259853803	NA	NA
TRINITY_DN14756_c0_g1	-1.47742142794132	NA	NA
TRINITY_DN14757_c0_g1	-1.50576064523823	NA	NA
TRINITY_DN14758_c0_g1	-0.499511433846569	NA	NA
TRINITY_DN14759_c0_g1	2.36253143172236	NA	NA
TRINITY_DN1476_c0_g1	3.10449314272318	NA	NA
TRINITY_DN1476_c0_g2	-0.62418368594816	NA	NA
TRINITY_DN14760_c0_g1	1.12460689289352	NA	NA
TRINITY_DN14761_c0_g1	-2.54158249550552	NA	NA
TRINITY_DN14763_c0_g1	2.84287502167274	NA	NA
TRINITY_DN14765_c0_g1	1.80950231271155	NA	NA
TRINITY_DN14766_c0_g1	0.17593646644222	NA	NA
TRINITY_DN14767_c0_g1	0.97989954654805	NA	NA
TRINITY_DN14768_c0_g1	-1.50576064523823	NA	NA
TRINITY_DN14769_c0_g1	1.80950231271155	NA	NA
TRINITY_DN1477_c0_g1	1.20551025218915	NA	NA
TRINITY_DN14770_c0_g1	-2.73502693382069	NA	NA
TRINITY_DN14773_c0_g1	1.76208259853803	NA	NA
TRINITY_DN14774_c0_g1	1.14052874041352	NA	NA
TRINITY_DN14775_c0_g1	-1.19907098287344	NA	NA
TRINITY_DN14776_c0_g1	1.65173147338795	NA	NA
TRINITY_DN14777_c0_g1	1.81097134493147	NA	NA
TRINITY_DN14778_c0_g1	-0.475003658853101	NA	NA
TRINITY_DN14779_c0_g1	1.0604312617217	NA	NA
TRINITY_DN1478_c0_g1	0.91450109249574	NA	NA
TRINITY_DN14780_c0_g1	-1.50686250050445	NA	NA
TRINITY_DN14781_c0_g1	1.76208259853803	NA	NA
TRINITY_DN14782_c0_g1	0.18619717558354	NA	NA
TRINITY_DN14783_c0_g1	1.11124010841189	NA	NA
TRINITY_DN14784_c0_g1	-0.177103944623861	NA	NA
TRINITY_DN14785_c0_g1	2.44725580814198	NA	NA
TRINITY_DN14786_c0_g1	0.18313674570159	NA	NA
TRINITY_DN14787_c0_g1	1.76208259853803	NA	NA
TRINITY_DN14788_c0_g1	0.329888729691782	NA	NA
TRINITY_DN14790_c0_g1	-2.08134676973634	NA	NA
TRINITY_DN14793_c0_g1	-1.52237678933332	NA	NA
TRINITY_DN14797_c0_g1	1.11661167389834	NA	NA
TRINITY_DN14797_c0_g1	1.11661167389834	NA	NA
TRINITY_DN14799_c0_g1	2.75905656485706	NA	NA
TRINITY_DN148_c0_g1	0.0933330087031201	0.999155368198447	NA
TRINITY_DN148_c0_g1	0.0933330087031201	0.999155368198447	NA
TRINITY_DN1480_c0_g1	1.99505881523354	NA	NA
TRINITY_DN1480_c0_g1	1.99505881523354	NA	NA
TRINITY_DN14801_c0_g1	2.39439602029138	NA	NA
TRINITY_DN14802_c0_g1	1.12250932738504	NA	NA
TRINITY_DN14803_c0_g1	-1.51773011737271	NA	NA
TRINITY_DN14804_c0_g1	0.997292021200684	NA	NA
TRINITY_DN14805_c0_g1	-2.49958449752336	NA	NA
TRINITY_DN14806_c0_g1	2.12849198039152	NA	NA
TRINITY_DN14807_c0_g1	1.86008621251346	NA	NA
TRINITY_DN14808_c0_g1	0.211160204223099	NA	NA
TRINITY_DN14809_c0_g1	-0.617195812205986	NA	NA
TRINITY_DN1481_c0_g1	0.725919000405491	NA	NA
TRINITY_DN14810_c0_g1	0.195181027175498	NA	NA
TRINITY_DN14811_c0_g1	-1.51408937232975	NA	NA
TRINITY_DN14813_c0_g1	-1.52237678933332	NA	NA
TRINITY_DN14814_c0_g1	2.34479942720385	NA	NA
TRINITY_DN14815_c0_g1	2.37705738649632	NA	NA
TRINITY_DN14816_c0_g1	-1.11248341965105	NA	NA
TRINITY_DN14817_c0_g1	-0.542842674028303	NA	NA
TRINITY_DN14818_c0_g1	0.398612503324042	NA	NA
TRINITY_DN1482_c0_g1	2.41664943146292	NA	NA
TRINITY_DN14820_c0_g1	0.182791196306711	NA	NA
TRINITY_DN14821_c0_g1	0.182170930367269	NA	NA
TRINITY_DN14823_c0_g1	-2.49049197138395	NA	NA
TRINITY_DN14825_c0_g1	0.188315278057841	NA	NA
TRINITY_DN14826_c0_g1	0.204788357778121	NA	NA
TRINITY_DN14827_c0_g1	-1.18107285483567	NA	NA
TRINITY_DN14829_c0_g1	2.42493281184253	NA	NA
TRINITY_DN14830_c0_g1	-1.51408937232975	NA	NA
TRINITY_DN14832_c0_g1	0.350337562586053	NA	NA
TRINITY_DN14833_c0_g1	-1.52237678933332	NA	NA
TRINITY_DN14836_c0_g1	1.13213003341829	NA	NA
TRINITY_DN14837_c0_g1	1.13493452603553	NA	NA
TRINITY_DN14838_c0_g1	-1.51408937232975	NA	NA
TRINITY_DN1484_c0_g1	-3.97619232735464	NA	NA
TRINITY_DN1484_c0_g2	-0.570376006677622	0.999155368198447	NA
TRINITY_DN14840_c0_g1	1.834819763554	NA	NA
TRINITY_DN14841_c0_g1	0.186189734581876	NA	NA
TRINITY_DN14842_c0_g1	0.188679638839367	NA	NA
TRINITY_DN14843_c0_g1	-2.08127650715394	NA	NA
TRINITY_DN14844_c0_g1	-2.09895419419329	NA	NA
TRINITY_DN14845_c0_g1	-1.99987284096263	NA	NA
TRINITY_DN14846_c0_g1	0.201158619082762	NA	NA
TRINITY_DN14847_c0_g1	-0.515141776137219	NA	NA
TRINITY_DN14848_c0_g1	-2.10753223775467	NA	NA
TRINITY_DN1485_c0_g1	-2.07365742493569	NA	NA
TRINITY_DN14850_c0_g1	-0.531158373699772	NA	NA
TRINITY_DN14851_c0_g1	-0.21706797827531	NA	NA
TRINITY_DN14852_c0_g1	1.69906458218923	NA	NA
TRINITY_DN14853_c0_g1	2.44725580814198	NA	NA
TRINITY_DN14854_c0_g1	-2.08963989671426	NA	NA
TRINITY_DN14856_c0_g1	0.992156487904575	NA	NA
TRINITY_DN14857_c0_g1	-2.0735702556624	NA	NA
TRINITY_DN14858_c0_g1	0.967543629662229	NA	NA
TRINITY_DN1486_c0_g1	1.42135746061454	NA	NA
TRINITY_DN1486_c0_g2	0.720350614956587	NA	NA
TRINITY_DN14860_c0_g1	1.76208259853803	NA	NA
TRINITY_DN14861_c0_g1	-1.51408937232975	NA	NA
TRINITY_DN14862_c0_g1	0.1875700276888	NA	NA
TRINITY_DN14863_c0_g1	1.76208259853803	NA	NA
TRINITY_DN14865_c0_g1	2.36390293522411	NA	NA
TRINITY_DN14866_c0_g1	-1.51807154720192	NA	NA
TRINITY_DN14867_c0_g1	1.80950231271155	NA	NA
TRINITY_DN14868_c0_g1	-0.482554527317183	NA	NA
TRINITY_DN14869_c0_g1	0.193111544076154	NA	NA
TRINITY_DN1487_c0_g1	-0.0142070052838957	NA	NA
TRINITY_DN14872_c0_g1	-1.50918377247082	NA	NA
TRINITY_DN14873_c0_g1	-0.541712546815914	NA	NA
TRINITY_DN14875_c0_g1	-1.47347707635851	NA	NA
TRINITY_DN14876_c0_g1	1.06772010433463	NA	NA
TRINITY_DN14878_c0_g1	-2.09338206545054	NA	NA
TRINITY_DN14879_c0_g1	-1.51408937232975	NA	NA
TRINITY_DN1488_c0_g1	1.43126612833223	NA	NA
TRINITY_DN1488_c0_g2	-1.06779680595339	NA	NA
TRINITY_DN14880_c0_g1	-1.511784889342	NA	NA
TRINITY_DN14881_c0_g1	1.12514016260481	NA	NA
TRINITY_DN14882_c0_g1	1.76208259853803	NA	NA
TRINITY_DN14883_c0_g1	1.80950231271155	NA	NA
TRINITY_DN14884_c0_g1	-2.48926767764727	NA	NA
TRINITY_DN14885_c0_g1	-1.50576064523823	NA	NA
TRINITY_DN14887_c0_g1	2.39439602029138	NA	NA
TRINITY_DN14888_c0_g1	1.80950231271155	NA	NA
TRINITY_DN1489_c0_g1	4.25631667442711	NA	NA
TRINITY_DN1489_c0_g1	4.25631667442711	NA	NA
TRINITY_DN1489_c0_g2	1.41066297842566	NA	NA
TRINITY_DN14890_c0_g1	0.194512822420579	NA	NA
TRINITY_DN14892_c0_g1	0.180707777110134	NA	NA
TRINITY_DN14895_c0_g1	-1.51202641165258	NA	NA
TRINITY_DN14896_c0_g1	NA	NA	NA
TRINITY_DN14898_c0_g1	1.76208259853803	NA	NA
TRINITY_DN14899_c0_g1	-1.50847474254486	NA	NA
TRINITY_DN149_c0_g1	0.633305710438818	0.999155368198447	NA
TRINITY_DN149_c0_g1	0.633305710438818	0.999155368198447	NA
TRINITY_DN1490_c0_g1	1.39576335679535	NA	NA
TRINITY_DN14901_c0_g1	0.185002864156637	NA	NA
TRINITY_DN14902_c0_g1	0.206386859009145	NA	NA
TRINITY_DN14903_c0_g1	1.76208259853803	NA	NA
TRINITY_DN14904_c0_g1	2.34479942720385	NA	NA
TRINITY_DN14905_c0_g1	-0.272940962683079	NA	NA
TRINITY_DN14906_c0_g1	-1.38582505362972	NA	NA
TRINITY_DN14907_c0_g1	-0.303650984679798	NA	NA
TRINITY_DN14908_c0_g1	2.54586011566324	NA	NA
TRINITY_DN14909_c0_g1	-2.05830314630056	NA	NA
TRINITY_DN1491_c0_g1	0.343292840806991	NA	NA
TRINITY_DN1491_c0_g2	0.581415694042868	NA	NA
TRINITY_DN14910_c0_g1	-0.00680162764327669	0.999155368198447	NA
TRINITY_DN14911_c0_g1	1.86008621251346	NA	NA
TRINITY_DN14912_c0_g1	0.979064463023908	NA	NA
TRINITY_DN14913_c0_g1	-0.518048368737501	NA	NA
TRINITY_DN14914_c0_g1	-0.720468381222353	0.999155368198447	NA
TRINITY_DN14914_c0_g1	-0.720468381222353	0.999155368198447	NA
TRINITY_DN14915_c0_g1	-2.41340458201845	NA	NA
TRINITY_DN14916_c0_g1	-1.52237678933332	NA	NA
TRINITY_DN14917_c0_g1	-0.0647961607644107	0.999155368198447	NA
TRINITY_DN14918_c0_g1	1.86008621251346	NA	NA
TRINITY_DN1492_c0_g1	1.7319320251683	NA	NA
TRINITY_DN1492_c0_g2	-1.5200164792732	NA	NA
TRINITY_DN14920_c0_g1	-0.491617745322653	NA	NA
TRINITY_DN14921_c0_g1	1.69720147921393	NA	NA
TRINITY_DN14922_c0_g1	0.381191788566957	0.999155368198447	NA
TRINITY_DN14922_c0_g1	0.381191788566957	0.999155368198447	NA
TRINITY_DN14922_c0_g1	0.381191788566957	0.999155368198447	NA
TRINITY_DN14923_c0_g1	2.44725580814198	NA	NA
TRINITY_DN14924_c0_g1	0.442753248032425	NA	NA
TRINITY_DN14925_c0_g1	-1.17464957882903	NA	NA
TRINITY_DN14926_c0_g1	-2.29648401818914	NA	NA
TRINITY_DN14927_c0_g1	-1.51408937232975	NA	NA
TRINITY_DN14928_c0_g1	-0.484512772202385	NA	NA
TRINITY_DN14929_c0_g1	1.80950231271155	NA	NA
TRINITY_DN1493_c0_g1	0.263968511682257	NA	NA
TRINITY_DN1493_c0_g2	-0.00337694415911981	NA	NA
TRINITY_DN1493_c0_g3	0.393656867356526	NA	NA
TRINITY_DN14930_c0_g1	-0.895960788980934	NA	NA
TRINITY_DN14931_c0_g1	-2.10404188217403	NA	NA
TRINITY_DN14932_c0_g1	1.21344929165296	0.698616924517647	NA
TRINITY_DN14933_c0_g1	0.0386884740792393	0.999155368198447	NA
TRINITY_DN14934_c0_g1	0.099481449279299	0.999155368198447	NA
TRINITY_DN14935_c0_g1	0.531281842003659	0.999155368198447	NA
TRINITY_DN14936_c0_g1	-0.688504267315655	NA	NA
TRINITY_DN14937_c0_g1	0.397607449563058	0.999155368198447	NA
TRINITY_DN14938_c0_g1	-4.41006408531984	NA	NA
TRINITY_DN14939_c0_g1	-0.958231284109816	NA	NA
TRINITY_DN1494_c0_g1	-2.05888538877434	NA	NA
TRINITY_DN1494_c0_g2	1.67991906234439	NA	NA
TRINITY_DN14940_c0_g1	-0.768614095511196	NA	NA
TRINITY_DN14941_c0_g1	-0.583145957361263	NA	NA
TRINITY_DN14942_c0_g1	-0.0735131828395307	0.999155368198447	NA
TRINITY_DN14943_c0_g1	-0.320800965368586	0.999155368198447	NA
TRINITY_DN14943_c0_g1	-0.320800965368586	0.999155368198447	NA
TRINITY_DN14944_c0_g1	0.052603991690728	0.999155368198447	NA
TRINITY_DN14945_c0_g1	-0.228883542288283	NA	NA
TRINITY_DN14946_c0_g1	-0.892172588441798	0.999155368198447	NA
TRINITY_DN14947_c0_g1	-0.808678849579854	NA	NA
TRINITY_DN14948_c0_g1	-0.147660591728603	0.999155368198447	NA
TRINITY_DN14949_c0_g1	0.0948554400211483	0.999155368198447	NA
TRINITY_DN1495_c0_g1	0.549096193997952	0.999155368198447	NA
TRINITY_DN14951_c0_g1	-3.32358854503152	NA	NA
TRINITY_DN14952_c0_g1	0.0741511348239336	NA	NA
TRINITY_DN14954_c0_g1	0.482991293884038	0.999155368198447	NA
TRINITY_DN14956_c0_g1	1.80950231271155	NA	NA
TRINITY_DN14957_c0_g1	-1.10045119820293	NA	NA
TRINITY_DN14958_c0_g1	0.0461409019231064	NA	NA
TRINITY_DN14959_c0_g1	-0.134906246759615	NA	NA
TRINITY_DN1496_c0_g1	NA	NA	NA
TRINITY_DN1496_c0_g2	1.64385141513448	NA	NA
TRINITY_DN14960_c0_g1	2.20663975506325	NA	NA
TRINITY_DN14961_c0_g1	-1.61739878914683	NA	NA
TRINITY_DN14962_c0_g1	-0.174360728897062	0.999155368198447	NA
TRINITY_DN14963_c0_g1	0.426376751865685	NA	NA
TRINITY_DN14964_c0_g1	-0.307644683164908	0.999155368198447	NA
TRINITY_DN14965_c0_g1	3.10691724231835	NA	NA
TRINITY_DN14966_c0_g1	-1.55004056176185	NA	NA
TRINITY_DN14967_c0_g1	-0.429007427443348	0.999155368198447	NA
TRINITY_DN14968_c0_g1	0.916067777424871	NA	NA
TRINITY_DN14969_c0_g1	1.5660485013844	0.388595355616791	NA
TRINITY_DN14969_c0_g1	1.5660485013844	0.388595355616791	NA
TRINITY_DN1497_c0_g1	0.943235206122847	NA	NA
TRINITY_DN14970_c0_g1	0.979031278081466	NA	NA
TRINITY_DN14971_c0_g1	2.34479942720385	NA	NA
TRINITY_DN14971_c1_g1	-0.607725409777194	NA	NA
TRINITY_DN14972_c0_g1	-0.817618779807008	NA	NA
TRINITY_DN14973_c0_g1	0.392334336557818	NA	NA
TRINITY_DN14974_c0_g1	-1.12092285722204	NA	NA
TRINITY_DN14975_c0_g1	0.9994681218695	NA	NA
TRINITY_DN14976_c0_g1	3.40245800447681	NA	NA
TRINITY_DN14977_c0_g1	-2.48276695506001	NA	NA
TRINITY_DN14978_c0_g1	0.0613673598460121	0.999155368198447	NA
TRINITY_DN14979_c0_g1	-1.51408937232975	NA	NA
TRINITY_DN1498_c0_g1	NA	NA	NA
TRINITY_DN1498_c0_g2	-1.10067773201125	NA	NA
TRINITY_DN14980_c0_g1	-2.49204659531193	NA	NA
TRINITY_DN14981_c0_g1	0.148379576246994	0.999155368198447	NA
TRINITY_DN14982_c0_g1	-1.18240428163114	NA	NA
TRINITY_DN14983_c0_g1	0.934685989764492	NA	NA
TRINITY_DN14984_c0_g1	0.0271339277358422	0.999155368198447	NA
TRINITY_DN14985_c0_g1	2.07626995485324	NA	NA
TRINITY_DN14986_c0_g1	-3.26307943172338	0.388595355616791	NA
TRINITY_DN14987_c0_g1	-0.905450877490142	NA	NA
TRINITY_DN14988_c0_g1	-1.01500741343902	NA	NA
TRINITY_DN14989_c0_g1	-1.51408937232975	NA	NA
TRINITY_DN1499_c0_g1	-0.830241965665023	0.999155368198447	NA
TRINITY_DN14990_c0_g1	-2.06987571369125	NA	NA
TRINITY_DN14991_c0_g1	1.98295596629519	NA	NA
TRINITY_DN14992_c0_g1	0.992637881531469	NA	NA
TRINITY_DN14993_c0_g1	0.38811756471821	NA	NA
TRINITY_DN14994_c0_g1	2.44725580814198	NA	NA
TRINITY_DN14995_c0_g1	-0.772102738036591	NA	NA
TRINITY_DN14996_c0_g1	-0.558682122845775	0.999155368198447	NA
TRINITY_DN14997_c0_g1	-0.954966628634748	NA	NA
TRINITY_DN14998_c0_g1	0.784884705100757	0.999155368198447	NA
TRINITY_DN14999_c0_g1	2.34479942720385	NA	NA
TRINITY_DN15_c0_g1	1.30864828524173	0.579315901196181	NA
TRINITY_DN15_c0_g1	1.30864828524173	0.579315901196181	NA
TRINITY_DN15_c0_g1	1.30864828524173	0.579315901196181	NA
TRINITY_DN15_c0_g2	1.32930372903771	0.999155368198447	NA
TRINITY_DN15_c1_g1	0.278308504430207	0.999155368198447	NA
TRINITY_DN15_c1_g1	0.278308504430207	0.999155368198447	NA
TRINITY_DN15_c1_g1	0.278308504430207	0.999155368198447	NA
TRINITY_DN150_c0_g1	-1.69857594551577	0.892511752226086	NA
TRINITY_DN1500_c0_g1	-2.09302402147116	NA	NA
TRINITY_DN15000_c0_g1	0.353046954385379	NA	NA
TRINITY_DN15001_c0_g1	-1.95049966028593	0.892511752226086	NA
TRINITY_DN15002_c0_g1	0.118757028455566	NA	NA
TRINITY_DN15003_c0_g1	1.70562834661867	NA	NA
TRINITY_DN15004_c0_g1	1.40135057068125	0.999155368198447	NA
TRINITY_DN15005_c0_g1	0.396468922162056	NA	NA
TRINITY_DN15006_c0_g1	-0.311249081732223	NA	NA
TRINITY_DN15006_c0_g1	-0.311249081732223	NA	NA
TRINITY_DN15007_c0_g1	0.368047850239534	NA	NA
TRINITY_DN15008_c0_g1	-1.50576064523823	NA	NA
TRINITY_DN15009_c0_g1	1.12645556088472	NA	NA
TRINITY_DN1501_c0_g1	0.387256885801122	NA	NA
TRINITY_DN1501_c0_g2	1.07624595219432	NA	NA
TRINITY_DN1501_c0_g3	-0.141865418155461	0.999155368198447	NA
TRINITY_DN15010_c0_g1	1.42846232384906	NA	NA
TRINITY_DN15011_c0_g1	-0.499906436763603	0.999155368198447	NA
TRINITY_DN15012_c0_g1	-2.54158249550552	NA	NA
TRINITY_DN15013_c0_g1	0.219453003461208	NA	NA
TRINITY_DN15014_c0_g1	-3.07511246678551	NA	NA
TRINITY_DN15016_c0_g1	0.390014448657233	NA	NA
TRINITY_DN15017_c0_g1	0.624580612258051	NA	NA
TRINITY_DN15018_c0_g1	-1.17527562499396	NA	NA
TRINITY_DN15020_c0_g1	0.070625226234945	0.999155368198447	NA
TRINITY_DN15020_c0_g1	0.070625226234945	0.999155368198447	NA
TRINITY_DN15021_c0_g1	-0.399388402569209	NA	NA
TRINITY_DN15023_c0_g1	0.0348181073433636	NA	NA
TRINITY_DN15024_c0_g1	-0.520665911240552	NA	NA
TRINITY_DN15025_c0_g1	-1.84096567275841	NA	NA
TRINITY_DN15026_c0_g1	-0.0127598172707476	NA	NA
TRINITY_DN15027_c0_g1	0.188999507339773	NA	NA
TRINITY_DN15028_c0_g1	-1.47503463099943	NA	NA
TRINITY_DN15029_c0_g1	-0.393816275245653	0.999155368198447	NA
TRINITY_DN1503_c0_g1	-0.617606367993958	NA	NA
TRINITY_DN1503_c0_g2	-0.528149016482796	NA	NA
TRINITY_DN15030_c0_g1	1.86008621251346	NA	NA
TRINITY_DN15031_c0_g1	-2.08086129390683	NA	NA
TRINITY_DN15032_c0_g1	-0.00417658104769723	0.999155368198447	NA
TRINITY_DN15033_c0_g1	-1.38254731891419	NA	NA
TRINITY_DN15034_c0_g1	-0.208678950445541	NA	NA
TRINITY_DN15035_c0_g1	0.424094760179285	NA	NA
TRINITY_DN15037_c0_g1	0.113359500011932	0.999155368198447	NA
TRINITY_DN15038_c0_g1	-0.187808387737338	NA	NA
TRINITY_DN15039_c0_g1	-0.466672959241187	NA	NA
TRINITY_DN1504_c0_g1	-0.581909235220276	NA	NA
TRINITY_DN1504_c0_g2	0.636432514536348	NA	NA
TRINITY_DN15040_c0_g1	-1.18844026858509	NA	NA
TRINITY_DN15041_c0_g1	-0.00619978789647342	0.999155368198447	NA
TRINITY_DN15042_c0_g1	-1.47575568235896	NA	NA
TRINITY_DN15043_c0_g1	0.558944821996378	NA	NA
TRINITY_DN15044_c0_g1	0.171988415247587	NA	NA
TRINITY_DN15045_c0_g1	-0.873705975415032	NA	NA
TRINITY_DN15046_c0_g1	-0.00467457633591413	NA	NA
TRINITY_DN15047_c0_g1	-1.51408937232975	NA	NA
TRINITY_DN15048_c0_g1	0.349624674318302	NA	NA
TRINITY_DN15049_c0_g1	0.380424252629796	NA	NA
TRINITY_DN1505_c0_g1	0.39446683084082	NA	NA
TRINITY_DN15050_c0_g1	2.10830968791785	NA	NA
TRINITY_DN15051_c0_g1	0.982785687403014	NA	NA
TRINITY_DN15052_c0_g1	-3.23745293034667	NA	NA
TRINITY_DN15053_c0_g1	1.76208259853803	NA	NA
TRINITY_DN15055_c0_g1	-2.08185557593376	NA	NA
TRINITY_DN15056_c0_g1	-0.123775309507259	0.999155368198447	NA
TRINITY_DN15057_c0_g1	-2.82289576041199	NA	NA
TRINITY_DN15058_c0_g1	0.574768466705103	NA	NA
TRINITY_DN15059_c0_g1	-0.0903501713266793	0.999155368198447	NA
TRINITY_DN1506_c0_g1	-0.325880450024344	NA	NA
TRINITY_DN1506_c0_g2	-0.411911131068559	NA	NA
TRINITY_DN1506_c0_g3	1.613129021864	NA	NA
TRINITY_DN15060_c0_g1	1.07241341380987	NA	NA
TRINITY_DN15061_c0_g1	-1.50576064523823	NA	NA
TRINITY_DN15062_c0_g1	0.975954137208757	NA	NA
TRINITY_DN15063_c0_g1	1.99437215680705	0.22579342639897	NA
TRINITY_DN15064_c0_g1	0.0689338338716	0.999155368198447	NA
TRINITY_DN15065_c0_g1	-0.947067937895406	NA	NA
TRINITY_DN15066_c0_g1	0.0837628524260704	NA	NA
TRINITY_DN15067_c0_g1	0.979910561250578	NA	NA
TRINITY_DN15068_c0_g1	-1.51408937232975	NA	NA
TRINITY_DN1507_c0_g1	0.491422206363583	0.999155368198447	NA
TRINITY_DN15071_c0_g1	2.78504597061422	NA	NA
TRINITY_DN15072_c0_g1	-0.789692158857994	NA	NA
TRINITY_DN15073_c0_g1	0.360630734447401	0.999155368198447	NA
TRINITY_DN15074_c0_g1	-2.47882434018803	NA	NA
TRINITY_DN15075_c0_g1	-1.19714170528795	NA	NA
TRINITY_DN15076_c0_g1	-0.4324708115126	NA	NA
TRINITY_DN15077_c0_g1	-3.3158572970197	NA	NA
TRINITY_DN15078_c0_g1	-2.54158249550552	NA	NA
TRINITY_DN15079_c0_g1	-2.03146763249193	NA	NA
TRINITY_DN1508_c0_g1	1.80950231271155	NA	NA
TRINITY_DN1508_c0_g2	-0.638835977206421	NA	NA
TRINITY_DN15080_c0_g1	-3.46926598631728	NA	NA
TRINITY_DN15081_c0_g1	1.9738152898442	NA	NA
TRINITY_DN15082_c0_g1	-3.38049217805422	0.155490763207243	NA
TRINITY_DN15082_c0_g1	-3.38049217805422	0.155490763207243	NA
TRINITY_DN15084_c0_g1	0.383803504220809	NA	NA
TRINITY_DN15086_c0_g1	0.717574080965378	0.999155368198447	NA
TRINITY_DN15087_c0_g1	0.420962087539362	NA	NA
TRINITY_DN15088_c0_g1	1.86008621251346	NA	NA
TRINITY_DN15089_c0_g1	0.211534605136043	NA	NA
TRINITY_DN1509_c0_g1	1.67306403508943	NA	NA
TRINITY_DN15090_c0_g1	-0.585103882845443	0.999155368198447	NA
TRINITY_DN15091_c0_g1	-1.79564187982876	0.999155368198447	NA
TRINITY_DN15092_c0_g1	-0.614886694637183	NA	NA
TRINITY_DN15093_c0_g1	2.94907673043786	0.484946682090301	NA
TRINITY_DN15093_c0_g1	2.94907673043786	0.484946682090301	NA
TRINITY_DN15094_c0_g1	-0.206599258580231	NA	NA
TRINITY_DN15095_c0_g1	-0.491202555950534	NA	NA
TRINITY_DN15096_c0_g1	1.15863437947639	NA	NA
TRINITY_DN15097_c0_g1	1.06194474950061	NA	NA
TRINITY_DN15098_c0_g1	-0.221171453151442	0.999155368198447	NA
TRINITY_DN15099_c0_g1	1.80950231271155	NA	NA
TRINITY_DN151_c0_g1	0.0576707488531983	0.999155368198447	NA
TRINITY_DN151_c0_g1	0.0576707488531983	0.999155368198447	NA
TRINITY_DN1510_c0_g1	-0.0790919297379516	0.999155368198447	NA
TRINITY_DN1510_c0_g1	-0.0790919297379516	0.999155368198447	NA
TRINITY_DN1510_c0_g1	-0.0790919297379516	0.999155368198447	NA
TRINITY_DN1510_c0_g1	-0.0790919297379516	0.999155368198447	NA
TRINITY_DN1510_c0_g1	-0.0790919297379516	0.999155368198447	NA
TRINITY_DN15100_c0_g1	0.375210926361581	NA	NA
TRINITY_DN15101_c0_g1	-1.99987284096263	NA	NA
TRINITY_DN15102_c0_g1	1.61644498482691	NA	NA
TRINITY_DN15103_c0_g1	2.44725580814198	NA	NA
TRINITY_DN15105_c0_g1	1.72974644242906	NA	NA
TRINITY_DN15106_c0_g1	0.188463864916037	NA	NA
TRINITY_DN15107_c0_g1	-0.825404888884314	NA	NA
TRINITY_DN15108_c0_g1	-1.50576064523823	NA	NA
TRINITY_DN15109_c0_g1	2.36107751332209	NA	NA
TRINITY_DN1511_c0_g1	-2.12599672253002	NA	NA
TRINITY_DN15110_c0_g1	-1.52237678933332	NA	NA
TRINITY_DN15111_c0_g1	-1.41520386823846	NA	NA
TRINITY_DN15112_c0_g1	-1.04623376360398	NA	NA
TRINITY_DN15113_c0_g1	0.0417111423673696	NA	NA
TRINITY_DN15114_c0_g1	-2.50577669284471	NA	NA
TRINITY_DN15115_c0_g1	1.72909611738715	NA	NA
TRINITY_DN15116_c0_g1	0.203077384017905	NA	NA
TRINITY_DN15117_c0_g1	1.14068965474286	NA	NA
TRINITY_DN15118_c0_g1	1.74367184114685	NA	NA
TRINITY_DN15119_c0_g1	2.3783672866306	NA	NA
TRINITY_DN1512_c0_g1	-1.50206591901407	NA	NA
TRINITY_DN1512_c0_g2	1.69150682823947	NA	NA
TRINITY_DN1512_c0_g3	2.21730299266373	NA	NA
TRINITY_DN15120_c0_g1	1.12403692774951	NA	NA
TRINITY_DN15121_c0_g1	1.13416637296527	NA	NA
TRINITY_DN15123_c0_g1	-0.870725060114653	0.999155368198447	NA
TRINITY_DN15124_c0_g1	-0.423165109039324	0.999155368198447	NA
TRINITY_DN15125_c0_g1	-1.55755107008596	NA	NA
TRINITY_DN15126_c0_g1	-2.08475404150478	NA	NA
TRINITY_DN15127_c0_g1	-0.749519292407617	0.999155368198447	NA
TRINITY_DN15128_c0_g1	-2.8200363263592	NA	NA
TRINITY_DN15129_c0_g1	1.22923843609265	NA	NA
TRINITY_DN1513_c0_g1	-1.10784514807189	NA	NA
TRINITY_DN1513_c0_g2	-1.51408937232975	NA	NA
TRINITY_DN15130_c0_g1	0.868331251475975	NA	NA
TRINITY_DN15131_c0_g1	0.574517195921976	0.999155368198447	NA
TRINITY_DN15132_c0_g1	-0.815919344476637	0.999155368198447	NA
TRINITY_DN15133_c0_g1	-1.52237678933332	NA	NA
TRINITY_DN15134_c0_g1	1.40617684379725	NA	NA
TRINITY_DN15135_c0_g1	0.95172719925918	NA	NA
TRINITY_DN15136_c0_g1	1.78582911037801	NA	NA
TRINITY_DN15137_c0_g1	-0.199172578583633	NA	NA
TRINITY_DN15138_c0_g1	-2.81466482247581	NA	NA
TRINITY_DN15139_c0_g1	-0.461856245228052	NA	NA
TRINITY_DN1514_c0_g1	0.403090143040107	NA	NA
TRINITY_DN15140_c0_g1	-2.12599672253002	NA	NA
TRINITY_DN15141_c0_g1	2.41149707899097	NA	NA
TRINITY_DN15142_c0_g1	0.720066497029429	NA	NA
TRINITY_DN15142_c0_g1	0.720066497029429	NA	NA
TRINITY_DN15143_c0_g1	1.71570912302835	NA	NA
TRINITY_DN15144_c0_g1	2.11371542435423	NA	NA
TRINITY_DN15145_c0_g1	-0.131393693323618	NA	NA
TRINITY_DN15146_c0_g1	0.88574257896711	NA	NA
TRINITY_DN15147_c0_g1	-1.01344882802969	NA	NA
TRINITY_DN15148_c0_g1	-0.359733565887962	0.999155368198447	NA
TRINITY_DN15149_c0_g1	2.3673098316543	NA	NA
TRINITY_DN15150_c0_g1	1.12098066805318	NA	NA
TRINITY_DN15151_c0_g1	0.00400387298440736	NA	NA
TRINITY_DN15152_c0_g1	-1.45746470731771	NA	NA
TRINITY_DN15153_c0_g1	0.387823473807064	NA	NA
TRINITY_DN15154_c0_g1	0.366047384413931	NA	NA
TRINITY_DN15155_c0_g1	1.709031897952	NA	NA
TRINITY_DN15157_c0_g1	0.408675707519657	NA	NA
TRINITY_DN15158_c0_g1	0.181034493392006	NA	NA
TRINITY_DN15159_c0_g1	-1.0641328368551	NA	NA
TRINITY_DN1516_c0_g1	1.10414655050603	NA	NA
TRINITY_DN1516_c0_g2	0.617888961925628	0.999155368198447	NA
TRINITY_DN1516_c0_g2	0.617888961925628	0.999155368198447	NA
TRINITY_DN15160_c0_g1	-2.52085961021375	NA	NA
TRINITY_DN15161_c0_g1	-0.138071431500923	NA	NA
TRINITY_DN15162_c0_g1	0.415397135270864	NA	NA
TRINITY_DN15163_c0_g1	0.199635295988062	0.999155368198447	NA
TRINITY_DN15164_c0_g1	-1.59263243745623	NA	NA
TRINITY_DN15164_c1_g1	-0.517722348207809	NA	NA
TRINITY_DN15165_c0_g1	0.0431125963970964	0.999155368198447	NA
TRINITY_DN15166_c0_g1	0.359387671380353	NA	NA
TRINITY_DN15167_c0_g1	-1.02985486290347	0.999155368198447	NA
TRINITY_DN15169_c0_g1	2.34479942720385	NA	NA
TRINITY_DN1517_c0_g1	-1.88092362012533	NA	NA
TRINITY_DN15170_c0_g1	-0.0179360410264001	0.999155368198447	NA
TRINITY_DN15171_c0_g1	1.71821378330645	NA	NA
TRINITY_DN15172_c0_g1	2.36715085893268	NA	NA
TRINITY_DN15173_c0_g1	0.506104345757163	0.999155368198447	NA
TRINITY_DN15174_c0_g1	3.08086146207431	NA	NA
TRINITY_DN15175_c0_g1	1.13325015507389	NA	NA
TRINITY_DN15176_c0_g1	-0.51236522096068	0.999155368198447	NA
TRINITY_DN15177_c0_g1	1.81097380620437	NA	NA
TRINITY_DN15178_c0_g1	-1.105623802282	NA	NA
TRINITY_DN15179_c0_g1	-1.05481789710883	NA	NA
TRINITY_DN1518_c0_g1	-1.59851940853474	NA	NA
TRINITY_DN15180_c0_g1	-0.512580120018401	NA	NA
TRINITY_DN15182_c0_g1	-2.08134676973634	NA	NA
TRINITY_DN15183_c0_g1	-0.571984073249673	NA	NA
TRINITY_DN15184_c0_g1	-2.09302402147116	NA	NA
TRINITY_DN15185_c0_g1	-1.45746470731771	NA	NA
TRINITY_DN15186_c0_g1	-1.03888993105257	NA	NA
TRINITY_DN15187_c0_g1	1.76208259853803	NA	NA
TRINITY_DN15188_c0_g1	1.14498589590222	NA	NA
TRINITY_DN15189_c0_g1	-4.20980873085976	NA	NA
TRINITY_DN1519_c0_g1	0.409365536940344	NA	NA
TRINITY_DN15190_c0_g1	1.10341926301599	NA	NA
TRINITY_DN15191_c0_g1	1.17655912979584	NA	NA
TRINITY_DN15192_c0_g1	-2.52403702061883	NA	NA
TRINITY_DN15193_c0_g1	-0.000909456317998448	NA	NA
TRINITY_DN15194_c0_g1	0.844468720452715	NA	NA
TRINITY_DN15195_c0_g1	-1.45746470731771	NA	NA
TRINITY_DN15196_c0_g1	-2.83533772499185	NA	NA
TRINITY_DN15197_c0_g1	-0.0250830827340587	NA	NA
TRINITY_DN15198_c0_g1	-1.24017556672122	NA	NA
TRINITY_DN152_c0_g1	-0.318947164546417	0.999155368198447	NA
TRINITY_DN152_c0_g1	-0.318947164546417	0.999155368198447	NA
TRINITY_DN152_c0_g1	-0.318947164546417	0.999155368198447	NA
TRINITY_DN152_c0_g1	-0.318947164546417	0.999155368198447	NA
TRINITY_DN152_c0_g1	-0.318947164546417	0.999155368198447	NA
TRINITY_DN152_c0_g2	0.672739403366416	NA	NA
TRINITY_DN152_c0_g3	0.381848073412731	NA	NA
TRINITY_DN152_c1_g1	-0.607554405456298	NA	NA
TRINITY_DN1520_c0_g1	-0.639286391778726	NA	NA
TRINITY_DN1520_c0_g2	-0.194498753301888	NA	NA
TRINITY_DN15200_c0_g1	-2.52204456415486	NA	NA
TRINITY_DN15201_c0_g1	-0.0347698048009134	NA	NA
TRINITY_DN15201_c0_g1	-0.0347698048009134	NA	NA
TRINITY_DN15202_c0_g1	-1.51408937232975	NA	NA
TRINITY_DN15203_c0_g1	1.70272316932272	NA	NA
TRINITY_DN15204_c0_g1	1.86008621251346	NA	NA
TRINITY_DN15205_c0_g1	-0.0635103455462416	0.999155368198447	NA
TRINITY_DN15206_c0_g1	-1.37565349303199	NA	NA
TRINITY_DN15207_c0_g1	1.67115292436129	NA	NA
TRINITY_DN15208_c0_g1	-0.103319704895646	NA	NA
TRINITY_DN15209_c0_g1	-0.606583469443108	NA	NA
TRINITY_DN1521_c0_g1	1.86008621251346	NA	NA
TRINITY_DN1521_c0_g2	-0.667966049570564	NA	NA
TRINITY_DN15210_c0_g1	-2.33714525939662	0.632072287990679	NA
TRINITY_DN15211_c0_g1	-2.89422988094655	NA	NA
TRINITY_DN15211_c0_g1	-2.89422988094655	NA	NA
TRINITY_DN15212_c0_g1	-0.521048628122787	NA	NA
TRINITY_DN15213_c0_g1	0.217139885480278	NA	NA
TRINITY_DN15214_c0_g1	0.850566988069582	0.999155368198447	NA
TRINITY_DN15215_c0_g1	-2.10522132463108	NA	NA
TRINITY_DN15216_c0_g1	0.365596142981649	NA	NA
TRINITY_DN15217_c0_g1	1.09592803736453	NA	NA
TRINITY_DN15218_c0_g1	1.72534291442523	NA	NA
TRINITY_DN15219_c0_g1	-1.45746470731771	NA	NA
TRINITY_DN1522_c0_g1	0.761973400866838	NA	NA
TRINITY_DN15220_c0_g1	-0.817818920393401	NA	NA
TRINITY_DN15223_c0_g1	0.208883496135154	NA	NA
TRINITY_DN15224_c0_g1	-0.165532470563458	0.999155368198447	NA
TRINITY_DN15225_c0_g1	-0.4539460488492	NA	NA
TRINITY_DN15226_c0_g1	-2.51121183186642	NA	NA
TRINITY_DN15227_c0_g1	-0.814570031352415	0.999155368198447	NA
TRINITY_DN15228_c0_g1	-2.0855337809961	NA	NA
TRINITY_DN15229_c0_g1	-1.00698014144835	0.999155368198447	NA
TRINITY_DN15229_c0_g1	-1.00698014144835	0.999155368198447	NA
TRINITY_DN15229_c0_g1	-1.00698014144835	0.999155368198447	NA
TRINITY_DN1523_c0_g1	-0.626845878567247	NA	NA
TRINITY_DN15230_c0_g1	-1.51836918066873	NA	NA
TRINITY_DN15231_c0_g1	0.192049505881608	NA	NA
TRINITY_DN15232_c0_g1	1.70340867259887	NA	NA
TRINITY_DN15233_c0_g1	1.86008621251346	NA	NA
TRINITY_DN15234_c0_g1	-1.51408937232975	NA	NA
TRINITY_DN15236_c0_g1	-2.78995929066262	NA	NA
TRINITY_DN15237_c0_g1	-2.68810121851187	NA	NA
TRINITY_DN15238_c0_g1	-1.58858629078158	NA	NA
TRINITY_DN15239_c0_g1	-0.768614095511196	NA	NA
TRINITY_DN1524_c0_g1	1.09643598604495	NA	NA
TRINITY_DN1524_c0_g2	-0.0124879089527367	NA	NA
TRINITY_DN15241_c0_g1	0.110324982477983	NA	NA
TRINITY_DN15242_c0_g1	-2.08134676973634	NA	NA
TRINITY_DN15243_c0_g1	-0.757025741706486	NA	NA
TRINITY_DN15243_c0_g1	-0.757025741706486	NA	NA
TRINITY_DN15244_c0_g1	2.75905656485706	NA	NA
TRINITY_DN15245_c0_g1	0.184584880707748	NA	NA
TRINITY_DN15246_c0_g1	-1.11299190556705	NA	NA
TRINITY_DN15247_c0_g1	-0.031375063072682	0.999155368198447	NA
TRINITY_DN15248_c0_g1	-0.558861717789361	NA	NA
TRINITY_DN15250_c0_g1	-2.02959642777368	NA	NA
TRINITY_DN15251_c0_g1	1.29568293487464	NA	NA
TRINITY_DN15252_c0_g1	-1.45746470731771	NA	NA
TRINITY_DN15253_c0_g1	1.90327093008502	0.999155368198447	NA
TRINITY_DN15254_c0_g1	-1.07194413478697	NA	NA
TRINITY_DN15255_c0_g1	-1.07954719966268	NA	NA
TRINITY_DN15256_c0_g1	-0.317834353141346	NA	NA
TRINITY_DN15257_c0_g1	2.4144243356928	NA	NA
TRINITY_DN15259_c0_g1	0.597441562398607	0.999155368198447	NA
TRINITY_DN15259_c0_g1	0.597441562398607	0.999155368198447	NA
TRINITY_DN1526_c0_g1	1.2681686151301	NA	NA
TRINITY_DN1526_c0_g1	1.2681686151301	NA	NA
TRINITY_DN15260_c0_g1	0.368072724125998	NA	NA
TRINITY_DN15261_c0_g1	-2.09302402147116	NA	NA
TRINITY_DN15262_c0_g1	1.06663816243629	NA	NA
TRINITY_DN15263_c0_g1	0.418118650809506	NA	NA
TRINITY_DN15265_c0_g1	-2.49861357441257	NA	NA
TRINITY_DN15266_c0_g1	-2.54158249550552	NA	NA
TRINITY_DN15267_c0_g1	-2.54158249550552	NA	NA
TRINITY_DN15268_c0_g1	1.86008621251346	NA	NA
TRINITY_DN15269_c0_g1	-0.184936487066773	NA	NA
TRINITY_DN1527_c0_g1	0.969008611421182	0.999155368198447	NA
TRINITY_DN1527_c0_g1	0.969008611421182	0.999155368198447	NA
TRINITY_DN1527_c0_g2	1.69478726041924	NA	NA
TRINITY_DN15270_c0_g1	1.71291456480435	NA	NA
TRINITY_DN15271_c0_g1	0.767153612239362	NA	NA
TRINITY_DN15272_c0_g1	-1.42477379249965	0.999155368198447	NA
TRINITY_DN15273_c0_g1	-0.439539335876463	NA	NA
TRINITY_DN15274_c0_g1	-2.83231514955088	NA	NA
TRINITY_DN15275_c0_g1	-1.51807154720192	NA	NA
TRINITY_DN15276_c0_g1	-0.904598553495938	0.999155368198447	NA
TRINITY_DN15277_c0_g1	1.76208259853803	NA	NA
TRINITY_DN15278_c0_g1	0.413969918356138	NA	NA
TRINITY_DN15279_c0_g1	0.397837212984749	NA	NA
TRINITY_DN1528_c0_g2	0.377416616139089	NA	NA
TRINITY_DN15281_c0_g1	-1.14907117404085	NA	NA
TRINITY_DN15282_c0_g1	1.3533850316836	NA	NA
TRINITY_DN15283_c0_g1	-1.50576064523823	NA	NA
TRINITY_DN15284_c0_g1	-0.614402931879128	NA	NA
TRINITY_DN15285_c0_g1	0.184420239590224	NA	NA
TRINITY_DN15286_c0_g1	-3.32185398088027	NA	NA
TRINITY_DN15287_c0_g1	-0.155963015733539	NA	NA
TRINITY_DN15288_c0_g1	0.39250514773454	NA	NA
TRINITY_DN15289_c0_g1	-2.06414862405551	NA	NA
TRINITY_DN1529_c0_g1	-0.530987305396212	NA	NA
TRINITY_DN15290_c0_g1	-1.52237678933332	NA	NA
TRINITY_DN15291_c0_g1	-2.08154640289105	NA	NA
TRINITY_DN15292_c0_g1	1.99923693296961	NA	NA
TRINITY_DN15293_c0_g1	-0.918136908945707	NA	NA
TRINITY_DN15294_c0_g1	-2.53241020079494	NA	NA
TRINITY_DN15295_c0_g1	-1.48257722249151	NA	NA
TRINITY_DN15296_c0_g1	-2.8463381119053	NA	NA
TRINITY_DN15297_c0_g1	0.134749362968908	NA	NA
TRINITY_DN15298_c0_g1	1.80950231271155	NA	NA
TRINITY_DN15299_c0_g1	-2.83795476005882	NA	NA
TRINITY_DN153_c0_g1	-0.630383970658359	0.999155368198447	NA
TRINITY_DN1530_c0_g1	-3.05778825404778	NA	NA
TRINITY_DN15300_c0_g1	0.0650569422846163	NA	NA
TRINITY_DN15301_c0_g1	0.948419931309219	0.999155368198447	NA
TRINITY_DN15301_c0_g1	0.948419931309219	0.999155368198447	NA
TRINITY_DN15302_c0_g1	-2.09430755926864	NA	NA
TRINITY_DN15303_c0_g1	0.1884789477091	NA	NA
TRINITY_DN15304_c0_g1	-0.912392822278269	NA	NA
TRINITY_DN15305_c0_g1	-1.09580396876363	NA	NA
TRINITY_DN15306_c0_g1	0.768418332153933	0.999155368198447	NA
TRINITY_DN15307_c0_g1	1.80950231271155	NA	NA
TRINITY_DN15308_c0_g1	0.836749849164107	NA	NA
TRINITY_DN15309_c0_g1	1.40447032060874	NA	NA
TRINITY_DN1531_c0_g1	-0.766452985095325	NA	NA
TRINITY_DN1531_c0_g1	-0.766452985095325	NA	NA
TRINITY_DN15310_c0_g1	2.34479942720385	NA	NA
TRINITY_DN15311_c0_g1	0.201701689843982	NA	NA
TRINITY_DN15312_c0_g1	0.54560570147534	0.999155368198447	NA
TRINITY_DN15313_c0_g1	-1.66185579795223	0.901166655353051	NA
TRINITY_DN15314_c0_g1	-2.07370892003303	NA	NA
TRINITY_DN15315_c0_g1	-3.51379174206992	NA	NA
TRINITY_DN15316_c0_g1	-2.10769316955495	NA	NA
TRINITY_DN15317_c0_g1	-1.45746470731771	NA	NA
TRINITY_DN15318_c0_g1	-0.552597250023441	NA	NA
TRINITY_DN15319_c0_g1	0.0819204023704901	NA	NA
TRINITY_DN1532_c0_g1	-3.10143327684955	NA	NA
TRINITY_DN15321_c0_g1	1.08236507267856	NA	NA
TRINITY_DN15322_c0_g1	-1.52237678933332	NA	NA
TRINITY_DN15323_c0_g1	2.46157547932458	NA	NA
TRINITY_DN15324_c0_g1	0.393250225734178	NA	NA
TRINITY_DN15325_c0_g1	1.22038321720221	NA	NA
TRINITY_DN15326_c0_g1	1.2492546838492	NA	NA
TRINITY_DN15327_c0_g1	-1.78915439843408	NA	NA
TRINITY_DN15328_c0_g1	2.10128544100421	NA	NA
TRINITY_DN15329_c0_g1	-2.78982228834307	NA	NA
TRINITY_DN15330_c0_g1	-0.0282729435539524	NA	NA
TRINITY_DN15331_c0_g1	0.194988858968314	NA	NA
TRINITY_DN15332_c0_g1	2.42057078734835	NA	NA
TRINITY_DN15333_c0_g1	1.3780487529693	NA	NA
TRINITY_DN15334_c0_g1	-1.51408937232975	NA	NA
TRINITY_DN15335_c0_g1	0.367760770605123	NA	NA
TRINITY_DN15336_c0_g1	-1.10274655875675	NA	NA
TRINITY_DN15337_c0_g1	-0.0328376671077267	NA	NA
TRINITY_DN15338_c0_g1	-2.52367925801865	NA	NA
TRINITY_DN15339_c0_g1	2.77149446043835	NA	NA
TRINITY_DN1534_c0_g1	-1.10425169438988	NA	NA
TRINITY_DN1534_c0_g2	-2.06981091429171	NA	NA
TRINITY_DN15340_c0_g1	0.201177805592343	NA	NA
TRINITY_DN15341_c0_g1	-2.50547700091564	NA	NA
TRINITY_DN15342_c0_g1	2.13504015132499	NA	NA
TRINITY_DN15343_c0_g1	-2.06381406648586	NA	NA
TRINITY_DN15344_c0_g1	0.966920332042629	NA	NA
TRINITY_DN15345_c0_g1	0.654389827192863	NA	NA
TRINITY_DN15346_c0_g1	0.400895778424062	NA	NA
TRINITY_DN15347_c0_g1	-1.5093505151461	NA	NA
TRINITY_DN15348_c0_g1	1.61246403081598	NA	NA
TRINITY_DN15349_c0_g1	0.374509125350939	NA	NA
TRINITY_DN1535_c0_g1	-0.610746804905908	NA	NA
TRINITY_DN15350_c0_g1	2.39439602029138	NA	NA
TRINITY_DN15351_c0_g1	-1.60903083477044	NA	NA
TRINITY_DN15352_c0_g1	-0.187033805549317	NA	NA
TRINITY_DN15353_c0_g1	-2.06423891002165	NA	NA
TRINITY_DN15354_c0_g1	0.400249202111706	NA	NA
TRINITY_DN15355_c0_g1	-1.51408937232975	NA	NA
TRINITY_DN15356_c0_g1	3.15843001581348	NA	NA
TRINITY_DN15357_c0_g1	-0.498341173376179	0.999155368198447	NA
TRINITY_DN15358_c0_g1	3.14117268502125	NA	NA
TRINITY_DN15359_c0_g1	-1.2745228781297	0.999155368198447	NA
TRINITY_DN1536_c0_g1	-2.1036974490034	0.388595355616791	NA
TRINITY_DN15360_c0_g1	1.08629299175311	NA	NA
TRINITY_DN15361_c0_g1	-0.0157015613856824	NA	NA
TRINITY_DN15362_c0_g1	0.695215113854644	NA	NA
TRINITY_DN15363_c0_g1	-1.5418127912001	NA	NA
TRINITY_DN15364_c0_g1	0.20354379399048	NA	NA
TRINITY_DN15365_c0_g1	-2.11026041284347	NA	NA
TRINITY_DN15366_c0_g1	0.426163887102561	NA	NA
TRINITY_DN15367_c0_g1	2.42158594407848	NA	NA
TRINITY_DN15368_c0_g1	0.384715893459639	NA	NA
TRINITY_DN15369_c0_g1	2.44725580814198	NA	NA
TRINITY_DN1537_c0_g1	1.35661329508199	NA	NA
TRINITY_DN15370_c0_g1	-0.815699322922115	NA	NA
TRINITY_DN15371_c0_g1	-1.10689586442991	NA	NA
TRINITY_DN15372_c0_g1	-2.04572265928741	NA	NA
TRINITY_DN15373_c0_g1	1.10827955700244	NA	NA
TRINITY_DN15374_c0_g1	-2.14040087832475	NA	NA
TRINITY_DN15375_c0_g1	1.13971814750514	NA	NA
TRINITY_DN15377_c0_g1	-0.176097307455109	NA	NA
TRINITY_DN15378_c0_g1	1.10425876947591	NA	NA
TRINITY_DN15379_c0_g1	1.01111344240028	NA	NA
TRINITY_DN1538_c0_g1	0.642667075735926	0.999155368198447	NA
TRINITY_DN1538_c0_g2	0.164198409796885	NA	NA
TRINITY_DN15380_c0_g1	-2.50750840059089	NA	NA
TRINITY_DN15381_c0_g1	0.0253738951980168	NA	NA
TRINITY_DN15382_c0_g1	0.985691632336408	NA	NA
TRINITY_DN15384_c0_g1	-0.670241008111664	NA	NA
TRINITY_DN15385_c0_g1	-1.8624337338952	NA	NA
TRINITY_DN15386_c0_g1	1.39060937278301	NA	NA
TRINITY_DN15387_c0_g1	-0.521528678226505	NA	NA
TRINITY_DN15388_c0_g1	-1.2083234376744	NA	NA
TRINITY_DN15389_c0_g1	-0.513880246596355	NA	NA
TRINITY_DN1539_c0_g1	1.39497196752498	NA	NA
TRINITY_DN15390_c0_g1	2.80941590716106	NA	NA
TRINITY_DN15391_c0_g1	0.114328289535171	NA	NA
TRINITY_DN15392_c0_g1	-1.7853009009194	NA	NA
TRINITY_DN15393_c0_g1	-0.487628961360722	NA	NA
TRINITY_DN15394_c0_g1	2.81120939800349	NA	NA
TRINITY_DN15395_c0_g1	-1.51241801479681	NA	NA
TRINITY_DN15396_c0_g1	1.41236124649773	NA	NA
TRINITY_DN15397_c0_g1	0.687986524070424	NA	NA
TRINITY_DN154_c0_g1	-0.193880407068436	0.999155368198447	NA
TRINITY_DN154_c0_g1	-0.193880407068436	0.999155368198447	NA
TRINITY_DN154_c0_g1	-0.193880407068436	0.999155368198447	NA
TRINITY_DN154_c0_g1	-0.193880407068436	0.999155368198447	NA
TRINITY_DN1540_c0_g1	0.993705931513853	NA	NA
TRINITY_DN1540_c0_g2	0.14416992339494	0.999155368198447	NA
TRINITY_DN15400_c0_g1	2.37588407567207	NA	NA
TRINITY_DN15401_c0_g1	1.0953735929813	NA	NA
TRINITY_DN15402_c0_g1	-1.20560617070147	NA	NA
TRINITY_DN15403_c0_g1	3.18486576126646	NA	NA
TRINITY_DN15404_c0_g1	-0.125244289299676	0.999155368198447	NA
TRINITY_DN15405_c0_g1	-0.17983713317896	NA	NA
TRINITY_DN15406_c0_g1	1.10140130354905	NA	NA
TRINITY_DN15407_c0_g1	-0.557603337773907	NA	NA
TRINITY_DN15409_c0_g1	0.0742349612591243	NA	NA
TRINITY_DN1541_c0_g1	0.91450109249574	NA	NA
TRINITY_DN1541_c0_g2	3.15131843514608	NA	NA
TRINITY_DN15410_c0_g1	-0.562315111153945	NA	NA
TRINITY_DN15411_c0_g1	-0.253843264588277	0.999155368198447	NA
TRINITY_DN15412_c0_g1	-0.533023864362248	NA	NA
TRINITY_DN15413_c0_g1	2.10280920022086	NA	NA
TRINITY_DN15414_c0_g1	-0.557976671684499	NA	NA
TRINITY_DN15415_c0_g1	-0.906824978867574	NA	NA
TRINITY_DN15416_c0_g1	-0.204890412746818	NA	NA
TRINITY_DN15417_c0_g1	-0.214117189455105	NA	NA
TRINITY_DN15418_c0_g1	1.86008621251346	NA	NA
TRINITY_DN15419_c0_g1	-1.01567020336363	NA	NA
TRINITY_DN1542_c0_g1	3.15488936472981	NA	NA
TRINITY_DN1542_c0_g2	-0.216071615935296	0.999155368198447	NA
TRINITY_DN1542_c0_g3	0.593000350743847	0.999155368198447	NA
TRINITY_DN1542_c0_g4	-3.2961286766078	NA	NA
TRINITY_DN15420_c0_g1	-0.768614095511196	NA	NA
TRINITY_DN15421_c0_g1	0.045269449349245	0.999155368198447	NA
TRINITY_DN15422_c0_g1	-1.83877426755732	NA	NA
TRINITY_DN15423_c0_g1	2.39439602029138	NA	NA
TRINITY_DN15424_c0_g1	1.86008621251346	NA	NA
TRINITY_DN15425_c0_g1	-0.558582388667812	NA	NA
TRINITY_DN15426_c0_g1	-2.48935113055752	NA	NA
TRINITY_DN15427_c0_g1	1.20268759803416	NA	NA
TRINITY_DN15428_c0_g1	-0.182888926163823	NA	NA
TRINITY_DN15429_c0_g1	0.0911155593598065	NA	NA
TRINITY_DN1543_c0_g1	2.40240546250831	NA	NA
TRINITY_DN1543_c0_g2	-2.09896191897428	NA	NA
TRINITY_DN15430_c0_g1	1.12081335860198	NA	NA
TRINITY_DN15431_c0_g1	1.12419301726418	NA	NA
TRINITY_DN15432_c0_g1	0.654209658619923	0.999155368198447	NA
TRINITY_DN15432_c0_g1	0.654209658619923	0.999155368198447	NA
TRINITY_DN15433_c0_g1	1.76208259853803	NA	NA
TRINITY_DN15434_c0_g1	1.11392430835002	NA	NA
TRINITY_DN15435_c0_g1	1.08739512515701	NA	NA
TRINITY_DN15436_c0_g1	0.132269896065814	NA	NA
TRINITY_DN15438_c0_g1	-0.592899314996225	NA	NA
TRINITY_DN15439_c0_g1	-0.219352378165377	NA	NA
TRINITY_DN1544_c0_g1	-1.2647996288765	NA	NA
TRINITY_DN1544_c0_g1	-1.2647996288765	NA	NA
TRINITY_DN1544_c0_g1	-1.2647996288765	NA	NA
TRINITY_DN1544_c0_g2	1.87868141298479	NA	NA
TRINITY_DN15440_c0_g1	2.39168765731128	NA	NA
TRINITY_DN15442_c0_g1	2.83300502038776	NA	NA
TRINITY_DN15444_c0_g1	0.871215501200011	NA	NA
TRINITY_DN15445_c0_g1	-2.05732347033302	NA	NA
TRINITY_DN15446_c0_g1	0.440600429881704	NA	NA
TRINITY_DN15448_c0_g1	1.39953897045012	NA	NA
TRINITY_DN15449_c0_g1	-0.0492582816288427	0.999155368198447	NA
TRINITY_DN15449_c0_g1	-0.0492582816288427	0.999155368198447	NA
TRINITY_DN1545_c0_g1	-1.74137148532993	0.999155368198447	NA
TRINITY_DN1545_c0_g1	-1.74137148532993	0.999155368198447	NA
TRINITY_DN1545_c0_g2	0.604619235180112	0.999155368198447	NA
TRINITY_DN15450_c0_g1	2.34479942720385	NA	NA
TRINITY_DN15451_c0_g1	0.164295057124863	NA	NA
TRINITY_DN15452_c0_g1	-0.0187122679614861	NA	NA
TRINITY_DN15453_c0_g1	1.11926084103556	NA	NA
TRINITY_DN15454_c0_g1	-0.565131784367885	NA	NA
TRINITY_DN15455_c0_g1	-0.477683750459141	NA	NA
TRINITY_DN15456_c0_g1	-0.927471393321688	NA	NA
TRINITY_DN15457_c0_g1	-1.01994102988485	NA	NA
TRINITY_DN15458_c0_g1	1.86008621251346	NA	NA
TRINITY_DN15459_c0_g1	0.21120397514545	NA	NA
TRINITY_DN1546_c0_g1	1.05953866102862	0.999155368198447	NA
TRINITY_DN1546_c0_g1	1.05953866102862	0.999155368198447	NA
TRINITY_DN1546_c0_g1	1.05953866102862	0.999155368198447	NA
TRINITY_DN1546_c0_g1	1.05953866102862	0.999155368198447	NA
TRINITY_DN1546_c1_g1	0.0266186481290907	0.999155368198447	NA
TRINITY_DN1546_c1_g2	0.539767296126408	0.999155368198447	NA
TRINITY_DN1546_c2_g1	0.30544354932402	0.999155368198447	NA
TRINITY_DN1546_c2_g1	0.30544354932402	0.999155368198447	NA
TRINITY_DN1546_c2_g1	0.30544354932402	0.999155368198447	NA
TRINITY_DN1546_c2_g2	2.91501415061402	NA	NA
TRINITY_DN1546_c3_g1	-0.718330649738263	0.999155368198447	NA
TRINITY_DN1546_c4_g1	0.43982302879332	0.999155368198447	NA
TRINITY_DN1546_c4_g1	0.43982302879332	0.999155368198447	NA
TRINITY_DN1546_c4_g2	2.01977786609479	NA	NA
TRINITY_DN1546_c4_g3	-0.153787806947897	0.999155368198447	NA
TRINITY_DN1546_c4_g4	2.24532226972892	NA	NA
TRINITY_DN15460_c0_g1	0.982634712618199	NA	NA
TRINITY_DN15461_c0_g1	0.977540723655251	NA	NA
TRINITY_DN15462_c0_g1	2.39439602029138	NA	NA
TRINITY_DN15463_c0_g1	-1.50834486437673	NA	NA
TRINITY_DN15464_c0_g1	0.176862931892907	0.999155368198447	NA
TRINITY_DN15465_c0_g1	2.34479942720385	NA	NA
TRINITY_DN15466_c0_g1	1.12122121974954	NA	NA
TRINITY_DN15467_c0_g1	-3.09091217859932	NA	NA
TRINITY_DN15468_c0_g1	-2.07502739770501	NA	NA
TRINITY_DN15469_c0_g1	0.635488788095723	0.999155368198447	NA
TRINITY_DN1547_c0_g1	1.01902322429272	NA	NA
TRINITY_DN15470_c0_g1	-0.067360414320408	0.999155368198447	NA
TRINITY_DN15471_c0_g1	-2.84007172564297	NA	NA
TRINITY_DN15472_c0_g1	-0.637707046499896	NA	NA
TRINITY_DN15473_c0_g1	2.93840126222092	NA	NA
TRINITY_DN15474_c0_g1	-1.50576064523823	NA	NA
TRINITY_DN15475_c0_g1	2.36073765876152	NA	NA
TRINITY_DN15476_c0_g1	-2.54158249550552	NA	NA
TRINITY_DN15477_c0_g1	-2.49967561054589	NA	NA
TRINITY_DN15478_c0_g1	0.200751723478663	NA	NA
TRINITY_DN15479_c0_g1	-0.562146137845707	NA	NA
TRINITY_DN1548_c0_g1	0.828380980251903	NA	NA
TRINITY_DN15480_c0_g1	-2.08465102715624	NA	NA
TRINITY_DN15481_c0_g1	2.84099526366881	NA	NA
TRINITY_DN15482_c0_g1	1.76208259853803	NA	NA
TRINITY_DN15483_c0_g1	0.202518360846164	NA	NA
TRINITY_DN15484_c0_g1	-0.53040130154547	NA	NA
TRINITY_DN15485_c0_g1	2.42596577259055	NA	NA
TRINITY_DN15486_c0_g1	-2.69164811823105	NA	NA
TRINITY_DN15489_c0_g1	-2.52402206490143	NA	NA
TRINITY_DN1549_c0_g1	-1.52726086819116	NA	NA
TRINITY_DN1549_c0_g2	-3.29893468103235	NA	NA
TRINITY_DN1549_c0_g2	-3.29893468103235	NA	NA
TRINITY_DN1549_c0_g3	-2.52403058342311	NA	NA
TRINITY_DN1549_c0_g4	0.0320059054454045	NA	NA
TRINITY_DN15490_c0_g1	1.72741875999809	NA	NA
TRINITY_DN15491_c0_g1	-1.51875568755591	NA	NA
TRINITY_DN15492_c0_g1	-0.964529520629799	0.999155368198447	NA
TRINITY_DN15493_c0_g1	-1.10611995460084	NA	NA
TRINITY_DN15494_c0_g1	1.12278054245061	NA	NA
TRINITY_DN15495_c0_g1	-1.09818674737629	NA	NA
TRINITY_DN15496_c0_g1	1.80950231271155	NA	NA
TRINITY_DN15497_c0_g1	0.869919632035068	NA	NA
TRINITY_DN15498_c0_g1	1.80950231271155	NA	NA
TRINITY_DN15499_c0_g1	0.711040356023058	NA	NA
TRINITY_DN155_c0_g1	-0.238734928161921	0.999155368198447	NA
TRINITY_DN1550_c0_g1	-0.541118483605523	NA	NA
TRINITY_DN15500_c0_g1	-2.02552478129183	NA	NA
TRINITY_DN15501_c0_g1	-1.20710933510336	NA	NA
TRINITY_DN15502_c0_g1	-2.09896961007242	NA	NA
TRINITY_DN15503_c0_g1	0.770757618766335	NA	NA
TRINITY_DN15504_c0_g1	1.11445243135808	NA	NA
TRINITY_DN15506_c0_g1	1.76208259853803	NA	NA
TRINITY_DN15507_c0_g1	2.78502588432245	NA	NA
TRINITY_DN15508_c0_g1	-2.0572095506475	NA	NA
TRINITY_DN15509_c0_g1	0.18611962382735	NA	NA
TRINITY_DN1551_c0_g1	0.0256815881263673	0.999155368198447	NA
TRINITY_DN1551_c0_g1	0.0256815881263673	0.999155368198447	NA
TRINITY_DN15510_c0_g1	-1.40077308677186	NA	NA
TRINITY_DN15511_c0_g1	1.66479989720413	NA	NA
TRINITY_DN15512_c0_g1	-1.1087809039552	NA	NA
TRINITY_DN15513_c0_g1	0.756798258585822	NA	NA
TRINITY_DN15514_c0_g1	1.12730826078729	NA	NA
TRINITY_DN15515_c0_g1	-0.600116345730337	NA	NA
TRINITY_DN15516_c0_g1	-2.04487644766643	NA	NA
TRINITY_DN15517_c0_g1	-1.13503003787253	NA	NA
TRINITY_DN15518_c0_g1	-2.32206561753471	NA	NA
TRINITY_DN15519_c0_g1	1.86008621251346	NA	NA
TRINITY_DN15520_c0_g1	-3.08357695967504	NA	NA
TRINITY_DN15521_c0_g1	-0.337615718170004	NA	NA
TRINITY_DN15522_c0_g1	2.14271091441536	NA	NA
TRINITY_DN15523_c0_g1	2.39439602029138	NA	NA
TRINITY_DN15524_c0_g1	2.37427786822257	NA	NA
TRINITY_DN15525_c0_g1	-2.52344395587281	NA	NA
TRINITY_DN15526_c0_g1	-1.87214351842063	NA	NA
TRINITY_DN15527_c0_g1	0.370592845535911	NA	NA
TRINITY_DN15528_c0_g1	1.11838537707604	NA	NA
TRINITY_DN15529_c0_g1	-3.08147509511277	NA	NA
TRINITY_DN1553_c0_g1	-0.589179945215425	0.999155368198447	NA
TRINITY_DN1553_c0_g1	-0.589179945215425	0.999155368198447	NA
TRINITY_DN15530_c0_g1	2.83559543626615	NA	NA
TRINITY_DN15531_c0_g1	-1.47584294351851	NA	NA
TRINITY_DN15532_c0_g1	-0.273219520160304	NA	NA
TRINITY_DN15533_c0_g1	-2.08134676973634	NA	NA
TRINITY_DN15534_c0_g1	-0.613110770929529	NA	NA
TRINITY_DN15535_c0_g1	-2.8590292722348	NA	NA
TRINITY_DN15536_c0_g1	-1.52237678933332	NA	NA
TRINITY_DN15537_c0_g1	-1.52237678933332	NA	NA
TRINITY_DN15538_c0_g1	-0.644049295091635	NA	NA
TRINITY_DN15539_c0_g1	-2.68035929787862	NA	NA
TRINITY_DN1554_c0_g1	0.810330086425898	NA	NA
TRINITY_DN15540_c0_g1	-0.222058666900827	NA	NA
TRINITY_DN15541_c0_g1	0.185799653948426	NA	NA
TRINITY_DN15542_c0_g1	1.84359759775303	NA	NA
TRINITY_DN15543_c0_g1	-0.501775037885614	NA	NA
TRINITY_DN15544_c0_g1	-1.51408937232975	NA	NA
TRINITY_DN15545_c0_g1	-0.171694293739804	NA	NA
TRINITY_DN15546_c0_g1	0.205846860671262	NA	NA
TRINITY_DN15548_c0_g1	1.76208259853803	NA	NA
TRINITY_DN15549_c0_g1	1.62621890288675	NA	NA
TRINITY_DN1555_c0_g1	-0.854422400959363	NA	NA
TRINITY_DN15550_c0_g1	-2.25566272114592	NA	NA
TRINITY_DN15551_c0_g1	1.12625129569945	NA	NA
TRINITY_DN15552_c0_g1	-1.45746470731771	NA	NA
TRINITY_DN15553_c0_g1	-0.0218028441561521	NA	NA
TRINITY_DN15554_c0_g1	-0.0904417869438695	NA	NA
TRINITY_DN15555_c0_g1	-1.09712210044114	NA	NA
TRINITY_DN15556_c0_g1	0.914501092495741	NA	NA
TRINITY_DN15557_c0_g1	-1.42264826317147	NA	NA
TRINITY_DN15559_c0_g1	-1.50576064523823	NA	NA
TRINITY_DN1556_c0_g1	-2.8377806983733	NA	NA
TRINITY_DN15560_c0_g1	1.67901434225972	NA	NA
TRINITY_DN15561_c0_g1	-1.94153533977044	NA	NA
TRINITY_DN15562_c0_g1	-0.518626768661977	NA	NA
TRINITY_DN15565_c0_g1	-2.51707309502053	NA	NA
TRINITY_DN15566_c0_g1	1.71014226481819	NA	NA
TRINITY_DN15568_c0_g1	-2.49047121681409	NA	NA
TRINITY_DN15569_c0_g1	-0.290549779879602	NA	NA
TRINITY_DN1557_c0_g1	0.450298688619741	NA	NA
TRINITY_DN15570_c0_g1	-3.01009767326202	NA	NA
TRINITY_DN15573_c0_g1	1.1125350506753	NA	NA
TRINITY_DN15574_c0_g1	1.42399322319772	NA	NA
TRINITY_DN15575_c0_g1	-2.10947182217463	NA	NA
TRINITY_DN15576_c0_g1	1.06473521418504	NA	NA
TRINITY_DN15577_c0_g1	1.14159279958526	NA	NA
TRINITY_DN15578_c0_g1	-2.08396980130708	NA	NA
TRINITY_DN15579_c0_g1	0.78761375349649	NA	NA
TRINITY_DN1558_c0_g1	-0.0942912189361471	0.999155368198447	NA
TRINITY_DN1558_c0_g1	-0.0942912189361471	0.999155368198447	NA
TRINITY_DN15580_c0_g1	-0.200981639175174	NA	NA
TRINITY_DN15582_c0_g1	0.397531263036381	NA	NA
TRINITY_DN15583_c0_g1	1.80950231271155	NA	NA
TRINITY_DN15584_c0_g1	-0.485513004977887	NA	NA
TRINITY_DN15585_c0_g1	0.353301365436113	NA	NA
TRINITY_DN15586_c0_g1	-1.50292861805984	NA	NA
TRINITY_DN15588_c0_g1	-2.46253566069505	NA	NA
TRINITY_DN15589_c0_g1	-1.83604655966585	NA	NA
TRINITY_DN15590_c0_g1	-1.58313177260852	NA	NA
TRINITY_DN15591_c0_g1	-1.10591984897377	NA	NA
TRINITY_DN15593_c0_g1	-1.50576064523823	NA	NA
TRINITY_DN15594_c0_g1	0.19093352490534	0.999155368198447	NA
TRINITY_DN15595_c0_g1	-1.51807154720192	NA	NA
TRINITY_DN15596_c0_g1	0.638229926605774	0.999155368198447	NA
TRINITY_DN15597_c0_g1	2.39972593392484	NA	NA
TRINITY_DN15598_c0_g1	1.72547767814876	NA	NA
TRINITY_DN156_c0_g1	0.657100282960876	0.999155368198447	NA
TRINITY_DN156_c0_g1	0.657100282960876	0.999155368198447	NA
TRINITY_DN1560_c0_g1	0.392969184620566	NA	NA
TRINITY_DN15600_c0_g1	-3.10929050576072	NA	NA
TRINITY_DN15601_c0_g1	-1.38206063701519	NA	NA
TRINITY_DN15602_c0_g1	2.44725580814198	NA	NA
TRINITY_DN15603_c0_g1	0.49841342498312	0.999155368198447	NA
TRINITY_DN15604_c0_g1	0.825525285736993	NA	NA
TRINITY_DN15605_c0_g1	-0.522508747354382	NA	NA
TRINITY_DN15606_c0_g1	-0.1356984496547	NA	NA
TRINITY_DN15607_c0_g1	-0.524565200919201	NA	NA
TRINITY_DN15608_c0_g1	2.40144066558993	NA	NA
TRINITY_DN15609_c0_g1	-0.19334903258021	NA	NA
TRINITY_DN15611_c0_g1	-2.48049253711291	NA	NA
TRINITY_DN15612_c0_g1	-0.0742862150102307	NA	NA
TRINITY_DN15613_c0_g1	-0.515949725011748	NA	NA
TRINITY_DN15614_c0_g1	-3.09898987243239	NA	NA
TRINITY_DN15615_c0_g1	-1.1485485093422	NA	NA
TRINITY_DN15616_c0_g1	-1.51408937232975	NA	NA
TRINITY_DN15617_c0_g1	0.795693171936142	NA	NA
TRINITY_DN15618_c0_g1	2.39150659656363	NA	NA
TRINITY_DN15619_c0_g1	1.72710832844679	NA	NA
TRINITY_DN1562_c0_g1	1.86008621251346	NA	NA
TRINITY_DN15620_c0_g1	-0.179955317255208	NA	NA
TRINITY_DN15621_c0_g1	-0.187834908965336	NA	NA
TRINITY_DN15622_c0_g1	1.12979982827157	NA	NA
TRINITY_DN15623_c0_g1	-0.3683801360147	NA	NA
TRINITY_DN15624_c0_g1	1.13204131014058	NA	NA
TRINITY_DN15625_c0_g1	1.09264877228886	NA	NA
TRINITY_DN15626_c0_g1	-1.08541339580723	NA	NA
TRINITY_DN15627_c0_g1	0.37605734863667	NA	NA
TRINITY_DN15628_c0_g1	1.06254306884239	NA	NA
TRINITY_DN15629_c0_g1	-0.461705134705752	NA	NA
TRINITY_DN1563_c0_g1	-3.29659009274964	NA	NA
TRINITY_DN1563_c0_g2	0.406949557858784	NA	NA
TRINITY_DN15630_c0_g1	-1.844516644792	NA	NA
TRINITY_DN15631_c0_g1	1.12020260322292	NA	NA
TRINITY_DN15632_c0_g1	-1.06041204548627	NA	NA
TRINITY_DN15633_c0_g1	0.376944003739428	NA	NA
TRINITY_DN15634_c0_g1	-0.647622779678658	NA	NA
TRINITY_DN15635_c0_g1	-0.393517889145382	NA	NA
TRINITY_DN15636_c0_g1	1.80950231271155	NA	NA
TRINITY_DN15637_c0_g1	0.568014582673088	NA	NA
TRINITY_DN1564_c0_g1	0.98096446287566	NA	NA
TRINITY_DN15641_c0_g1	-1.47510721318294	NA	NA
TRINITY_DN15642_c0_g1	1.13490443771026	NA	NA
TRINITY_DN15643_c0_g1	0.429415824416624	NA	NA
TRINITY_DN15645_c0_g1	1.11959419433878	NA	NA
TRINITY_DN15646_c0_g1	0.410461234631542	0.999155368198447	NA
TRINITY_DN15646_c0_g1	0.410461234631542	0.999155368198447	NA
TRINITY_DN15646_c0_g1	0.410461234631542	0.999155368198447	NA
TRINITY_DN15647_c0_g1	1.76208259853803	NA	NA
TRINITY_DN1565_c0_g1	-1.60243972770832	NA	NA
TRINITY_DN15650_c0_g1	-1.19016738704672	NA	NA
TRINITY_DN15653_c0_g1	0.402812349765563	NA	NA
TRINITY_DN15655_c0_g1	1.69631655236523	NA	NA
TRINITY_DN15656_c0_g1	-0.539910054525676	NA	NA
TRINITY_DN15657_c0_g1	1.14294675120604	NA	NA
TRINITY_DN15658_c0_g1	-0.935345834922774	NA	NA
TRINITY_DN15659_c0_g1	2.34479942720385	NA	NA
TRINITY_DN1566_c0_g1	0.524599264271188	0.999155368198447	NA
TRINITY_DN1566_c0_g1	0.524599264271188	0.999155368198447	NA
TRINITY_DN1566_c0_g1	0.524599264271188	0.999155368198447	NA
TRINITY_DN1566_c1_g1	0.481822600985267	0.999155368198447	NA
TRINITY_DN1566_c1_g2	0.754640374407076	0.999155368198447	NA
TRINITY_DN15660_c0_g1	-0.487766907937036	NA	NA
TRINITY_DN15661_c0_g1	1.11544330380559	NA	NA
TRINITY_DN15666_c0_g1	-0.565600357977812	NA	NA
TRINITY_DN15668_c0_g1	-1.99987284096263	NA	NA
TRINITY_DN15669_c0_g1	1.86008621251346	NA	NA
TRINITY_DN1567_c0_g1	1.00792733580414	NA	NA
TRINITY_DN15670_c0_g1	-0.564037727234485	NA	NA
TRINITY_DN15671_c0_g1	-0.515336894334094	NA	NA
TRINITY_DN15673_c0_g1	-1.13648500268321	0.999155368198447	NA
TRINITY_DN15674_c0_g1	-2.12599672253002	NA	NA
TRINITY_DN15675_c0_g1	1.80950231271155	NA	NA
TRINITY_DN15676_c0_g1	2.40635053278866	NA	NA
TRINITY_DN15677_c0_g1	2.10394768880875	NA	NA
TRINITY_DN15678_c0_g1	2.11356494240507	NA	NA
TRINITY_DN15679_c0_g1	2.67304132820948	NA	NA
TRINITY_DN1568_c0_g1	1.76208259853803	NA	NA
TRINITY_DN1568_c0_g2	2.86279211382665	NA	NA
TRINITY_DN15680_c0_g1	1.68895060037379	NA	NA
TRINITY_DN15681_c0_g1	1.13009313201004	NA	NA
TRINITY_DN15682_c0_g1	-0.462784123588399	NA	NA
TRINITY_DN15683_c0_g1	0.204044379100408	NA	NA
TRINITY_DN15684_c0_g1	-2.50489455484172	NA	NA
TRINITY_DN15685_c0_g1	0.402153332880992	NA	NA
TRINITY_DN15686_c0_g1	0.841140056595926	NA	NA
TRINITY_DN15687_c0_g1	1.2139562412894	NA	NA
TRINITY_DN15688_c0_g1	-0.217264075713747	NA	NA
TRINITY_DN15689_c0_g1	-0.18218224190011	NA	NA
TRINITY_DN1569_c0_g1	-0.240228896905669	0.999155368198447	NA
TRINITY_DN15690_c0_g1	0.662515269083365	NA	NA
TRINITY_DN15691_c0_g1	2.5874155344369	NA	NA
TRINITY_DN15692_c0_g1	-0.653583708729422	NA	NA
TRINITY_DN15693_c0_g1	0.930408989533777	NA	NA
TRINITY_DN15694_c0_g1	1.10161491103445	NA	NA
TRINITY_DN15695_c0_g1	-0.422502060023797	NA	NA
TRINITY_DN15696_c0_g1	-0.315482578459976	0.999155368198447	NA
TRINITY_DN15697_c0_g1	-0.560522412434066	NA	NA
TRINITY_DN15698_c0_g1	1.12985790553023	NA	NA
TRINITY_DN15699_c0_g1	-0.170574551024549	NA	NA
TRINITY_DN157_c0_g1	-0.00847089000311885	0.999155368198447	NA
TRINITY_DN157_c0_g1	-0.00847089000311885	0.999155368198447	NA
TRINITY_DN1570_c0_g1	-0.207137347973501	0.999155368198447	NA
TRINITY_DN1570_c0_g1	-0.207137347973501	0.999155368198447	NA
TRINITY_DN15700_c0_g1	-0.57600423232211	NA	NA
TRINITY_DN15701_c0_g1	3.56607338236772	NA	NA
TRINITY_DN15703_c0_g1	-0.643895578902132	NA	NA
TRINITY_DN15704_c0_g1	0.186760061474093	NA	NA
TRINITY_DN15705_c0_g1	-1.07266972102123	NA	NA
TRINITY_DN15706_c0_g1	0.172007774783709	0.999155368198447	NA
TRINITY_DN15707_c0_g1	-2.04440947327283	NA	NA
TRINITY_DN15708_c0_g1	1.76208259853803	NA	NA
TRINITY_DN15709_c0_g1	3.15879571969634	NA	NA
TRINITY_DN1571_c0_g1	0.190614175649161	NA	NA
TRINITY_DN15710_c0_g1	1.71416318302904	NA	NA
TRINITY_DN15711_c0_g1	-2.0415357097357	NA	NA
TRINITY_DN15713_c0_g1	0.353359114396933	NA	NA
TRINITY_DN15714_c0_g1	-2.08134676973634	NA	NA
TRINITY_DN15715_c0_g1	1.68482394127535	NA	NA
TRINITY_DN15716_c0_g1	-0.176160614051371	NA	NA
TRINITY_DN15718_c0_g1	-3.07954389494026	NA	NA
TRINITY_DN15719_c0_g1	0.200706094678907	NA	NA
TRINITY_DN15720_c0_g1	-2.54158249550552	NA	NA
TRINITY_DN15721_c0_g1	1.1226178209196	NA	NA
TRINITY_DN15722_c0_g1	-0.926053258642641	NA	NA
TRINITY_DN15723_c0_g1	0.415911493683701	NA	NA
TRINITY_DN15724_c0_g1	2.39103159061858	NA	NA
TRINITY_DN15725_c0_g1	-0.551590457511329	NA	NA
TRINITY_DN15726_c0_g1	0.948602834123844	NA	NA
TRINITY_DN15727_c0_g1	0.802396826597453	NA	NA
TRINITY_DN15728_c0_g1	-2.80333299768602	NA	NA
TRINITY_DN15729_c0_g1	0.762682392962267	NA	NA
TRINITY_DN1573_c0_g1	0.477396465573183	NA	NA
TRINITY_DN1573_c0_g1	0.477396465573183	NA	NA
TRINITY_DN15730_c0_g1	-0.185247714807337	NA	NA
TRINITY_DN15731_c0_g1	-0.360328402503417	NA	NA
TRINITY_DN15732_c0_g1	0.19159365038429	NA	NA
TRINITY_DN15732_c0_g1	0.19159365038429	NA	NA
TRINITY_DN15733_c0_g1	-0.189467114982603	NA	NA
TRINITY_DN15734_c0_g1	-1.0973215365308	NA	NA
TRINITY_DN15735_c0_g1	-3.51033979135268	NA	NA
TRINITY_DN15736_c0_g1	-1.43193026695437	0.999155368198447	NA
TRINITY_DN15736_c0_g1	-1.43193026695437	0.999155368198447	NA
TRINITY_DN15737_c0_g1	-2.54158249550552	NA	NA
TRINITY_DN15738_c0_g1	1.0786153284633	NA	NA
TRINITY_DN15739_c0_g1	0.407322629161176	NA	NA
TRINITY_DN1574_c0_g1	-0.450595228206965	NA	NA
TRINITY_DN15740_c0_g1	-1.52237678933332	NA	NA
TRINITY_DN15741_c0_g1	1.27173905960715	NA	NA
TRINITY_DN15742_c0_g1	-1.51748945651751	NA	NA
TRINITY_DN15743_c0_g1	0.0217976907535725	NA	NA
TRINITY_DN15744_c0_g1	0.457176377058808	NA	NA
TRINITY_DN15745_c0_g1	-0.548505226018469	NA	NA
TRINITY_DN15746_c0_g1	1.86008621251346	NA	NA
TRINITY_DN15747_c0_g1	-4.97330842822899	NA	NA
TRINITY_DN15748_c0_g1	1.12950049696566	NA	NA
TRINITY_DN15749_c0_g1	1.12476198214109	NA	NA
TRINITY_DN1575_c0_g1	-0.199500038577783	NA	NA
TRINITY_DN15750_c0_g1	1.68721576563382	NA	NA
TRINITY_DN15751_c0_g1	-3.25907857912734	NA	NA
TRINITY_DN15752_c0_g1	0.377073401554983	NA	NA
TRINITY_DN15753_c0_g1	-2.12599672253002	NA	NA
TRINITY_DN15754_c0_g1	0.491188981084754	NA	NA
TRINITY_DN15755_c0_g1	-1.47457715820746	NA	NA
TRINITY_DN15756_c0_g1	1.9663096449241	NA	NA
TRINITY_DN15757_c0_g1	2.34479942720385	NA	NA
TRINITY_DN15759_c0_g1	2.81217583071277	NA	NA
TRINITY_DN1576_c0_g1	2.36587852540721	NA	NA
TRINITY_DN15760_c0_g1	0.572165667750477	0.999155368198447	NA
TRINITY_DN15762_c0_g1	-0.489079422133341	NA	NA
TRINITY_DN15763_c0_g1	2.44725580814198	NA	NA
TRINITY_DN15764_c0_g1	-2.06981557805017	NA	NA
TRINITY_DN15765_c0_g1	0.441652215570667	NA	NA
TRINITY_DN15766_c0_g1	-0.183491586348126	NA	NA
TRINITY_DN15767_c0_g1	0.810892043251595	NA	NA
TRINITY_DN15768_c0_g1	0.824300248237061	NA	NA
TRINITY_DN15769_c0_g1	-0.537133106380078	NA	NA
TRINITY_DN1577_c0_g1	3.16744213647274	NA	NA
TRINITY_DN15770_c0_g1	2.79843035221284	NA	NA
TRINITY_DN15771_c0_g1	1.1250067517712	NA	NA
TRINITY_DN15772_c0_g1	0.97283617899706	NA	NA
TRINITY_DN15773_c0_g1	2.44725580814198	NA	NA
TRINITY_DN15774_c0_g1	3.12241358373332	NA	NA
TRINITY_DN15775_c0_g1	2.09313891584017	NA	NA
TRINITY_DN15776_c0_g1	0.357859479311486	NA	NA
TRINITY_DN15777_c0_g1	1.0945120390394	NA	NA
TRINITY_DN15778_c0_g1	-1.13386132020202	NA	NA
TRINITY_DN15779_c0_g1	-1.52237678933332	NA	NA
TRINITY_DN1578_c0_g1	-1.14059088522554	NA	NA
TRINITY_DN15780_c0_g1	-0.0213073109431999	NA	NA
TRINITY_DN15782_c0_g1	0.380882143450847	NA	NA
TRINITY_DN15783_c0_g1	1.80950231271155	NA	NA
TRINITY_DN15785_c0_g1	-0.57294916232448	NA	NA
TRINITY_DN15786_c0_g1	1.59766736406779	NA	NA
TRINITY_DN15787_c0_g1	-0.500815119281765	NA	NA
TRINITY_DN15788_c0_g1	-2.73301264588863	NA	NA
TRINITY_DN15789_c0_g1	-3.59173348305237	NA	NA
TRINITY_DN1579_c0_g1	-1.56491674195545	NA	NA
TRINITY_DN15790_c0_g1	-1.88516878672244	NA	NA
TRINITY_DN15791_c0_g1	-1.51408937232975	NA	NA
TRINITY_DN15792_c0_g1	1.39311491016052	NA	NA
TRINITY_DN15793_c0_g1	0.382053258846014	NA	NA
TRINITY_DN15794_c0_g1	2.25127327999124	NA	NA
TRINITY_DN15796_c0_g1	-0.447545527060464	0.999155368198447	NA
TRINITY_DN15797_c0_g1	1.13021091096067	NA	NA
TRINITY_DN15798_c0_g1	0.0772838096560153	NA	NA
TRINITY_DN15799_c0_g1	0.929497311463679	NA	NA
TRINITY_DN158_c0_g1	3.06744654809396	0.0416451830743012	NA
TRINITY_DN158_c0_g1	3.06744654809396	0.0416451830743012	NA
TRINITY_DN158_c0_g1	3.06744654809396	0.0416451830743012	NA
TRINITY_DN158_c0_g1	3.06744654809396	0.0416451830743012	NA
TRINITY_DN158_c0_g1	3.06744654809396	0.0416451830743012	NA
TRINITY_DN158_c0_g1	3.06744654809396	0.0416451830743012	NA
TRINITY_DN1580_c0_g1	0.0792764576474533	0.999155368198447	NA
TRINITY_DN1580_c0_g2	-0.980345608455954	0.999155368198447	NA
TRINITY_DN15800_c0_g1	0.398884417969491	NA	NA
TRINITY_DN15801_c0_g1	-0.521342641309268	NA	NA
TRINITY_DN15802_c0_g1	-1.45746470731771	NA	NA
TRINITY_DN15803_c0_g1	0.420088769822365	NA	NA
TRINITY_DN15804_c0_g1	0.418447152507331	NA	NA
TRINITY_DN15805_c0_g1	-2.709207347348	NA	NA
TRINITY_DN15806_c0_g1	-1.99987284096263	NA	NA
TRINITY_DN15807_c0_g1	2.81601946755782	NA	NA
TRINITY_DN15808_c0_g1	0.331845302795927	NA	NA
TRINITY_DN15809_c0_g1	-2.49826423520183	NA	NA
TRINITY_DN15811_c0_g1	0.394002231565073	NA	NA
TRINITY_DN15812_c0_g1	-0.575860990167277	NA	NA
TRINITY_DN15813_c0_g1	2.86279211382665	NA	NA
TRINITY_DN15814_c0_g1	1.86008621251346	NA	NA
TRINITY_DN15815_c0_g1	-0.0670832580675255	0.999155368198447	NA
TRINITY_DN15816_c0_g1	1.12754298446663	NA	NA
TRINITY_DN15817_c0_g1	-1.27974735761053	NA	NA
TRINITY_DN15818_c0_g1	1.72901043611656	NA	NA
TRINITY_DN15819_c0_g1	1.10112155177086	NA	NA
TRINITY_DN1582_c0_g1	-0.0146695809123264	NA	NA
TRINITY_DN15821_c0_g1	-1.81058995359711	NA	NA
TRINITY_DN15822_c0_g1	1.70199961549361	NA	NA
TRINITY_DN15823_c0_g1	-0.835992616730805	NA	NA
TRINITY_DN15824_c0_g1	-2.09302402147116	NA	NA
TRINITY_DN15827_c0_g1	-2.12599672253002	NA	NA
TRINITY_DN15828_c0_g1	3.14072495358999	NA	NA
TRINITY_DN15829_c0_g1	-0.482463581312634	NA	NA
TRINITY_DN1583_c0_g1	2.34812817868396	0.644343485912234	NA
TRINITY_DN1583_c0_g1	2.34812817868396	0.644343485912234	NA
TRINITY_DN1583_c0_g1	2.34812817868396	0.644343485912234	NA
TRINITY_DN1583_c0_g2	-0.768614095511196	NA	NA
TRINITY_DN15830_c0_g1	1.97223850077176	NA	NA
TRINITY_DN15832_c0_g1	-2.12599672253002	NA	NA
TRINITY_DN15833_c0_g1	1.83481141211734	NA	NA
TRINITY_DN15834_c0_g1	-0.266358512931861	0.999155368198447	NA
TRINITY_DN15834_c0_g1	-0.266358512931861	0.999155368198447	NA
TRINITY_DN15835_c0_g1	-0.99753092750935	NA	NA
TRINITY_DN15836_c0_g1	-2.43732781764217	NA	NA
TRINITY_DN15837_c0_g1	-1.51331341575244	NA	NA
TRINITY_DN15838_c0_g1	1.80950231271155	NA	NA
TRINITY_DN15839_c0_g1	2.42499632773902	NA	NA
TRINITY_DN15840_c0_g1	2.39439602029138	NA	NA
TRINITY_DN15841_c0_g1	-1.51408937232975	NA	NA
TRINITY_DN15842_c0_g1	0.974841962048484	NA	NA
TRINITY_DN15843_c0_g1	-1.52237678933332	NA	NA
TRINITY_DN15844_c0_g1	-1.52237678933332	NA	NA
TRINITY_DN15845_c0_g1	-0.516429564837809	NA	NA
TRINITY_DN15846_c0_g1	1.07477796710769	NA	NA
TRINITY_DN15847_c0_g1	-2.83197793027623	NA	NA
TRINITY_DN15848_c0_g1	1.76208259853803	NA	NA
TRINITY_DN1585_c0_g1	0.147781241589429	0.999155368198447	NA
TRINITY_DN1585_c0_g1	0.147781241589429	0.999155368198447	NA
TRINITY_DN1585_c0_g1	0.147781241589429	0.999155368198447	NA
TRINITY_DN15850_c0_g1	2.69805526520135	NA	NA
TRINITY_DN15852_c0_g1	1.40525692959958	NA	NA
TRINITY_DN15853_c0_g1	0.110820283024055	NA	NA
TRINITY_DN15854_c0_g1	-1.51408937232975	NA	NA
TRINITY_DN15855_c0_g1	2.1105459689475	NA	NA
TRINITY_DN15857_c0_g1	-0.57191034500594	NA	NA
TRINITY_DN15858_c0_g1	-0.565228979618913	NA	NA
TRINITY_DN1586_c0_g1	-1.7099492271758	NA	NA
TRINITY_DN15860_c0_g1	-2.08998700337904	NA	NA
TRINITY_DN15861_c0_g1	0.363889323727898	NA	NA
TRINITY_DN15862_c0_g1	-0.523048987066741	NA	NA
TRINITY_DN15863_c0_g1	-2.47898199837038	NA	NA
TRINITY_DN15865_c0_g1	0.833446305199952	NA	NA
TRINITY_DN15866_c0_g1	-2.45658344105915	NA	NA
TRINITY_DN15867_c0_g1	1.09576815073133	NA	NA
TRINITY_DN15868_c0_g1	1.10154888140137	NA	NA
TRINITY_DN1587_c0_g1	0.30350170718071	0.999155368198447	NA
TRINITY_DN1587_c0_g1	0.30350170718071	0.999155368198447	NA
TRINITY_DN15870_c0_g1	-0.133624206148524	NA	NA
TRINITY_DN15871_c0_g1	-2.85047289213116	NA	NA
TRINITY_DN15873_c0_g1	-2.06549120054889	NA	NA
TRINITY_DN15874_c0_g1	-1.51408937232975	NA	NA
TRINITY_DN15875_c0_g1	-2.08134676973634	NA	NA
TRINITY_DN15876_c0_g1	-1.93024309080629	NA	NA
TRINITY_DN15878_c0_g1	1.9800381225935	NA	NA
TRINITY_DN1588_c0_g1	1.71359697425386	NA	NA
TRINITY_DN1588_c0_g2	-3.01440101835957	NA	NA
TRINITY_DN15880_c0_g1	-2.51832267509398	NA	NA
TRINITY_DN15882_c0_g1	-1.8689599323275	NA	NA
TRINITY_DN15883_c0_g1	-1.11510872823513	NA	NA
TRINITY_DN15884_c0_g1	1.80950231271155	NA	NA
TRINITY_DN15885_c0_g1	-0.190590233648389	NA	NA
TRINITY_DN15886_c0_g1	1.38452540711274	NA	NA
TRINITY_DN15887_c0_g1	0.397483350429637	NA	NA
TRINITY_DN15888_c0_g1	2.37558351425479	NA	NA
TRINITY_DN15889_c0_g1	0.965135170333823	NA	NA
TRINITY_DN1589_c0_g1	-0.590272181511277	NA	NA
TRINITY_DN15891_c0_g1	2.80941590716106	NA	NA
TRINITY_DN15892_c0_g1	-1.45746470731771	NA	NA
TRINITY_DN15893_c0_g1	0.383959661561717	NA	NA
TRINITY_DN15894_c0_g1	1.78598258178258	NA	NA
TRINITY_DN15897_c0_g1	-2.524033669713	NA	NA
TRINITY_DN15899_c0_g1	1.36606349133822	0.999155368198447	NA
TRINITY_DN159_c0_g1	1.47857308193346	0.49535112887039	NA
TRINITY_DN159_c0_g1	1.47857308193346	0.49535112887039	NA
TRINITY_DN159_c0_g1	1.47857308193346	0.49535112887039	NA
TRINITY_DN159_c0_g1	1.47857308193346	0.49535112887039	NA
TRINITY_DN159_c0_g1	1.47857308193346	0.49535112887039	NA
TRINITY_DN159_c0_g1	1.47857308193346	0.49535112887039	NA
TRINITY_DN1590_c0_g1	-0.55948877770514	NA	NA
TRINITY_DN1590_c0_g2	0.91450109249574	NA	NA
TRINITY_DN1590_c0_g3	-0.618795911130522	NA	NA
TRINITY_DN15900_c0_g1	-1.51163344049015	NA	NA
TRINITY_DN15901_c0_g1	-1.55927443729696	NA	NA
TRINITY_DN15902_c0_g1	-0.264205422045139	NA	NA
TRINITY_DN15903_c0_g1	-2.82306841866768	NA	NA
TRINITY_DN15904_c0_g1	1.09087058563718	NA	NA
TRINITY_DN15905_c0_g1	-0.566776367578952	NA	NA
TRINITY_DN15906_c0_g1	0.00165511375581325	NA	NA
TRINITY_DN15907_c0_g1	1.96617762642653	NA	NA
TRINITY_DN15908_c0_g1	0.0644393718406068	NA	NA
TRINITY_DN15909_c0_g1	-1.52237678933332	NA	NA
TRINITY_DN1591_c0_g1	0.53182036010511	0.999155368198447	NA
TRINITY_DN15911_c0_g1	0.910075159377267	NA	NA
TRINITY_DN15912_c0_g1	-1.50576064523823	NA	NA
TRINITY_DN15913_c0_g1	-2.04548209977845	NA	NA
TRINITY_DN15914_c0_g1	-0.512197459157278	NA	NA
TRINITY_DN15915_c0_g1	1.12193398834712	NA	NA
TRINITY_DN15916_c0_g1	-2.63843033734363	NA	NA
TRINITY_DN15917_c0_g1	1.10324676088032	NA	NA
TRINITY_DN15918_c0_g1	-1.51185305557141	NA	NA
TRINITY_DN15919_c0_g1	-1.07155806366202	NA	NA
TRINITY_DN1592_c0_g1	0.216956280643544	0.999155368198447	NA
TRINITY_DN1592_c0_g1	0.216956280643544	0.999155368198447	NA
TRINITY_DN15920_c0_g1	1.70109645784891	NA	NA
TRINITY_DN15921_c0_g1	1.12840572888509	NA	NA
TRINITY_DN15922_c0_g1	-1.45746470731771	NA	NA
TRINITY_DN15923_c0_g1	1.80950231271155	NA	NA
TRINITY_DN15924_c0_g1	-2.09977513385503	NA	NA
TRINITY_DN15925_c0_g1	-0.614998030990085	NA	NA
TRINITY_DN15926_c0_g1	-2.50776249664057	NA	NA
TRINITY_DN15927_c0_g1	0.1018844245986	NA	NA
TRINITY_DN15928_c0_g1	0.998253212409581	NA	NA
TRINITY_DN15929_c0_g1	1.80950231271155	NA	NA
TRINITY_DN1593_c0_g1	-2.49924131795146	NA	NA
TRINITY_DN1593_c0_g2	NA	NA	NA
TRINITY_DN1593_c0_g3	-0.322598969131359	NA	NA
TRINITY_DN15930_c0_g1	1.76208259853803	NA	NA
TRINITY_DN15931_c0_g1	-0.193030414447508	NA	NA
TRINITY_DN15932_c0_g1	-3.30831985536164	NA	NA
TRINITY_DN15933_c0_g1	-1.51408937232975	NA	NA
TRINITY_DN15934_c0_g1	1.76208259853803	NA	NA
TRINITY_DN15935_c0_g1	-2.12599672253002	NA	NA
TRINITY_DN15936_c0_g1	1.12636024875353	NA	NA
TRINITY_DN15938_c0_g1	1.35613022490555	NA	NA
TRINITY_DN15938_c0_g1	1.35613022490555	NA	NA
TRINITY_DN15939_c0_g1	1.76208259853803	NA	NA
TRINITY_DN1594_c0_g1	0.813988370038165	NA	NA
TRINITY_DN1594_c0_g2	1.83073699843859	NA	NA
TRINITY_DN15940_c0_g1	-2.49556508116988	NA	NA
TRINITY_DN15941_c0_g1	0.409961568034918	NA	NA
TRINITY_DN15942_c0_g1	-0.516569133371083	NA	NA
TRINITY_DN15943_c0_g1	0.960536956290305	NA	NA
TRINITY_DN15944_c0_g1	2.44725580814198	NA	NA
TRINITY_DN15945_c0_g1	-0.469367685862727	NA	NA
TRINITY_DN15946_c0_g1	-1.80025814718699	NA	NA
TRINITY_DN15947_c0_g1	-0.0195088573335497	NA	NA
TRINITY_DN15948_c0_g1	-0.519124786858413	NA	NA
TRINITY_DN15949_c0_g1	0.0031112106847117	0.999155368198447	NA
TRINITY_DN15949_c0_g1	0.0031112106847117	0.999155368198447	NA
TRINITY_DN1595_c0_g1	-0.21741249376433	NA	NA
TRINITY_DN1595_c0_g2	-0.679833415038514	NA	NA
TRINITY_DN15950_c0_g1	-1.51807154720192	NA	NA
TRINITY_DN15951_c0_g1	-2.12599672253002	NA	NA
TRINITY_DN15952_c0_g1	-2.11910840797305	NA	NA
TRINITY_DN15955_c0_g1	-3.03037614759229	NA	NA
TRINITY_DN15956_c0_g1	2.434605456886	NA	NA
TRINITY_DN15957_c0_g1	-1.50576064523823	NA	NA
TRINITY_DN15958_c0_g1	-1.99987284096263	NA	NA
TRINITY_DN1596_c0_g1	1.96055392982126	NA	NA
TRINITY_DN1596_c0_g2	-0.703786561213948	NA	NA
TRINITY_DN15960_c0_g1	0.877347313861358	NA	NA
TRINITY_DN15961_c0_g1	-2.10547674832308	NA	NA
TRINITY_DN15962_c0_g1	-1.99987284096263	NA	NA
TRINITY_DN15963_c0_g1	0.199834991559513	NA	NA
TRINITY_DN15964_c0_g1	1.68427191396257	NA	NA
TRINITY_DN15965_c0_g1	1.80950231271155	NA	NA
TRINITY_DN15966_c0_g1	-1.45746470731771	NA	NA
TRINITY_DN15967_c0_g1	2.39219880663994	NA	NA
TRINITY_DN15968_c0_g1	0.0661212341622828	NA	NA
TRINITY_DN15969_c0_g1	-1.52237678933332	NA	NA
TRINITY_DN1597_c0_g1	0.444133673257365	0.999155368198447	NA
TRINITY_DN1597_c0_g1	0.444133673257365	0.999155368198447	NA
TRINITY_DN1597_c0_g1	0.444133673257365	0.999155368198447	NA
TRINITY_DN1597_c0_g2	-0.328245233770701	NA	NA
TRINITY_DN1597_c0_g3	3.61276617942447	NA	NA
TRINITY_DN15970_c0_g1	1.0775378955067	NA	NA
TRINITY_DN15971_c0_g1	0.351079888728129	NA	NA
TRINITY_DN15973_c0_g1	-1.45746470731771	NA	NA
TRINITY_DN15974_c0_g1	-0.6009420391484	0.999155368198447	NA
TRINITY_DN15976_c0_g1	0.992610218071504	NA	NA
TRINITY_DN15977_c0_g1	0.199334793954874	NA	NA
TRINITY_DN15978_c0_g1	2.72467472589364	NA	NA
TRINITY_DN15979_c0_g1	2.39439602029138	NA	NA
TRINITY_DN1598_c0_g1	-0.752450884127954	0.999155368198447	NA
TRINITY_DN1598_c0_g1	-0.752450884127954	0.999155368198447	NA
TRINITY_DN15980_c0_g1	1.13302420879512	NA	NA
TRINITY_DN15981_c0_g1	-0.0337279197251135	NA	NA
TRINITY_DN15982_c0_g1	1.6648319300982	NA	NA
TRINITY_DN15983_c0_g1	-1.45746470731771	NA	NA
TRINITY_DN15984_c0_g1	2.12409741950875	NA	NA
TRINITY_DN15985_c0_g1	-2.5222817595996	NA	NA
TRINITY_DN15988_c0_g1	-3.04477907457456	NA	NA
TRINITY_DN1599_c0_g1	0.91450109249574	NA	NA
TRINITY_DN1599_c0_g2	-2.08134676973634	NA	NA
TRINITY_DN15990_c0_g1	1.71140145535307	NA	NA
TRINITY_DN15992_c0_g1	-1.4683706951585	NA	NA
TRINITY_DN15993_c0_g1	0.356030659526762	NA	NA
TRINITY_DN15994_c0_g1	-2.51829500687859	NA	NA
TRINITY_DN15995_c0_g1	1.41157523227221	NA	NA
TRINITY_DN15996_c0_g1	0.960896588688216	NA	NA
TRINITY_DN15997_c0_g1	0.388855224186862	NA	NA
TRINITY_DN15998_c0_g1	2.44725580814198	NA	NA
TRINITY_DN15999_c0_g1	2.81106618879005	NA	NA
TRINITY_DN16_c0_g1	-0.220774688759859	0.999155368198447	NA
TRINITY_DN16_c0_g1	-0.220774688759859	0.999155368198447	NA
TRINITY_DN160_c0_g1	-0.25962493662256	0.999155368198447	NA
TRINITY_DN160_c0_g1	-0.25962493662256	0.999155368198447	NA
TRINITY_DN160_c0_g1	-0.25962493662256	0.999155368198447	NA
TRINITY_DN160_c0_g1	-0.25962493662256	0.999155368198447	NA
TRINITY_DN160_c0_g1	-0.25962493662256	0.999155368198447	NA
TRINITY_DN1600_c0_g1	0.895983129548666	0.999155368198447	NA
TRINITY_DN16001_c0_g1	2.44725580814198	NA	NA
TRINITY_DN16002_c0_g1	0.194463792899513	NA	NA
TRINITY_DN16003_c0_g1	-1.51408937232975	NA	NA
TRINITY_DN16004_c0_g1	-1.03074028823053	NA	NA
TRINITY_DN16005_c0_g1	-2.09896348701792	NA	NA
TRINITY_DN16006_c0_g1	-1.47974706110552	NA	NA
TRINITY_DN1601_c0_g1	1.16180973032557	NA	NA
TRINITY_DN1601_c0_g2	3.13988160719135	NA	NA
TRINITY_DN16011_c0_g1	1.12922508417327	NA	NA
TRINITY_DN16012_c0_g1	1.10495475382054	NA	NA
TRINITY_DN16013_c0_g1	-1.08090149758381	NA	NA
TRINITY_DN16015_c0_g1	-2.0264282121039	NA	NA
TRINITY_DN16017_c0_g1	-3.3084504675975	NA	NA
TRINITY_DN16018_c0_g1	1.67881899468016	NA	NA
TRINITY_DN16019_c0_g1	0.204048823606283	NA	NA
TRINITY_DN1602_c0_g1	-0.265734830822527	NA	NA
TRINITY_DN16020_c0_g1	1.68859735409631	NA	NA
TRINITY_DN16021_c0_g1	-1.16461210400417	NA	NA
TRINITY_DN16022_c0_g1	-0.174200054482105	NA	NA
TRINITY_DN16023_c0_g1	-1.50576064523823	NA	NA
TRINITY_DN16024_c0_g1	0.19458628696805	NA	NA
TRINITY_DN16025_c0_g1	1.12692811229888	NA	NA
TRINITY_DN16026_c0_g1	-1.45746470731771	NA	NA
TRINITY_DN16027_c0_g1	2.44725580814198	NA	NA
TRINITY_DN16028_c0_g1	-0.200616120686823	NA	NA
TRINITY_DN16031_c0_g1	-0.930403377404594	NA	NA
TRINITY_DN16032_c0_g1	-1.82759724097663	NA	NA
TRINITY_DN16033_c0_g1	-2.09978847842957	NA	NA
TRINITY_DN16034_c0_g1	1.76208259853803	NA	NA
TRINITY_DN16035_c0_g1	-3.12698246159859	NA	NA
TRINITY_DN16036_c0_g1	-1.50921228325622	NA	NA
TRINITY_DN16037_c0_g1	0.193963700654663	NA	NA
TRINITY_DN16038_c0_g1	-2.0556071266801	NA	NA
TRINITY_DN16039_c0_g1	-1.06303144743868	NA	NA
TRINITY_DN1604_c0_g1	-1.14460301591395	NA	NA
TRINITY_DN16040_c0_g1	-1.02868378828408	NA	NA
TRINITY_DN16041_c0_g1	-1.1632106634953	NA	NA
TRINITY_DN16042_c0_g1	-1.45746470731771	NA	NA
TRINITY_DN16043_c0_g1	-0.951812327157711	NA	NA
TRINITY_DN16044_c0_g1	-1.10409405397405	NA	NA
TRINITY_DN16045_c0_g1	-0.551325543454504	NA	NA
TRINITY_DN16046_c0_g1	-1.52237678933332	NA	NA
TRINITY_DN16048_c0_g1	2.42005344448099	NA	NA
TRINITY_DN16049_c0_g1	2.4206885149075	NA	NA
TRINITY_DN1605_c0_g1	-0.255592185440051	NA	NA
TRINITY_DN1605_c1_g1	0.98321055471036	NA	NA
TRINITY_DN1605_c2_g1	-1.80230530067382	NA	NA
TRINITY_DN16050_c0_g1	0.977416292176217	NA	NA
TRINITY_DN16051_c0_g1	0.18983421204018	NA	NA
TRINITY_DN16052_c0_g1	1.80950231271155	NA	NA
TRINITY_DN16053_c0_g1	0.131546642043301	NA	NA
TRINITY_DN16054_c0_g1	-0.514367184889875	NA	NA
TRINITY_DN16055_c0_g1	1.80950231271155	NA	NA
TRINITY_DN16056_c0_g1	-0.180073463669936	NA	NA
TRINITY_DN16057_c0_g1	0.393230212200209	NA	NA
TRINITY_DN16058_c0_g1	1.10211711576494	NA	NA
TRINITY_DN16059_c0_g1	2.44725580814198	NA	NA
TRINITY_DN1606_c0_g1	1.87311978081612	NA	NA
TRINITY_DN16060_c0_g1	2.4174799462688	NA	NA
TRINITY_DN16061_c0_g1	0.396025818038462	NA	NA
TRINITY_DN16063_c0_g1	2.4514252279686	NA	NA
TRINITY_DN16064_c0_g1	0.216356822413813	NA	NA
TRINITY_DN16065_c0_g1	-1.83793878131588	NA	NA
TRINITY_DN16066_c0_g1	2.37956963977582	NA	NA
TRINITY_DN16067_c0_g1	2.39439602029138	NA	NA
TRINITY_DN16068_c0_g1	3.13134408283979	NA	NA
TRINITY_DN16069_c0_g1	2.34479942720385	NA	NA
TRINITY_DN1607_c0_g1	-1.65927988151032	NA	NA
TRINITY_DN1607_c0_g2	1.7074081793622	NA	NA
TRINITY_DN16070_c0_g1	-1.50952567645087	NA	NA
TRINITY_DN16071_c0_g1	0.430428591218803	NA	NA
TRINITY_DN16072_c0_g1	1.86008621251346	NA	NA
TRINITY_DN16073_c0_g1	-1.51408937232975	NA	NA
TRINITY_DN16074_c0_g1	2.39549703441779	NA	NA
TRINITY_DN16076_c0_g1	-0.555531982553548	NA	NA
TRINITY_DN16077_c0_g1	-0.617142535308042	NA	NA
TRINITY_DN16079_c0_g1	-1.13947819768551	NA	NA
TRINITY_DN1608_c0_g1	-0.65904867531724	0.999155368198447	NA
TRINITY_DN1608_c0_g1	-0.65904867531724	0.999155368198447	NA
TRINITY_DN1608_c0_g1	-0.65904867531724	0.999155368198447	NA
TRINITY_DN1608_c0_g1	-0.65904867531724	0.999155368198447	NA
TRINITY_DN16080_c0_g1	-0.325506802402435	NA	NA
TRINITY_DN16081_c0_g1	1.76208259853803	NA	NA
TRINITY_DN16082_c0_g1	-1.45746470731771	NA	NA
TRINITY_DN16084_c0_g1	0.198653928867988	NA	NA
TRINITY_DN16085_c0_g1	-0.830899171522987	NA	NA
TRINITY_DN16086_c0_g1	-2.4976136563388	NA	NA
TRINITY_DN16087_c0_g1	1.69093984025819	NA	NA
TRINITY_DN16088_c0_g1	1.07061996335995	NA	NA
TRINITY_DN16089_c0_g1	-2.08134676973634	NA	NA
TRINITY_DN1609_c0_g1	-1.81106104546276	NA	NA
TRINITY_DN1609_c0_g2	-1.58024794527512	0.999155368198447	NA
TRINITY_DN1609_c0_g2	-1.58024794527512	0.999155368198447	NA
TRINITY_DN16090_c0_g1	-0.212200893635743	NA	NA
TRINITY_DN16091_c0_g1	-1.06936273521466	NA	NA
TRINITY_DN16092_c0_g1	1.86008621251346	NA	NA
TRINITY_DN16093_c0_g1	-0.216885245026263	NA	NA
TRINITY_DN16094_c0_g1	-1.55786391415055	NA	NA
TRINITY_DN16095_c0_g1	-1.50576064523823	NA	NA
TRINITY_DN16096_c0_g1	-1.52237678933332	NA	NA
TRINITY_DN16097_c0_g1	2.79831979859366	NA	NA
TRINITY_DN16098_c0_g1	1.10223440011183	NA	NA
TRINITY_DN16099_c0_g1	-0.00774073798528438	NA	NA
TRINITY_DN161_c0_g1	-0.167124838902701	0.999155368198447	NA
TRINITY_DN161_c0_g1	-0.167124838902701	0.999155368198447	NA
TRINITY_DN161_c0_g1	-0.167124838902701	0.999155368198447	NA
TRINITY_DN1610_c0_g1	-0.657163463009328	0.999155368198447	NA
TRINITY_DN16100_c0_g1	-2.0459462178456	NA	NA
TRINITY_DN16101_c0_g1	-3.28556311955198	NA	NA
TRINITY_DN16102_c0_g1	1.05720384329363	NA	NA
TRINITY_DN16103_c0_g1	0.427899591674551	NA	NA
TRINITY_DN16104_c0_g1	1.05948556819885	NA	NA
TRINITY_DN16105_c0_g1	2.44725580814198	NA	NA
TRINITY_DN16106_c0_g1	1.07864174882988	NA	NA
TRINITY_DN16107_c0_g1	2.75905656485706	NA	NA
TRINITY_DN16109_c0_g1	-1.03103780897137	NA	NA
TRINITY_DN1611_c0_g1	2.1242410251803	NA	NA
TRINITY_DN16110_c0_g1	1.86008621251346	NA	NA
TRINITY_DN16112_c0_g1	-1.45746470731771	NA	NA
TRINITY_DN16115_c0_g1	-0.338117166370764	NA	NA
TRINITY_DN16117_c0_g1	1.8111314805855	NA	NA
TRINITY_DN16118_c0_g1	-1.52237678933332	NA	NA
TRINITY_DN1612_c0_g1	-0.555174281363432	NA	NA
TRINITY_DN16120_c0_g1	1.13258426468097	NA	NA
TRINITY_DN16122_c0_g1	1.78577341794346	NA	NA
TRINITY_DN16123_c0_g1	-3.32686959116581	NA	NA
TRINITY_DN16124_c0_g1	-1.16263663303518	NA	NA
TRINITY_DN16125_c0_g1	-0.513093489498346	NA	NA
TRINITY_DN16126_c0_g1	-1.10028833640186	NA	NA
TRINITY_DN16127_c0_g1	-2.09034554969459	NA	NA
TRINITY_DN16128_c0_g1	-1.08126835575773	NA	NA
TRINITY_DN16129_c0_g1	-1.55257253040038	NA	NA
TRINITY_DN1613_c0_g1	0.452949192763092	0.999155368198447	NA
TRINITY_DN1613_c0_g1	0.452949192763092	0.999155368198447	NA
TRINITY_DN16130_c0_g1	-1.51408937232975	NA	NA
TRINITY_DN16131_c0_g1	-0.768614095511196	NA	NA
TRINITY_DN16133_c0_g1	2.40016601395083	NA	NA
TRINITY_DN16134_c0_g1	2.44725580814198	NA	NA
TRINITY_DN16135_c0_g1	0.430420470457714	NA	NA
TRINITY_DN16136_c0_g1	-1.52237678933332	NA	NA
TRINITY_DN16137_c0_g1	-0.631258895583268	NA	NA
TRINITY_DN16138_c0_g1	-0.217574595445232	NA	NA
TRINITY_DN16139_c0_g1	2.18045909456804	NA	NA
TRINITY_DN1614_c0_g1	-0.238959900154115	0.999155368198447	NA
TRINITY_DN1614_c0_g1	-0.238959900154115	0.999155368198447	NA
TRINITY_DN1614_c0_g1	-0.238959900154115	0.999155368198447	NA
TRINITY_DN16140_c0_g1	1.06397810305984	NA	NA
TRINITY_DN16142_c0_g1	-0.182529697694305	NA	NA
TRINITY_DN16143_c0_g1	1.12975872431685	NA	NA
TRINITY_DN16144_c0_g1	1.12011784822418	NA	NA
TRINITY_DN16146_c0_g1	1.80950231271155	NA	NA
TRINITY_DN16148_c0_g1	-0.813443627548599	NA	NA
TRINITY_DN16149_c0_g1	-2.43082817571169	NA	NA
TRINITY_DN1615_c0_g1	-3.66136785217087	NA	NA
TRINITY_DN1615_c0_g2	1.79375046077449	0.999155368198447	NA
TRINITY_DN16150_c0_g1	-1.51176965930197	NA	NA
TRINITY_DN16152_c0_g1	-1.53590112113118	NA	NA
TRINITY_DN16153_c0_g1	-2.04537093292216	NA	NA
TRINITY_DN16154_c0_g1	-1.51100098240728	NA	NA
TRINITY_DN16155_c0_g1	2.44725580814198	NA	NA
TRINITY_DN16156_c0_g1	0.953397548367767	NA	NA
TRINITY_DN16157_c0_g1	0.91450109249574	NA	NA
TRINITY_DN16159_c0_g1	1.71436672036315	NA	NA
TRINITY_DN1616_c0_g1	1.14778135074948	NA	NA
TRINITY_DN1616_c0_g2	0.361867378777857	NA	NA
TRINITY_DN16160_c0_g1	-2.50829056031268	NA	NA
TRINITY_DN16161_c0_g1	-1.50576064523823	NA	NA
TRINITY_DN16162_c0_g1	0.935306118510065	NA	NA
TRINITY_DN16163_c0_g1	-1.51408937232975	NA	NA
TRINITY_DN16164_c0_g1	1.08703899694309	NA	NA
TRINITY_DN16165_c0_g1	1.80950231271155	NA	NA
TRINITY_DN16166_c0_g1	-1.51202641165258	NA	NA
TRINITY_DN16167_c0_g1	-2.06540317747432	NA	NA
TRINITY_DN16169_c0_g1	1.13141725668373	NA	NA
TRINITY_DN1617_c0_g1	2.75905656485706	NA	NA
TRINITY_DN1617_c0_g2	-1.0381468880654	NA	NA
TRINITY_DN16171_c0_g1	2.44725580814198	NA	NA
TRINITY_DN16173_c0_g1	1.0770293602809	NA	NA
TRINITY_DN16174_c0_g1	-0.78939636872349	NA	NA
TRINITY_DN16175_c0_g1	1.25406056013775	NA	NA
TRINITY_DN16176_c0_g1	2.07298605985162	NA	NA
TRINITY_DN16178_c0_g1	-1.50576064523823	NA	NA
TRINITY_DN16179_c0_g1	-1.51807154720192	NA	NA
TRINITY_DN1618_c0_g1	1.38612895696125	NA	NA
TRINITY_DN1618_c0_g2	0.134323194005077	0.999155368198447	NA
TRINITY_DN16180_c0_g1	-1.45746470731771	NA	NA
TRINITY_DN16181_c0_g1	-2.08134676973634	NA	NA
TRINITY_DN16182_c0_g1	1.78578377669824	NA	NA
TRINITY_DN16184_c0_g1	-1.80873455688502	NA	NA
TRINITY_DN16185_c0_g1	0.379492723906796	NA	NA
TRINITY_DN16186_c0_g1	-0.483182038195108	NA	NA
TRINITY_DN16187_c0_g1	1.86008621251346	NA	NA
TRINITY_DN16188_c0_g1	-1.51408937232975	NA	NA
TRINITY_DN16189_c0_g1	2.39439602029138	NA	NA
TRINITY_DN1619_c0_g1	0.87454877628345	0.999155368198447	NA
TRINITY_DN1619_c0_g1	0.87454877628345	0.999155368198447	NA
TRINITY_DN16190_c0_g1	-1.99987284096263	NA	NA
TRINITY_DN16191_c0_g1	-0.326814042355416	NA	NA
TRINITY_DN16192_c0_g1	-0.96496138953611	NA	NA
TRINITY_DN16193_c0_g1	2.34479942720385	NA	NA
TRINITY_DN16194_c0_g1	-1.50880310191937	NA	NA
TRINITY_DN16195_c0_g1	1.76208259853803	NA	NA
TRINITY_DN16196_c0_g1	1.76208259853803	NA	NA
TRINITY_DN16197_c0_g1	0.37271751463075	NA	NA
TRINITY_DN16198_c0_g1	1.80950231271155	NA	NA
TRINITY_DN162_c0_g1	0.156018279312325	0.999155368198447	NA
TRINITY_DN162_c0_g1	0.156018279312325	0.999155368198447	NA
TRINITY_DN162_c0_g1	0.156018279312325	0.999155368198447	NA
TRINITY_DN162_c0_g1	0.156018279312325	0.999155368198447	NA
TRINITY_DN162_c0_g1	0.156018279312325	0.999155368198447	NA
TRINITY_DN162_c0_g1	0.156018279312325	0.999155368198447	NA
TRINITY_DN162_c0_g1	0.156018279312325	0.999155368198447	NA
TRINITY_DN1620_c0_g1	-0.52426022030181	NA	NA
TRINITY_DN1620_c0_g3	-2.10385482555923	NA	NA
TRINITY_DN16200_c0_g1	2.86279211382665	NA	NA
TRINITY_DN16201_c0_g1	-0.517637373175956	NA	NA
TRINITY_DN16203_c0_g1	2.43515358790653	NA	NA
TRINITY_DN16204_c0_g1	1.11076922229006	NA	NA
TRINITY_DN16205_c0_g1	-3.08482074530029	NA	NA
TRINITY_DN16207_c0_g1	1.80950231271155	NA	NA
TRINITY_DN16208_c0_g1	-2.82284088829708	NA	NA
TRINITY_DN16209_c0_g1	-2.82327605056112	NA	NA
TRINITY_DN1621_c0_g1	-0.517393239893108	NA	NA
TRINITY_DN1621_c0_g1	-0.517393239893108	NA	NA
TRINITY_DN1621_c0_g2	-0.114926071496161	NA	NA
TRINITY_DN16210_c0_g1	2.75905656485706	NA	NA
TRINITY_DN16212_c0_g1	-1.13859677190171	NA	NA
TRINITY_DN16213_c0_g1	-0.952778224516928	NA	NA
TRINITY_DN16215_c0_g1	-0.554202731192285	NA	NA
TRINITY_DN16216_c0_g1	-0.475717329504134	NA	NA
TRINITY_DN16217_c0_g1	-0.482767526412276	NA	NA
TRINITY_DN16218_c0_g1	0.441041116842974	NA	NA
TRINITY_DN16219_c0_g1	2.44725580814198	NA	NA
TRINITY_DN1622_c0_g1	-0.235221218660718	NA	NA
TRINITY_DN16220_c0_g1	-0.55780916295228	NA	NA
TRINITY_DN16222_c0_g1	-0.805068054004892	NA	NA
TRINITY_DN16223_c0_g1	-0.537386565019025	NA	NA
TRINITY_DN16224_c0_g1	1.76208259853803	NA	NA
TRINITY_DN16226_c0_g1	-1.85585000470059	NA	NA
TRINITY_DN16227_c0_g1	0.396440565389523	NA	NA
TRINITY_DN16228_c0_g1	-1.50576064523823	NA	NA
TRINITY_DN16229_c0_g1	2.81104479709752	NA	NA
TRINITY_DN1623_c0_g1	-3.82463397584304	NA	NA
TRINITY_DN1623_c0_g2	-1.0709316786286	NA	NA
TRINITY_DN1623_c0_g3	-1.59939603935521	NA	NA
TRINITY_DN16230_c0_g1	-2.28581052586276	NA	NA
TRINITY_DN16231_c0_g1	-0.566592854960393	NA	NA
TRINITY_DN16233_c0_g1	-1.52237678933332	NA	NA
TRINITY_DN16234_c0_g1	-1.50576064523823	NA	NA
TRINITY_DN16235_c0_g1	-0.51311776803988	NA	NA
TRINITY_DN16236_c0_g1	-2.10862796993349	NA	NA
TRINITY_DN16238_c0_g1	-0.48360758601159	NA	NA
TRINITY_DN16239_c0_g1	0.190228459657604	NA	NA
TRINITY_DN16240_c0_g1	-1.50908066825001	NA	NA
TRINITY_DN16241_c0_g1	-0.468999624741924	NA	NA
TRINITY_DN16242_c0_g1	-1.50576064523823	NA	NA
TRINITY_DN16244_c0_g1	-2.09075181097824	NA	NA
TRINITY_DN16246_c0_g1	-0.481696738783463	NA	NA
TRINITY_DN16247_c0_g1	0.201833147095123	NA	NA
TRINITY_DN16248_c0_g1	-1.1487670595239	NA	NA
TRINITY_DN1625_c0_g1	0.697218166988828	NA	NA
TRINITY_DN1625_c0_g2	2.12718546216878	NA	NA
TRINITY_DN16252_c0_g1	1.42887794464603	NA	NA
TRINITY_DN16253_c0_g1	-2.09302402147116	NA	NA
TRINITY_DN16254_c0_g1	-0.522882009813686	NA	NA
TRINITY_DN16255_c0_g1	-1.45746470731771	NA	NA
TRINITY_DN16256_c0_g1	0.357606543993072	NA	NA
TRINITY_DN16257_c0_g1	1.6693405489173	NA	NA
TRINITY_DN16258_c0_g1	-1.50576064523823	NA	NA
TRINITY_DN16259_c0_g1	1.06050681835809	NA	NA
TRINITY_DN1626_c0_g1	-1.09727346708248	NA	NA
TRINITY_DN16261_c0_g1	0.30998786510502	NA	NA
TRINITY_DN16262_c0_g1	-1.0653448130616	NA	NA
TRINITY_DN16264_c0_g1	-0.626343240991982	NA	NA
TRINITY_DN16265_c0_g1	0.420798890298849	NA	NA
TRINITY_DN16267_c0_g1	1.81100245756879	NA	NA
TRINITY_DN16268_c0_g1	-2.78997950959012	NA	NA
TRINITY_DN16269_c0_g1	2.08445030275902	NA	NA
TRINITY_DN1627_c0_g1	-2.09948573761574	NA	NA
TRINITY_DN16270_c0_g1	-1.52237678933332	NA	NA
TRINITY_DN16271_c0_g1	1.70639280116992	NA	NA
TRINITY_DN16273_c0_g1	-1.17862997858278	NA	NA
TRINITY_DN16274_c0_g1	-0.512613408753064	NA	NA
TRINITY_DN16275_c0_g1	-1.12986383682079	NA	NA
TRINITY_DN16276_c0_g1	4.00856654871289	NA	NA
TRINITY_DN16277_c0_g1	-0.511396482464214	NA	NA
TRINITY_DN16278_c0_g1	-1.47645399490247	NA	NA
TRINITY_DN16279_c0_g1	-0.477371487852108	NA	NA
TRINITY_DN1628_c0_g1	-0.13608425983609	0.999155368198447	NA
TRINITY_DN16280_c0_g1	-0.15972815207147	NA	NA
TRINITY_DN16281_c0_g1	1.1112109460196	NA	NA
TRINITY_DN16282_c0_g1	1.12033694250064	NA	NA
TRINITY_DN16284_c0_g1	-0.519216620342347	NA	NA
TRINITY_DN16285_c0_g1	2.41860785322305	NA	NA
TRINITY_DN16286_c0_g1	0.0612172580085336	NA	NA
TRINITY_DN16287_c0_g1	-1.50854224505726	NA	NA
TRINITY_DN16288_c0_g1	-2.50829056031268	NA	NA
TRINITY_DN16289_c0_g1	0.370141777103462	NA	NA
TRINITY_DN1629_c0_g1	-2.04647691040779	NA	NA
TRINITY_DN1629_c0_g2	-0.620526606865431	NA	NA
TRINITY_DN16290_c0_g1	-1.50576064523823	NA	NA
TRINITY_DN16291_c0_g1	0.358472846509774	NA	NA
TRINITY_DN16292_c0_g1	1.12180452823525	NA	NA
TRINITY_DN16293_c0_g1	0.180306873035548	NA	NA
TRINITY_DN16296_c0_g1	1.12168698000712	NA	NA
TRINITY_DN16297_c0_g1	-2.47185609476112	NA	NA
TRINITY_DN16298_c0_g1	0.0652024617254274	NA	NA
TRINITY_DN16299_c0_g1	-1.47445938946075	NA	NA
TRINITY_DN163_c0_g1	0.448174145294417	0.999155368198447	NA
TRINITY_DN163_c0_g1	0.448174145294417	0.999155368198447	NA
TRINITY_DN1630_c0_g1	0.737141752937352	NA	NA
TRINITY_DN1630_c0_g2	0.697698614471511	NA	NA
TRINITY_DN16300_c0_g1	-0.153090254730732	NA	NA
TRINITY_DN16301_c0_g1	0.200895041323156	NA	NA
TRINITY_DN16302_c0_g1	0.202727644793787	NA	NA
TRINITY_DN16304_c0_g1	1.40123991009956	NA	NA
TRINITY_DN16305_c0_g1	-0.610432011981993	NA	NA
TRINITY_DN16306_c0_g1	-1.14974622868921	NA	NA
TRINITY_DN16307_c0_g1	0.181405847324454	NA	NA
TRINITY_DN16308_c0_g1	1.11896476446036	NA	NA
TRINITY_DN16309_c0_g1	-1.07393473726746	NA	NA
TRINITY_DN1631_c0_g1	1.72594605017087	NA	NA
TRINITY_DN1631_c0_g2	0.961073050504389	NA	NA
TRINITY_DN1631_c0_g3	-1.80984737054106	0.999155368198447	NA
TRINITY_DN1631_c0_g3	-1.80984737054106	0.999155368198447	NA
TRINITY_DN16310_c0_g1	-2.41340458201845	NA	NA
TRINITY_DN16311_c0_g1	-0.568131097747161	NA	NA
TRINITY_DN16312_c0_g1	-1.45746470731771	NA	NA
TRINITY_DN16313_c0_g1	1.07872516995702	NA	NA
TRINITY_DN16315_c0_g1	1.67103390861904	NA	NA
TRINITY_DN16316_c0_g1	-1.01297144193407	NA	NA
TRINITY_DN16317_c0_g1	1.78590299622706	NA	NA
TRINITY_DN16318_c0_g1	0.172036657132631	NA	NA
TRINITY_DN16319_c0_g1	-1.51408937232975	NA	NA
TRINITY_DN1632_c0_g1	1.03594100743432	0.999155368198447	NA
TRINITY_DN16320_c0_g1	-0.464598257710666	NA	NA
TRINITY_DN16321_c0_g1	-1.04014125332679	NA	NA
TRINITY_DN16322_c0_g1	-2.5218355706456	NA	NA
TRINITY_DN16323_c0_g1	-1.14897932314553	NA	NA
TRINITY_DN16324_c0_g1	1.66930768063213	NA	NA
TRINITY_DN16325_c0_g1	-2.4964636238478	NA	NA
TRINITY_DN16326_c0_g1	2.8102122776751	NA	NA
TRINITY_DN16327_c0_g1	1.76208259853803	NA	NA
TRINITY_DN16328_c0_g1	-2.52581857996717	NA	NA
TRINITY_DN16329_c0_g1	1.08077116305918	NA	NA
TRINITY_DN1633_c0_g1	-2.02759108466767	NA	NA
TRINITY_DN1633_c0_g2	-0.197317486062775	0.999155368198447	NA
TRINITY_DN16330_c0_g1	0.341630638097076	NA	NA
TRINITY_DN16331_c0_g1	-1.47387193085985	NA	NA
TRINITY_DN16332_c0_g1	1.86008621251346	NA	NA
TRINITY_DN16333_c0_g1	1.01633910602588	NA	NA
TRINITY_DN16334_c0_g1	0.180815401489462	NA	NA
TRINITY_DN16335_c0_g1	-0.00379593111712749	NA	NA
TRINITY_DN16336_c0_g1	1.70294461096482	NA	NA
TRINITY_DN16337_c0_g1	-1.50576064523823	NA	NA
TRINITY_DN16338_c0_g1	-2.12599672253002	NA	NA
TRINITY_DN16339_c0_g1	2.09949199995779	NA	NA
TRINITY_DN1634_c0_g1	0.368105054097688	NA	NA
TRINITY_DN1634_c0_g2	-1.73607460933776	NA	NA
TRINITY_DN1634_c0_g2	-1.73607460933776	NA	NA
TRINITY_DN16340_c0_g1	-0.167702775409387	NA	NA
TRINITY_DN16343_c0_g1	2.37906287822031	NA	NA
TRINITY_DN16344_c0_g1	-2.9977837821943	NA	NA
TRINITY_DN16345_c0_g1	-1.47523446229015	NA	NA
TRINITY_DN16346_c0_g1	0.187431808273174	NA	NA
TRINITY_DN16348_c0_g1	1.02118870997103	NA	NA
TRINITY_DN16349_c0_g1	-0.564924026749495	NA	NA
TRINITY_DN1635_c0_g1	0.449097263401263	NA	NA
TRINITY_DN1635_c1_g1	0.605145900237038	NA	NA
TRINITY_DN16350_c0_g1	-1.8531744899936	NA	NA
TRINITY_DN16351_c0_g1	-2.09302402147116	NA	NA
TRINITY_DN16352_c0_g1	-0.190021960619477	NA	NA
TRINITY_DN16353_c0_g1	1.05834669750555	NA	NA
TRINITY_DN16354_c0_g1	0.314395439743877	NA	NA
TRINITY_DN16355_c0_g1	1.80950231271155	NA	NA
TRINITY_DN16356_c0_g1	0.207137973599434	NA	NA
TRINITY_DN16357_c0_g1	1.83475191541032	NA	NA
TRINITY_DN16358_c0_g1	1.86008621251346	NA	NA
TRINITY_DN16359_c0_g1	1.05705303200683	NA	NA
TRINITY_DN1636_c0_g1	1.13599088616491	NA	NA
TRINITY_DN16362_c0_g1	-2.02634062724792	NA	NA
TRINITY_DN16363_c0_g1	-0.575296616123092	NA	NA
TRINITY_DN16364_c0_g1	-2.02551140414204	NA	NA
TRINITY_DN16365_c0_g1	2.41945430718543	NA	NA
TRINITY_DN16367_c0_g1	0.335834790283952	NA	NA
TRINITY_DN16368_c0_g1	1.86008621251346	NA	NA
TRINITY_DN16369_c0_g1	-1.82263094855805	NA	NA
TRINITY_DN1637_c0_g1	-0.0766481225489563	NA	NA
TRINITY_DN16371_c0_g1	-1.99987284096263	NA	NA
TRINITY_DN16373_c0_g1	0.188001709317836	NA	NA
TRINITY_DN16374_c0_g1	0.194144988207391	NA	NA
TRINITY_DN16375_c0_g1	0.359734573595076	NA	NA
TRINITY_DN16376_c0_g1	-2.08477631378744	NA	NA
TRINITY_DN16377_c0_g1	1.86008621251346	NA	NA
TRINITY_DN16378_c0_g1	1.69587044006797	NA	NA
TRINITY_DN1638_c0_g1	1.27371158722407	0.999155368198447	NA
TRINITY_DN1638_c0_g1	1.27371158722407	0.999155368198447	NA
TRINITY_DN16380_c0_g1	-0.519577445659436	NA	NA
TRINITY_DN16382_c0_g1	-0.478011894571444	NA	NA
TRINITY_DN16385_c0_g1	1.76208259853803	NA	NA
TRINITY_DN16386_c0_g1	-1.50576064523823	NA	NA
TRINITY_DN16387_c0_g1	-2.08134676973634	NA	NA
TRINITY_DN16388_c0_g1	-0.303144074230127	NA	NA
TRINITY_DN16389_c0_g1	0.367828874673701	NA	NA
TRINITY_DN1639_c0_g1	0.174281602540672	NA	NA
TRINITY_DN16390_c0_g1	-2.05680826599427	NA	NA
TRINITY_DN16391_c0_g1	-2.04474922058492	NA	NA
TRINITY_DN16392_c0_g1	3.15654576592626	NA	NA
TRINITY_DN16393_c0_g1	-2.45641964635002	NA	NA
TRINITY_DN16394_c0_g1	0.342849080072023	NA	NA
TRINITY_DN16396_c0_g1	1.76208259853803	NA	NA
TRINITY_DN16397_c0_g1	0.198704860760859	NA	NA
TRINITY_DN16398_c0_g1	2.80941590716106	NA	NA
TRINITY_DN16399_c0_g1	-0.523736375468425	NA	NA
TRINITY_DN164_c0_g1	-0.393996967621188	0.999155368198447	NA
TRINITY_DN1640_c0_g1	-1.5076087854588	NA	NA
TRINITY_DN16400_c0_g1	0.182292908141959	NA	NA
TRINITY_DN16401_c0_g1	1.78588930851745	NA	NA
TRINITY_DN16402_c0_g1	2.42513854026402	NA	NA
TRINITY_DN16404_c0_g1	-1.51807154720192	NA	NA
TRINITY_DN16405_c0_g1	2.34479942720385	NA	NA
TRINITY_DN16407_c0_g1	0.392671043032776	NA	NA
TRINITY_DN16408_c0_g1	-0.520175244610541	NA	NA
TRINITY_DN16409_c0_g1	2.44725580814198	NA	NA
TRINITY_DN16410_c0_g1	-0.515961400805262	NA	NA
TRINITY_DN16411_c0_g1	-2.4447675932456	NA	NA
TRINITY_DN16412_c0_g1	1.11626999839331	NA	NA
TRINITY_DN16413_c0_g1	-2.83395016823496	NA	NA
TRINITY_DN16415_c0_g1	0.411635037653278	NA	NA
TRINITY_DN16416_c0_g1	-1.52237678933332	NA	NA
TRINITY_DN16417_c0_g1	2.05138381386678	NA	NA
TRINITY_DN16419_c0_g1	-0.916074449848517	NA	NA
TRINITY_DN1642_c0_g1	2.18438622265964	NA	NA
TRINITY_DN16421_c0_g1	2.42123874743255	NA	NA
TRINITY_DN16422_c0_g1	-1.99987284096263	NA	NA
TRINITY_DN16423_c0_g1	1.14061684649031	NA	NA
TRINITY_DN16424_c0_g1	-2.09302402147116	NA	NA
TRINITY_DN16425_c0_g1	1.80950231271155	NA	NA
TRINITY_DN16426_c0_g1	-1.52237678933332	NA	NA
TRINITY_DN16428_c0_g1	-1.51807154720192	NA	NA
TRINITY_DN1643_c0_g1	-0.0557071613232839	0.999155368198447	NA
TRINITY_DN16431_c0_g1	-3.03012665382045	NA	NA
TRINITY_DN16433_c0_g1	-1.52237678933332	NA	NA
TRINITY_DN16434_c0_g1	-2.09927572525019	NA	NA
TRINITY_DN16435_c0_g1	1.73200188223426	NA	NA
TRINITY_DN16436_c0_g1	-0.499486944028184	NA	NA
TRINITY_DN16437_c0_g1	1.17108297669845	NA	NA
TRINITY_DN16438_c0_g1	1.76208259853803	NA	NA
TRINITY_DN16439_c0_g1	-1.12943608116736	NA	NA
TRINITY_DN1644_c0_g1	-2.37548067822532	NA	NA
TRINITY_DN16441_c0_g1	-1.4738029765781	NA	NA
TRINITY_DN16442_c0_g1	0.4343320778867	NA	NA
TRINITY_DN16443_c0_g1	0.18890897386382	NA	NA
TRINITY_DN16444_c0_g1	0.212794848251777	NA	NA
TRINITY_DN16445_c0_g1	2.75905656485706	NA	NA
TRINITY_DN16447_c0_g1	-1.52237678933332	NA	NA
TRINITY_DN16448_c0_g1	2.34479942720385	NA	NA
TRINITY_DN16449_c0_g1	-0.0279173498756496	NA	NA
TRINITY_DN1645_c0_g1	1.03092423251584	0.999155368198447	NA
TRINITY_DN1645_c0_g2	1.68597685674648	NA	NA
TRINITY_DN16450_c0_g1	-1.51807154720192	NA	NA
TRINITY_DN16451_c0_g1	-1.51408937232975	NA	NA
TRINITY_DN16453_c0_g1	-0.513364730960752	NA	NA
TRINITY_DN16454_c0_g1	2.34479942720385	NA	NA
TRINITY_DN16455_c0_g1	-2.52032593256398	NA	NA
TRINITY_DN16456_c0_g1	1.14058656194836	NA	NA
TRINITY_DN16457_c0_g1	-2.12599672253002	NA	NA
TRINITY_DN16458_c0_g1	1.12129567608245	NA	NA
TRINITY_DN16459_c0_g1	-2.5234901411893	NA	NA
TRINITY_DN1646_c0_g1	0.406389821913471	NA	NA
TRINITY_DN1646_c0_g2	-0.201106347909934	NA	NA
TRINITY_DN1646_c0_g3	-2.83318329265154	NA	NA
TRINITY_DN16460_c0_g1	-1.50576064523823	NA	NA
TRINITY_DN16461_c0_g1	-2.0847027476497	NA	NA
TRINITY_DN16463_c0_g1	2.81774494610607	NA	NA
TRINITY_DN16464_c0_g1	-1.14012888084222	NA	NA
TRINITY_DN16465_c0_g1	-1.99987284096263	NA	NA
TRINITY_DN16466_c0_g1	-2.06987457986895	NA	NA
TRINITY_DN16468_c0_g1	1.76208259853803	NA	NA
TRINITY_DN1647_c0_g1	1.16928289323392	NA	NA
TRINITY_DN16470_c0_g1	-2.76827886933652	NA	NA
TRINITY_DN16471_c0_g1	-1.47094539259866	NA	NA
TRINITY_DN16472_c0_g1	2.81805865261598	NA	NA
TRINITY_DN16473_c0_g1	-0.544451050080987	NA	NA
TRINITY_DN16474_c0_g1	2.39439602029138	NA	NA
TRINITY_DN16475_c0_g1	-2.08162443984777	NA	NA
TRINITY_DN16476_c0_g1	-1.51408937232975	NA	NA
TRINITY_DN16477_c0_g1	1.12512953444911	NA	NA
TRINITY_DN16478_c0_g1	-1.51408937232975	NA	NA
TRINITY_DN1648_c0_g2	-0.837432225849672	NA	NA
TRINITY_DN16483_c0_g1	-0.542776373965186	NA	NA
TRINITY_DN16484_c0_g1	-1.15583431773277	NA	NA
TRINITY_DN16486_c0_g1	-1.56190655210441	NA	NA
TRINITY_DN16488_c0_g1	1.04235971905949	NA	NA
TRINITY_DN16489_c0_g1	1.14103453639825	NA	NA
TRINITY_DN1649_c0_g1	-0.0777106060543607	NA	NA
TRINITY_DN16490_c0_g1	-1.03947006150182	NA	NA
TRINITY_DN16491_c0_g1	-0.244479544262042	NA	NA
TRINITY_DN16492_c0_g1	-2.097424756147	NA	NA
TRINITY_DN16493_c0_g1	-1.45746470731771	NA	NA
TRINITY_DN16494_c0_g1	1.80950231271155	NA	NA
TRINITY_DN16496_c0_g1	0.390238162945639	NA	NA
TRINITY_DN16497_c0_g1	0.208214948940949	NA	NA
TRINITY_DN16499_c0_g1	2.80602230579686	NA	NA
TRINITY_DN165_c0_g1	0.46088527564135	0.999155368198447	NA
TRINITY_DN165_c0_g1	0.46088527564135	0.999155368198447	NA
TRINITY_DN165_c0_g1	0.46088527564135	0.999155368198447	NA
TRINITY_DN165_c0_g1	0.46088527564135	0.999155368198447	NA
TRINITY_DN165_c0_g1	0.46088527564135	0.999155368198447	NA
TRINITY_DN1650_c0_g1	-0.475598641113045	NA	NA
TRINITY_DN16500_c0_g1	-0.197626810703853	NA	NA
TRINITY_DN16501_c0_g1	1.12214893629665	NA	NA
TRINITY_DN16502_c0_g1	-1.51176965930197	NA	NA
TRINITY_DN16505_c0_g1	0.816047451447294	NA	NA
TRINITY_DN16507_c0_g1	0.410428212823231	NA	NA
TRINITY_DN16508_c0_g1	-2.09302402147116	NA	NA
TRINITY_DN16509_c0_g1	0.203399857594719	NA	NA
TRINITY_DN1651_c0_g1	-1.44094051232411	NA	NA
TRINITY_DN1651_c0_g2	2.12393047609058	NA	NA
TRINITY_DN16510_c0_g1	2.3758601126692	NA	NA
TRINITY_DN16511_c0_g1	-1.4758786192035	NA	NA
TRINITY_DN16512_c0_g1	-1.45746470731771	NA	NA
TRINITY_DN16513_c0_g1	2.44725580814198	NA	NA
TRINITY_DN16515_c0_g1	0.184896047333964	NA	NA
TRINITY_DN16516_c0_g1	1.76208259853803	NA	NA
TRINITY_DN16518_c0_g1	1.86008621251346	NA	NA
TRINITY_DN1652_c0_g1	-2.10833073181069	NA	NA
TRINITY_DN1652_c0_g2	-1.17372657951095	NA	NA
TRINITY_DN16520_c0_g1	-3.06384793527184	NA	NA
TRINITY_DN16521_c0_g1	-1.52237678933332	NA	NA
TRINITY_DN16522_c0_g1	1.71127984896167	NA	NA
TRINITY_DN16523_c0_g1	-1.52237678933332	NA	NA
TRINITY_DN16524_c0_g1	2.40014975700395	NA	NA
TRINITY_DN16525_c0_g1	-1.51202641165258	NA	NA
TRINITY_DN1653_c0_g1	0.342629300508235	NA	NA
TRINITY_DN16530_c0_g1	-2.09302402147116	NA	NA
TRINITY_DN16531_c0_g1	1.6772175323936	NA	NA
TRINITY_DN16532_c0_g1	1.80950231271155	NA	NA
TRINITY_DN16533_c0_g1	1.0429335535986	NA	NA
TRINITY_DN16534_c0_g1	1.83487226367794	NA	NA
TRINITY_DN16535_c0_g1	-2.51537204143434	NA	NA
TRINITY_DN16536_c0_g1	-0.509122502659411	NA	NA
TRINITY_DN1654_c0_g1	-1.04392696137854	0.999155368198447	NA
TRINITY_DN16541_c0_g1	-1.51408937232975	NA	NA
TRINITY_DN16543_c0_g1	-1.50576064523823	NA	NA
TRINITY_DN16544_c0_g1	-2.02533790980862	NA	NA
TRINITY_DN16546_c0_g1	-0.56917009795573	NA	NA
TRINITY_DN16547_c0_g1	-1.45746470731771	NA	NA
TRINITY_DN16548_c0_g1	-0.486037979456719	NA	NA
TRINITY_DN16549_c0_g1	-1.47317587099414	NA	NA
TRINITY_DN1655_c0_g1	0.818835136652579	0.999155368198447	NA
TRINITY_DN1655_c0_g1	0.818835136652579	0.999155368198447	NA
TRINITY_DN16550_c0_g1	1.76208259853803	NA	NA
TRINITY_DN16553_c0_g1	2.39103159061858	NA	NA
TRINITY_DN16554_c0_g1	-0.539582624054891	NA	NA
TRINITY_DN16555_c0_g1	1.06573408415739	NA	NA
TRINITY_DN16556_c0_g1	-1.52237678933332	NA	NA
TRINITY_DN16557_c0_g1	1.72855132441711	NA	NA
TRINITY_DN16558_c0_g1	-1.45746470731771	NA	NA
TRINITY_DN16559_c0_g1	-1.52237678933332	NA	NA
TRINITY_DN1656_c0_g1	1.73730765255303	NA	NA
TRINITY_DN1656_c0_g2	2.07463144790925	NA	NA
TRINITY_DN16560_c0_g1	-0.531587726249187	NA	NA
TRINITY_DN16561_c0_g1	-1.47468675194247	NA	NA
TRINITY_DN16562_c0_g1	-1.50622675095634	NA	NA
TRINITY_DN16563_c0_g1	1.8347731877923	NA	NA
TRINITY_DN16565_c0_g1	2.42439640611467	NA	NA
TRINITY_DN16566_c0_g1	-2.09302402147116	NA	NA
TRINITY_DN16568_c0_g1	0.399586342050002	NA	NA
TRINITY_DN1657_c0_g1	0.601488315752611	0.999155368198447	NA
TRINITY_DN1657_c0_g1	0.601488315752611	0.999155368198447	NA
TRINITY_DN1657_c0_g2	1.84150534514341	NA	NA
TRINITY_DN16571_c0_g1	-1.47581388782777	NA	NA
TRINITY_DN16572_c0_g1	-2.10758888970053	NA	NA
TRINITY_DN16573_c0_g1	-1.50576064523823	NA	NA
TRINITY_DN16574_c0_g1	-1.52237678933332	NA	NA
TRINITY_DN16575_c0_g1	-1.52237678933332	NA	NA
TRINITY_DN16577_c0_g1	1.86008621251346	NA	NA
TRINITY_DN16579_c0_g1	-1.52237678933332	NA	NA
TRINITY_DN1658_c0_g1	2.12970593945427	0.554653759588508	NA
TRINITY_DN1658_c0_g1	2.12970593945427	0.554653759588508	NA
TRINITY_DN16580_c0_g1	0.402112284413028	NA	NA
TRINITY_DN16582_c0_g1	-0.556696158641754	NA	NA
TRINITY_DN16584_c0_g1	-1.47408140170299	NA	NA
TRINITY_DN16585_c0_g1	-1.45746470731771	NA	NA
TRINITY_DN16586_c0_g1	1.08548538405788	NA	NA
TRINITY_DN16587_c0_g1	-0.570339683598365	NA	NA
TRINITY_DN16588_c0_g1	1.13330802250432	NA	NA
TRINITY_DN1659_c0_g1	2.41512507224175	NA	NA
TRINITY_DN1659_c0_g2	-1.08702575503123	NA	NA
TRINITY_DN16591_c0_g1	0.200706094678907	NA	NA
TRINITY_DN16592_c0_g1	1.65385595245239	NA	NA
TRINITY_DN16595_c0_g1	-1.52237678933332	NA	NA
TRINITY_DN16596_c0_g1	1.83483943192227	NA	NA
TRINITY_DN16599_c0_g1	0.40007241467373	NA	NA
TRINITY_DN166_c0_g1	1.42692183450297	0.979696956929915	NA
TRINITY_DN166_c0_g1	1.42692183450297	0.979696956929915	NA
TRINITY_DN1660_c0_g1	-0.492458238113814	NA	NA
TRINITY_DN1660_c0_g1	-0.492458238113814	NA	NA
TRINITY_DN16600_c0_g1	1.65159390454765	NA	NA
TRINITY_DN16602_c0_g1	-2.52335413421497	NA	NA
TRINITY_DN16605_c0_g1	0.212079337977142	NA	NA
TRINITY_DN16606_c0_g1	2.36572260658106	NA	NA
TRINITY_DN16608_c0_g1	-2.09302402147116	NA	NA
TRINITY_DN1661_c0_g1	1.39849170841217	NA	NA
TRINITY_DN16611_c0_g1	-2.08359754784575	NA	NA
TRINITY_DN16612_c0_g1	1.81106043949877	NA	NA
TRINITY_DN16613_c0_g1	-1.47434348358349	NA	NA
TRINITY_DN16614_c0_g1	-1.13790189494497	NA	NA
TRINITY_DN16615_c0_g1	-2.02906945608547	NA	NA
TRINITY_DN16616_c0_g1	-1.52237678933332	NA	NA
TRINITY_DN16618_c0_g1	1.62846805131619	NA	NA
TRINITY_DN16619_c0_g1	1.81106921845358	NA	NA
TRINITY_DN1662_c0_g1	0.496636186022423	0.999155368198447	NA
TRINITY_DN16620_c0_g1	-2.06574698021217	NA	NA
TRINITY_DN16622_c0_g1	2.42578360973702	NA	NA
TRINITY_DN16623_c0_g1	-2.09302402147116	NA	NA
TRINITY_DN16626_c0_g1	-2.05941586376476	NA	NA
TRINITY_DN16628_c0_g1	-1.52237678933332	NA	NA
TRINITY_DN16629_c0_g1	1.67714681854426	NA	NA
TRINITY_DN16630_c0_g1	-1.45746470731771	NA	NA
TRINITY_DN16632_c0_g1	-2.10578223790939	NA	NA
TRINITY_DN16634_c0_g1	1.71934436356567	NA	NA
TRINITY_DN16636_c0_g1	0.18481744946796	NA	NA
TRINITY_DN16637_c0_g1	-0.204128402498492	NA	NA
TRINITY_DN16638_c0_g1	1.95149793988264	NA	NA
TRINITY_DN16639_c0_g1	1.21142971760889	0.999155368198447	NA
TRINITY_DN1664_c0_g1	1.14071220921293	NA	NA
TRINITY_DN1664_c0_g2	0.416408693711615	NA	NA
TRINITY_DN16640_c0_g1	-1.10837755156334	0.999155368198447	NA
TRINITY_DN16641_c0_g1	-0.00211720124590249	NA	NA
TRINITY_DN16642_c0_g1	1.68504520006429	NA	NA
TRINITY_DN16643_c0_g1	0.355420488495242	NA	NA
TRINITY_DN16644_c0_g1	2.39439602029138	NA	NA
TRINITY_DN16645_c0_g1	-0.0706313473030506	NA	NA
TRINITY_DN16646_c0_g1	-2.1103441322579	NA	NA
TRINITY_DN16647_c0_g1	-1.03002219037305	NA	NA
TRINITY_DN16648_c0_g1	-0.839413427130833	0.999155368198447	NA
TRINITY_DN16649_c0_g1	1.1157038134104	NA	NA
TRINITY_DN1665_c0_g1	0.642865382630635	NA	NA
TRINITY_DN16650_c0_g1	1.12137626228111	NA	NA
TRINITY_DN16651_c0_g1	-3.33345643897114	NA	NA
TRINITY_DN16652_c0_g1	1.14458865205593	NA	NA
TRINITY_DN16653_c0_g1	1.76208259853803	NA	NA
TRINITY_DN16654_c0_g1	0.120431454000834	0.999155368198447	NA
TRINITY_DN16655_c0_g1	-0.566716371229313	NA	NA
TRINITY_DN16656_c0_g1	2.39439602029138	NA	NA
TRINITY_DN16657_c0_g1	-2.10165700108983	NA	NA
TRINITY_DN16658_c0_g1	0.432083536072576	NA	NA
TRINITY_DN16659_c0_g1	0.401203890610909	NA	NA
TRINITY_DN1666_c0_g1	-0.768614095511196	NA	NA
TRINITY_DN1666_c0_g2	0.967491626522709	NA	NA
TRINITY_DN16660_c0_g1	-1.42234685374405	NA	NA
TRINITY_DN16661_c0_g1	0.695470569718767	NA	NA
TRINITY_DN16662_c0_g1	1.2505704026616	NA	NA
TRINITY_DN16663_c0_g1	0.371326530248828	NA	NA
TRINITY_DN16664_c0_g1	-0.0499816486671835	NA	NA
TRINITY_DN16666_c0_g1	-0.514713421212288	NA	NA
TRINITY_DN16667_c0_g1	-1.38081645493985	0.999155368198447	NA
TRINITY_DN16667_c0_g1	-1.38081645493985	0.999155368198447	NA
TRINITY_DN16667_c0_g1	-1.38081645493985	0.999155368198447	NA
TRINITY_DN16668_c0_g1	-1.10279705336727	NA	NA
TRINITY_DN16669_c0_g1	0.512070767978973	0.999155368198447	NA
TRINITY_DN1667_c0_g1	1.76208259853803	NA	NA
TRINITY_DN1667_c0_g2	3.54398333082929	NA	NA
TRINITY_DN16670_c0_g1	-0.91318647992304	0.999155368198447	NA
TRINITY_DN16671_c0_g1	-0.273902842567826	0.999155368198447	NA
TRINITY_DN16672_c0_g1	-0.604546972539883	0.999155368198447	NA
TRINITY_DN16673_c0_g1	0.752640061943032	NA	NA
TRINITY_DN16674_c0_g1	1.97010211963401	0.999155368198447	NA
TRINITY_DN16675_c0_g1	-0.236178429721412	0.999155368198447	NA
TRINITY_DN16676_c0_g1	-0.327067185744617	NA	NA
TRINITY_DN16677_c0_g1	-2.07366370099393	NA	NA
TRINITY_DN16678_c0_g1	0.397891594393473	0.999155368198447	NA
TRINITY_DN16679_c0_g1	-0.375259203948432	NA	NA
TRINITY_DN1668_c0_g1	-0.272712912796179	0.999155368198447	NA
TRINITY_DN1668_c0_g1	-0.272712912796179	0.999155368198447	NA
TRINITY_DN16680_c0_g1	-2.11018361763394	NA	NA
TRINITY_DN16681_c0_g1	-0.31019133918328	NA	NA
TRINITY_DN16682_c0_g1	0.175371608599851	NA	NA
TRINITY_DN16683_c0_g1	-1.52237678933332	NA	NA
TRINITY_DN16684_c0_g1	0.320692337148543	0.999155368198447	NA
TRINITY_DN16685_c0_g1	-0.613550843514212	NA	NA
TRINITY_DN16686_c0_g1	-0.163590302713025	NA	NA
TRINITY_DN16687_c0_g1	2.80409071981752	NA	NA
TRINITY_DN16688_c0_g1	-0.251003345408947	NA	NA
TRINITY_DN16689_c0_g1	0.99686877557596	NA	NA
TRINITY_DN1669_c0_g1	-1.51467887079815	NA	NA
TRINITY_DN1669_c0_g2	0.371563805507574	NA	NA
TRINITY_DN16690_c0_g1	-0.175197330498292	NA	NA
TRINITY_DN16691_c0_g1	-1.51408937232975	NA	NA
TRINITY_DN16692_c0_g1	-0.47898689280967	NA	NA
TRINITY_DN16693_c0_g1	-0.17172619406619	0.999155368198447	NA
TRINITY_DN16694_c0_g1	-0.189124968226049	NA	NA
TRINITY_DN16695_c0_g1	-2.49646362384781	NA	NA
TRINITY_DN16696_c0_g1	-0.221145154424346	NA	NA
TRINITY_DN16697_c0_g1	1.09258744907545	0.999155368198447	NA
TRINITY_DN16698_c0_g1	0.380741159620488	0.999155368198447	NA
TRINITY_DN16699_c0_g1	-3.09111747870536	NA	NA
TRINITY_DN167_c0_g1	-0.221988876839487	0.999155368198447	NA
TRINITY_DN167_c0_g1	-0.221988876839487	0.999155368198447	NA
TRINITY_DN167_c0_g1	-0.221988876839487	0.999155368198447	NA
TRINITY_DN167_c0_g1	-0.221988876839487	0.999155368198447	NA
TRINITY_DN167_c0_g1	-0.221988876839487	0.999155368198447	NA
TRINITY_DN167_c1_g1	0.225241919770336	0.999155368198447	NA
TRINITY_DN167_c1_g1	0.225241919770336	0.999155368198447	NA
TRINITY_DN167_c1_g1	0.225241919770336	0.999155368198447	NA
TRINITY_DN167_c1_g1	0.225241919770336	0.999155368198447	NA
TRINITY_DN167_c1_g2	0.714749498941738	NA	NA
TRINITY_DN167_c2_g1	-1.18142124049683	NA	NA
TRINITY_DN167_c2_g1	-1.18142124049683	NA	NA
TRINITY_DN167_c4_g1	-2.08294868168796	NA	NA
TRINITY_DN1670_c0_g1	0.185565973554236	NA	NA
TRINITY_DN1670_c0_g2	-2.32657273017538	NA	NA
TRINITY_DN16700_c0_g1	2.10875631642311	NA	NA
TRINITY_DN16701_c0_g1	1.09365202811103	NA	NA
TRINITY_DN16702_c0_g1	-2.51829114828931	NA	NA
TRINITY_DN16703_c0_g1	-0.34957006815858	NA	NA
TRINITY_DN16704_c0_g1	-0.749478030725603	0.999155368198447	NA
TRINITY_DN16705_c0_g1	-1.45746470731771	NA	NA
TRINITY_DN16706_c0_g1	2.08893617269252	NA	NA
TRINITY_DN16707_c0_g1	1.80950231271155	NA	NA
TRINITY_DN16708_c0_g1	0.143862315772649	NA	NA
TRINITY_DN16709_c0_g1	-0.241049616489487	NA	NA
TRINITY_DN1671_c0_g1	0.374637170452718	0.999155368198447	NA
TRINITY_DN1671_c0_g1	0.374637170452718	0.999155368198447	NA
TRINITY_DN16710_c0_g1	1.26829103389568	NA	NA
TRINITY_DN16711_c0_g1	-1.77162539997972	0.999155368198447	NA
TRINITY_DN16713_c0_g1	1.11888450221073	NA	NA
TRINITY_DN16714_c0_g1	-1.22128334581667	NA	NA
TRINITY_DN16715_c0_g1	-3.03106045625675	NA	NA
TRINITY_DN16716_c0_g1	-2.08882655646615	NA	NA
TRINITY_DN16717_c0_g1	0.485311446385956	0.999155368198447	NA
TRINITY_DN16718_c0_g1	-0.211402048404003	NA	NA
TRINITY_DN16719_c0_g1	-0.0401600440734127	NA	NA
TRINITY_DN1672_c0_g1	0.962126925295521	NA	NA
TRINITY_DN16720_c0_g1	-1.52237678933332	NA	NA
TRINITY_DN16721_c0_g1	0.818745962350238	0.999155368198447	NA
TRINITY_DN16722_c0_g1	-1.60882414450057	NA	NA
TRINITY_DN16723_c0_g1	-1.20336213375301	NA	NA
TRINITY_DN16724_c0_g1	-2.09877955555876	NA	NA
TRINITY_DN16725_c0_g1	-1.4600316455371	NA	NA
TRINITY_DN16726_c0_g1	-1.8946269153745	NA	NA
TRINITY_DN16727_c0_g1	-0.52664201599007	0.999155368198447	NA
TRINITY_DN16728_c0_g1	-2.08134676973634	NA	NA
TRINITY_DN16729_c0_g1	0.117583972620097	0.999155368198447	NA
TRINITY_DN1673_c0_g1	1.67754837367433	NA	NA
TRINITY_DN16731_c0_g1	0.187644376335461	NA	NA
TRINITY_DN16732_c0_g1	-1.00248830274217	NA	NA
TRINITY_DN16733_c0_g1	-1.51374142433704	NA	NA
TRINITY_DN16734_c0_g1	-0.520892249657029	NA	NA
TRINITY_DN16736_c0_g1	0.376160609765016	NA	NA
TRINITY_DN16737_c0_g1	1.3787222656664	NA	NA
TRINITY_DN16738_c0_g1	1.86008621251346	NA	NA
TRINITY_DN16739_c0_g1	-2.03072047494663	NA	NA
TRINITY_DN1674_c0_g1	0.568257311453762	NA	NA
TRINITY_DN1674_c0_g1	0.568257311453762	NA	NA
TRINITY_DN1674_c0_g2	-0.57567116725168	0.999155368198447	NA
TRINITY_DN1674_c0_g2	-0.57567116725168	0.999155368198447	NA
TRINITY_DN1674_c0_g3	2.42830581355706	NA	NA
TRINITY_DN1674_c0_g4	3.38865525702665	NA	NA
TRINITY_DN1674_c1_g1	-1.533384132583	NA	NA
TRINITY_DN1674_c2_g1	2.80330488358294	NA	NA
TRINITY_DN1674_c2_g2	0.278450121285655	0.999155368198447	NA
TRINITY_DN1674_c2_g2	0.278450121285655	0.999155368198447	NA
TRINITY_DN16740_c0_g1	-1.59194889332712	0.999155368198447	NA
TRINITY_DN16741_c0_g1	0.3483157797472	NA	NA
TRINITY_DN16742_c0_g1	-0.593186144039627	0.999155368198447	NA
TRINITY_DN16743_c0_g1	-0.347843016180557	0.999155368198447	NA
TRINITY_DN16744_c0_g1	0.94442316824045	NA	NA
TRINITY_DN16745_c0_g1	-1.01830981219211	NA	NA
TRINITY_DN16746_c0_g1	1.86008621251346	NA	NA
TRINITY_DN16747_c0_g1	0.623369646097422	NA	NA
TRINITY_DN16748_c0_g1	-1.07617177572529	NA	NA
TRINITY_DN16749_c0_g1	0.0846763387376475	NA	NA
TRINITY_DN1675_c0_g1	0.84817719996425	NA	NA
TRINITY_DN1675_c0_g2	-0.0617936905083466	0.999155368198447	NA
TRINITY_DN16750_c0_g1	-2.28796761466848	NA	NA
TRINITY_DN16751_c0_g1	-1.07221836703175	NA	NA
TRINITY_DN16752_c0_g1	1.38429131268137	NA	NA
TRINITY_DN16753_c0_g1	-0.979703724780033	NA	NA
TRINITY_DN16754_c0_g1	1.09319506337367	NA	NA
TRINITY_DN16755_c0_g1	-1.81074489477154	NA	NA
TRINITY_DN16756_c0_g1	-0.564379782220481	NA	NA
TRINITY_DN16757_c0_g1	-2.09302402147116	NA	NA
TRINITY_DN16758_c0_g1	-0.91779140919897	NA	NA
TRINITY_DN16759_c0_g1	1.70886889822889	NA	NA
TRINITY_DN1676_c0_g1	0.184242945687801	NA	NA
TRINITY_DN1676_c0_g2	-2.12091537794161	NA	NA
TRINITY_DN16760_c0_g1	2.71877254306245	NA	NA
TRINITY_DN16761_c0_g1	0.186841393050288	NA	NA
TRINITY_DN16762_c0_g1	3.26641789539666	NA	NA
TRINITY_DN16763_c0_g1	-1.52237678933332	NA	NA
TRINITY_DN16764_c0_g1	0.630114664757198	NA	NA
TRINITY_DN16765_c0_g1	0.450146487952289	NA	NA
TRINITY_DN16766_c0_g1	-2.12599672253002	NA	NA
TRINITY_DN16767_c0_g1	1.86008621251346	NA	NA
TRINITY_DN16768_c0_g1	0.523675478316255	0.999155368198447	NA
TRINITY_DN16769_c0_g1	-2.26035280366129	NA	NA
TRINITY_DN1677_c0_g1	-2.51832372859304	NA	NA
TRINITY_DN1677_c0_g2	-1.06951896088593	NA	NA
TRINITY_DN16770_c0_g1	2.43191641755694	NA	NA
TRINITY_DN16771_c0_g1	-0.582565449094741	NA	NA
TRINITY_DN16772_c0_g1	1.80950231271155	NA	NA
TRINITY_DN16773_c0_g1	-2.08134676973634	NA	NA
TRINITY_DN16774_c0_g1	-0.200393209039983	0.999155368198447	NA
TRINITY_DN16775_c0_g1	1.02074850530372	NA	NA
TRINITY_DN16776_c0_g1	-2.0458158101887	NA	NA
TRINITY_DN16777_c0_g1	0.383704929724402	NA	NA
TRINITY_DN16778_c0_g1	1.11490555278953	NA	NA
TRINITY_DN16779_c0_g1	-0.428522297086588	NA	NA
TRINITY_DN1678_c0_g1	0.667233311076121	NA	NA
TRINITY_DN16780_c0_g1	-0.0521325713368653	NA	NA
TRINITY_DN16781_c0_g1	-1.57072043788133	NA	NA
TRINITY_DN16782_c0_g1	-1.45058688276742	NA	NA
TRINITY_DN16783_c0_g1	0.0254901925206704	NA	NA
TRINITY_DN16784_c0_g1	-2.09898202553977	NA	NA
TRINITY_DN16785_c0_g1	-1.47457266008631	NA	NA
TRINITY_DN16786_c0_g1	0.834418005203603	NA	NA
TRINITY_DN16787_c0_g1	0.99623671721492	NA	NA
TRINITY_DN16788_c0_g1	-0.519254775088119	NA	NA
TRINITY_DN16789_c0_g1	-0.247229534194419	0.999155368198447	NA
TRINITY_DN1679_c0_g1	1.24462403580481	NA	NA
TRINITY_DN16790_c0_g1	0.502223032595673	0.999155368198447	NA
TRINITY_DN16791_c0_g1	0.23293709842424	0.999155368198447	NA
TRINITY_DN16792_c0_g1	-0.523048987066741	NA	NA
TRINITY_DN16793_c0_g1	-2.07979556517434	NA	NA
TRINITY_DN16794_c0_g1	-1.52237678933332	NA	NA
TRINITY_DN16795_c0_g1	0.402197184644895	NA	NA
TRINITY_DN16796_c0_g1	-0.389403053264488	NA	NA
TRINITY_DN16797_c0_g1	1.38993458691368	NA	NA
TRINITY_DN16798_c0_g1	0.161904435014402	NA	NA
TRINITY_DN16799_c0_g1	-0.192832604054442	0.999155368198447	NA
TRINITY_DN168_c0_g1	-0.367135825710388	0.999155368198447	NA
TRINITY_DN168_c0_g1	-0.367135825710388	0.999155368198447	NA
TRINITY_DN168_c0_g1	-0.367135825710388	0.999155368198447	NA
TRINITY_DN1680_c0_g1	0.619265088194127	NA	NA
TRINITY_DN16800_c0_g1	1.72083165511422	NA	NA
TRINITY_DN16801_c0_g1	0.252256239505163	NA	NA
TRINITY_DN16803_c0_g1	-0.92774110474446	NA	NA
TRINITY_DN16804_c0_g1	0.947627096487816	NA	NA
TRINITY_DN16805_c0_g1	-0.0516274863465322	NA	NA
TRINITY_DN16806_c0_g1	-0.508249947523329	NA	NA
TRINITY_DN16807_c0_g1	-2.49043475323464	NA	NA
TRINITY_DN16808_c0_g1	-0.205484049362042	NA	NA
TRINITY_DN16809_c0_g1	2.42044768508214	NA	NA
TRINITY_DN1681_c0_g1	2.81112214928563	NA	NA
TRINITY_DN16810_c0_g1	1.76208259853803	NA	NA
TRINITY_DN16811_c0_g1	0.590502199970003	NA	NA
TRINITY_DN16812_c0_g1	-1.5254933796606	NA	NA
TRINITY_DN16812_c0_g1	-1.5254933796606	NA	NA
TRINITY_DN16813_c0_g1	-2.50501386731307	NA	NA
TRINITY_DN16814_c0_g1	-0.67421149139335	NA	NA
TRINITY_DN16815_c0_g1	1.16491730009136	NA	NA
TRINITY_DN16816_c0_g1	-2.82279866272386	NA	NA
TRINITY_DN16817_c0_g1	-0.557814557054333	NA	NA
TRINITY_DN16818_c0_g1	2.44725580814198	NA	NA
TRINITY_DN16819_c0_g1	-0.513126247158473	NA	NA
TRINITY_DN1682_c0_g1	-0.510256837663833	NA	NA
TRINITY_DN16820_c0_g1	1.13298548438409	NA	NA
TRINITY_DN16821_c0_g1	-2.06983479925709	NA	NA
TRINITY_DN16822_c0_g1	-1.05946342448302	NA	NA
TRINITY_DN16824_c0_g1	-2.52293548323553	NA	NA
TRINITY_DN16825_c0_g1	-2.33078577691477	NA	NA
TRINITY_DN16826_c0_g1	0.840022174998612	NA	NA
TRINITY_DN16827_c0_g1	2.38792329435549	NA	NA
TRINITY_DN16828_c0_g1	1.83477491472889	NA	NA
TRINITY_DN16829_c0_g1	-0.052400943755924	0.999155368198447	NA
TRINITY_DN1683_c0_g1	-0.491614310217471	0.999155368198447	NA
TRINITY_DN16830_c0_g1	2.41698690266723	NA	NA
TRINITY_DN16831_c0_g1	-1.27896130301119	0.999155368198447	NA
TRINITY_DN16832_c0_g1	2.40005324331546	NA	NA
TRINITY_DN16833_c0_g1	-2.79806984042044	NA	NA
TRINITY_DN16835_c0_g1	0.172654196317803	0.999155368198447	NA
TRINITY_DN16836_c0_g1	0.978845571969431	NA	NA
TRINITY_DN16837_c0_g1	0.0688402757658046	0.999155368198447	NA
TRINITY_DN16838_c0_g1	-0.215917998327762	NA	NA
TRINITY_DN16839_c0_g1	1.36465695351683	0.998641406015275	NA
TRINITY_DN1684_c0_g1	1.06354294311731	NA	NA
TRINITY_DN1684_c0_g2	-1.15574040871117	0.999155368198447	NA
TRINITY_DN16840_c0_g1	0.346593187178598	NA	NA
TRINITY_DN16841_c0_g1	1.67918718730466	NA	NA
TRINITY_DN16842_c0_g1	-0.36601991597079	0.999155368198447	NA
TRINITY_DN16843_c0_g1	2.42097264188978	NA	NA
TRINITY_DN16844_c0_g1	-1.5232178648721	NA	NA
TRINITY_DN16845_c0_g1	-3.68586162574467	NA	NA
TRINITY_DN16846_c0_g1	0.650374575494062	NA	NA
TRINITY_DN16848_c0_g1	-2.81644594710593	NA	NA
TRINITY_DN16849_c0_g1	1.09587851321625	NA	NA
TRINITY_DN1685_c0_g1	-2.03186759926112	NA	NA
TRINITY_DN1685_c0_g2	-1.40842512551827	NA	NA
TRINITY_DN16850_c0_g1	-0.00884461023444329	0.999155368198447	NA
TRINITY_DN16851_c0_g1	-0.520567387369551	NA	NA
TRINITY_DN16852_c0_g1	1.40010889221311	NA	NA
TRINITY_DN16853_c0_g1	-0.587873180911101	NA	NA
TRINITY_DN16855_c0_g1	-0.676931811476197	NA	NA
TRINITY_DN16856_c0_g1	-1.47498862193438	NA	NA
TRINITY_DN16857_c0_g1	1.36962488330382	NA	NA
TRINITY_DN16858_c0_g1	1.80950231271155	NA	NA
TRINITY_DN16859_c0_g1	2.44725580814198	NA	NA
TRINITY_DN1686_c0_g1	2.79346854518768	NA	NA
TRINITY_DN16860_c0_g1	1.56322838005914	0.999155368198447	NA
TRINITY_DN16861_c0_g1	-2.08930117233903	NA	NA
TRINITY_DN16862_c0_g1	-0.952126134864029	NA	NA
TRINITY_DN16863_c0_g1	1.80950231271155	NA	NA
TRINITY_DN16864_c0_g1	-1.47508355921298	NA	NA
TRINITY_DN16865_c0_g1	-1.47639203634975	NA	NA
TRINITY_DN16866_c0_g1	-1.52237678933332	NA	NA
TRINITY_DN16867_c0_g1	0.068201198468386	NA	NA
TRINITY_DN16868_c0_g1	-0.0439922489849872	NA	NA
TRINITY_DN16869_c0_g1	0.223904467038655	NA	NA
TRINITY_DN16870_c0_g1	2.36147182610764	NA	NA
TRINITY_DN16871_c0_g1	2.89868148981174	NA	NA
TRINITY_DN16872_c0_g1	1.78583570102548	NA	NA
TRINITY_DN16873_c0_g1	0.144665045736348	NA	NA
TRINITY_DN16874_c0_g1	0.183667485171139	NA	NA
TRINITY_DN16875_c0_g1	1.80950231271155	NA	NA
TRINITY_DN16876_c0_g1	1.49389207283565	NA	NA
TRINITY_DN16877_c0_g1	1.72024004673313	NA	NA
TRINITY_DN16879_c0_g1	-0.622655157213334	NA	NA
TRINITY_DN1688_c0_g1	1.00526453610434	0.999155368198447	NA
TRINITY_DN1688_c0_g1	1.00526453610434	0.999155368198447	NA
TRINITY_DN16880_c0_g1	0.43604316652603	NA	NA
TRINITY_DN16881_c0_g1	0.552431934119875	0.999155368198447	NA
TRINITY_DN16882_c0_g1	0.354879372330845	NA	NA
TRINITY_DN16883_c0_g1	1.61009404776642	NA	NA
TRINITY_DN16884_c0_g1	-0.584421868742359	NA	NA
TRINITY_DN16885_c0_g1	-1.99987284096263	NA	NA
TRINITY_DN16886_c0_g1	1.08076883187921	NA	NA
TRINITY_DN16887_c0_g1	3.38438253460497	NA	NA
TRINITY_DN16888_c0_g1	-1.76083367775369	NA	NA
TRINITY_DN16889_c0_g1	2.44725580814198	NA	NA
TRINITY_DN1689_c0_g1	1.38787872993476	NA	NA
TRINITY_DN16890_c0_g1	1.61351328225521	NA	NA
TRINITY_DN16891_c0_g1	0.111745757725528	0.999155368198447	NA
TRINITY_DN16892_c0_g1	-0.273660800181923	0.999155368198447	NA
TRINITY_DN16893_c0_g1	1.72580335484702	NA	NA
TRINITY_DN16894_c0_g1	-2.84266978996504	NA	NA
TRINITY_DN16895_c0_g1	0.347746640487112	0.999155368198447	NA
TRINITY_DN16896_c0_g1	-0.293799681380266	NA	NA
TRINITY_DN16896_c0_g1	-0.293799681380266	NA	NA
TRINITY_DN16897_c0_g1	3.4054243602779	NA	NA
TRINITY_DN16898_c0_g1	-0.566174309945655	NA	NA
TRINITY_DN16899_c0_g1	0.786648306948253	NA	NA
TRINITY_DN169_c0_g1	-0.311499061408455	0.999155368198447	NA
TRINITY_DN1690_c0_g1	-0.719961635084709	NA	NA
TRINITY_DN16900_c0_g1	1.12220016311383	NA	NA
TRINITY_DN16901_c0_g1	-2.05679078526943	NA	NA
TRINITY_DN16902_c0_g1	-2.10173624752929	NA	NA
TRINITY_DN16903_c0_g1	-2.47774293059658	NA	NA
TRINITY_DN16904_c0_g1	-1.92685847982169	NA	NA
TRINITY_DN16905_c0_g1	-1.76145148448935	NA	NA
TRINITY_DN16907_c0_g1	0.376299193205317	NA	NA
TRINITY_DN16908_c0_g1	0.725440139661265	0.999155368198447	NA
TRINITY_DN16909_c0_g1	-1.10282140576662	NA	NA
TRINITY_DN1691_c0_g1	-0.538228218434438	0.999155368198447	NA
TRINITY_DN1691_c0_g2	0.870205981497327	NA	NA
TRINITY_DN16910_c0_g1	-0.0406170017650217	NA	NA
TRINITY_DN16911_c0_g1	-1.18628003925272	NA	NA
TRINITY_DN16912_c0_g1	-2.04563779148197	NA	NA
TRINITY_DN16913_c0_g1	0.458153633296039	NA	NA
TRINITY_DN16914_c0_g1	-1.17565472485517	NA	NA
TRINITY_DN16915_c0_g1	0.0481128832092417	0.999155368198447	NA
TRINITY_DN16916_c0_g1	-2.52403235315215	NA	NA
TRINITY_DN16918_c0_g1	1.76208259853803	NA	NA
TRINITY_DN16919_c0_g1	-2.05819241114319	0.502937438353701	NA
TRINITY_DN1692_c0_g1	3.13912430850415	NA	NA
TRINITY_DN1692_c0_g2	1.80950231271155	NA	NA
TRINITY_DN1692_c1_g1	1.51028408534877	NA	NA
TRINITY_DN1692_c2_g1	-1.12044307838724	NA	NA
TRINITY_DN16920_c0_g1	1.72597487359125	NA	NA
TRINITY_DN16921_c0_g1	2.34479942720385	NA	NA
TRINITY_DN16922_c0_g1	1.24506678164934	0.999155368198447	NA
TRINITY_DN16923_c0_g1	-1.0906128501671	NA	NA
TRINITY_DN16925_c0_g1	-2.09894894843111	NA	NA
TRINITY_DN16926_c0_g1	-1.50576064523823	NA	NA
TRINITY_DN16927_c0_g1	0.181851976703536	NA	NA
TRINITY_DN16928_c0_g1	-2.05719997236391	NA	NA
TRINITY_DN16929_c0_g1	-1.45746470731771	NA	NA
TRINITY_DN1693_c0_g1	-0.00267692590171556	NA	NA
TRINITY_DN1693_c0_g2	-2.06975370690038	NA	NA
TRINITY_DN16930_c0_g1	-0.721354970132035	NA	NA
TRINITY_DN16931_c0_g1	-3.09340080949283	NA	NA
TRINITY_DN16932_c0_g1	-0.48165222338865	NA	NA
TRINITY_DN16933_c0_g1	-0.824005384757706	NA	NA
TRINITY_DN16934_c0_g1	1.0769164131061	NA	NA
TRINITY_DN16935_c0_g1	0.110346515833607	0.999155368198447	NA
TRINITY_DN16936_c0_g1	1.69420882671496	NA	NA
TRINITY_DN16937_c0_g1	2.42429158074956	NA	NA
TRINITY_DN16938_c0_g1	0.142876105796075	NA	NA
TRINITY_DN16939_c0_g1	-0.0189118314108789	NA	NA
TRINITY_DN1694_c0_g1	1.10402686350155	NA	NA
TRINITY_DN1694_c0_g2	2.80941590716106	NA	NA
TRINITY_DN16940_c0_g1	1.86008621251346	NA	NA
TRINITY_DN16941_c0_g1	1.96921439697177	NA	NA
TRINITY_DN16942_c0_g1	-0.51424982758729	NA	NA
TRINITY_DN16943_c0_g1	0.400917659393773	NA	NA
TRINITY_DN16944_c0_g1	3.09520014339236	NA	NA
TRINITY_DN16945_c0_g1	0.663430248446878	NA	NA
TRINITY_DN16946_c0_g1	3.39734916115615	NA	NA
TRINITY_DN16947_c0_g1	-0.786177439137448	NA	NA
TRINITY_DN16948_c0_g1	2.44725580814198	NA	NA
TRINITY_DN16949_c0_g1	0.374255465809681	NA	NA
TRINITY_DN1695_c0_g1	-0.232404406226818	0.999155368198447	NA
TRINITY_DN1695_c0_g2	1.76208259853803	NA	NA
TRINITY_DN16950_c0_g1	-1.15829380604836	NA	NA
TRINITY_DN16951_c0_g1	-0.850206938432795	0.999155368198447	NA
TRINITY_DN16952_c0_g1	-2.80541267646562	NA	NA
TRINITY_DN16953_c0_g1	-1.06000773685447	NA	NA
TRINITY_DN16954_c0_g1	-1.10324442810185	NA	NA
TRINITY_DN16955_c0_g1	2.39439602029138	NA	NA
TRINITY_DN16956_c0_g1	-1.56107511396633	NA	NA
TRINITY_DN16957_c0_g1	0.344932162600662	0.999155368198447	NA
TRINITY_DN16958_c0_g1	-1.39213484895263	NA	NA
TRINITY_DN16959_c0_g1	-2.49865783109963	NA	NA
TRINITY_DN16960_c0_g1	1.60320156075007	NA	NA
TRINITY_DN16961_c0_g1	-1.8294546639032	NA	NA
TRINITY_DN16963_c0_g1	1.09577133820303	NA	NA
TRINITY_DN16964_c0_g1	1.09783118432353	NA	NA
TRINITY_DN16965_c0_g1	1.86008621251346	NA	NA
TRINITY_DN16966_c0_g1	0.769788268675683	0.999155368198447	NA
TRINITY_DN16967_c0_g1	0.37125149294505	NA	NA
TRINITY_DN16968_c0_g1	1.68313225405044	NA	NA
TRINITY_DN16969_c0_g1	1.09403870082778	NA	NA
TRINITY_DN1697_c0_g1	1.20892376616419	NA	NA
TRINITY_DN16970_c0_g1	-2.11132821436285	NA	NA
TRINITY_DN16971_c0_g1	-3.50884510433081	NA	NA
TRINITY_DN16972_c0_g1	-0.0166459807010936	NA	NA
TRINITY_DN16974_c0_g1	-0.521460885957834	NA	NA
TRINITY_DN16975_c0_g1	0.201716449773012	NA	NA
TRINITY_DN16977_c0_g1	1.69522116448655	NA	NA
TRINITY_DN16978_c0_g1	1.23455247207712	NA	NA
TRINITY_DN16979_c0_g1	-0.64119086790879	NA	NA
TRINITY_DN1698_c0_g1	1.67242648198797	NA	NA
TRINITY_DN16980_c0_g1	-1.11272121203833	NA	NA
TRINITY_DN16981_c0_g1	-0.519546692015989	NA	NA
TRINITY_DN16982_c0_g1	-2.0574653241261	NA	NA
TRINITY_DN16983_c0_g1	2.39439602029138	NA	NA
TRINITY_DN16984_c0_g1	-0.979179875337582	NA	NA
TRINITY_DN16985_c0_g1	0.804844572455403	NA	NA
TRINITY_DN16986_c0_g1	0.995052263330199	NA	NA
TRINITY_DN16988_c0_g1	1.73333839700427	NA	NA
TRINITY_DN16989_c0_g1	0.416825535875149	NA	NA
TRINITY_DN1699_c0_g1	-1.53692844961462	NA	NA
TRINITY_DN1699_c0_g2	-1.5254827275037	NA	NA
TRINITY_DN1699_c0_g3	-2.51298324560631	NA	NA
TRINITY_DN1699_c0_g4	0.397241338549344	NA	NA
TRINITY_DN1699_c0_g5	-1.59108469075248	NA	NA
TRINITY_DN16990_c0_g1	-1.01380905573011	NA	NA
TRINITY_DN16992_c0_g1	-0.566696782677917	NA	NA
TRINITY_DN16993_c0_g1	-1.52044293072629	NA	NA
TRINITY_DN16994_c0_g1	-2.83612156786988	NA	NA
TRINITY_DN16996_c0_g1	0.0943535033194127	0.999155368198447	NA
TRINITY_DN16997_c0_g1	-0.182631211775108	0.999155368198447	NA
TRINITY_DN16998_c0_g1	-1.11242244573166	NA	NA
TRINITY_DN16999_c0_g1	0.0346027755241035	NA	NA
TRINITY_DN17_c0_g1	-0.112134562807396	0.999155368198447	NA
TRINITY_DN17_c0_g1	-0.112134562807396	0.999155368198447	NA
TRINITY_DN17_c0_g1	-0.112134562807396	0.999155368198447	NA
TRINITY_DN17_c0_g1	-0.112134562807396	0.999155368198447	NA
TRINITY_DN17_c0_g1	-0.112134562807396	0.999155368198447	NA
TRINITY_DN17_c0_g1	-0.112134562807396	0.999155368198447	NA
TRINITY_DN17_c0_g1	-0.112134562807396	0.999155368198447	NA
TRINITY_DN17_c0_g1	-0.112134562807396	0.999155368198447	NA
TRINITY_DN17_c0_g1	-0.112134562807396	0.999155368198447	NA
TRINITY_DN17_c0_g1	-0.112134562807396	0.999155368198447	NA
TRINITY_DN17_c0_g1	-0.112134562807396	0.999155368198447	NA
TRINITY_DN17_c0_g1	-0.112134562807396	0.999155368198447	NA
TRINITY_DN17_c0_g1	-0.112134562807396	0.999155368198447	NA
TRINITY_DN17_c0_g1	-0.112134562807396	0.999155368198447	NA
TRINITY_DN17_c1_g1	-0.129621346442887	0.999155368198447	NA
TRINITY_DN17_c1_g1	-0.129621346442887	0.999155368198447	NA
TRINITY_DN17_c1_g1	-0.129621346442887	0.999155368198447	NA
TRINITY_DN17_c1_g1	-0.129621346442887	0.999155368198447	NA
TRINITY_DN17_c2_g1	0.991788406309876	0.999155368198447	NA
TRINITY_DN170_c0_g1	-0.005045958159865	0.999155368198447	NA
TRINITY_DN1700_c0_g1	-0.315354094136339	NA	NA
TRINITY_DN17000_c0_g1	1.86008621251346	NA	NA
TRINITY_DN17001_c0_g1	0.659040120791464	0.999155368198447	NA
TRINITY_DN17002_c0_g1	1.72474223288494	NA	NA
TRINITY_DN17003_c0_g1	-1.01393082614713	NA	NA
TRINITY_DN17004_c0_g1	3.62297088678111	NA	NA
TRINITY_DN17005_c0_g1	-1.82158353536456	NA	NA
TRINITY_DN17006_c0_g1	3.35119743385389	NA	NA
TRINITY_DN17007_c0_g1	-0.624086071673379	NA	NA
TRINITY_DN17008_c0_g1	-1.18280837471554	NA	NA
TRINITY_DN1701_c0_g1	1.86008621251346	NA	NA
TRINITY_DN1701_c0_g2	0.377156728076573	NA	NA
TRINITY_DN17010_c0_g1	-2.51537204143434	NA	NA
TRINITY_DN17011_c0_g1	-0.587802130085954	NA	NA
TRINITY_DN17012_c0_g1	1.86008621251346	NA	NA
TRINITY_DN17013_c0_g1	3.09185569792213	NA	NA
TRINITY_DN17014_c0_g1	-1.4800919849913	NA	NA
TRINITY_DN17015_c0_g1	-1.50576064523823	NA	NA
TRINITY_DN17016_c0_g1	-2.09991807475862	NA	NA
TRINITY_DN17017_c0_g1	-1.17264898034044	NA	NA
TRINITY_DN17018_c0_g1	0.662694124266938	NA	NA
TRINITY_DN17019_c0_g1	-2.12599672253002	NA	NA
TRINITY_DN1702_c0_g1	-2.10748689034282	NA	NA
TRINITY_DN1702_c0_g2	-1.15178252075595	NA	NA
TRINITY_DN17020_c0_g1	1.69385995470807	NA	NA
TRINITY_DN17021_c0_g1	-0.628138608209852	NA	NA
TRINITY_DN17022_c0_g1	-0.0921526581689779	NA	NA
TRINITY_DN17023_c0_g1	1.24616748410279	NA	NA
TRINITY_DN17024_c0_g1	1.07534869469782	0.999155368198447	NA
TRINITY_DN17025_c0_g1	1.69095982271096	NA	NA
TRINITY_DN17026_c0_g1	0.80596702712337	NA	NA
TRINITY_DN17027_c0_g1	0.163906990922832	0.999155368198447	NA
TRINITY_DN17028_c0_g1	-0.465021361975556	NA	NA
TRINITY_DN17029_c0_g1	-2.10875058789399	NA	NA
TRINITY_DN1703_c0_g1	0.395234053175252	0.999155368198447	NA
TRINITY_DN1703_c0_g2	-2.10137699578001	NA	NA
TRINITY_DN17030_c0_g1	0.748242695507386	0.999155368198447	NA
TRINITY_DN17031_c0_g1	-1.71432739205852	NA	NA
TRINITY_DN17032_c0_g1	0.432334721295061	NA	NA
TRINITY_DN17034_c0_g1	-2.41340458201845	NA	NA
TRINITY_DN17035_c0_g1	0.53212148954795	NA	NA
TRINITY_DN17037_c0_g1	0.455294119059277	NA	NA
TRINITY_DN17038_c0_g1	1.06082128654803	NA	NA
TRINITY_DN17039_c0_g1	-1.6441214594063	NA	NA
TRINITY_DN1704_c0_g1	1.8515534387304	0.661431840880667	NA
TRINITY_DN1704_c0_g2	0.354539755173588	NA	NA
TRINITY_DN1704_c0_g3	1.10688017008003	NA	NA
TRINITY_DN17040_c0_g1	1.76208259853803	NA	NA
TRINITY_DN17041_c0_g1	-1.50576064523823	NA	NA
TRINITY_DN17042_c0_g1	-0.565228979618913	NA	NA
TRINITY_DN17043_c0_g1	-0.567905698723151	NA	NA
TRINITY_DN17044_c0_g1	-1.79670174306072	NA	NA
TRINITY_DN17045_c0_g1	2.1170457401485	NA	NA
TRINITY_DN17047_c0_g1	0.383923947705589	0.999155368198447	NA
TRINITY_DN17048_c0_g1	1.39276157165934	NA	NA
TRINITY_DN17049_c0_g1	-1.34158002617716	NA	NA
TRINITY_DN1705_c0_g1	-0.1289400686216	NA	NA
TRINITY_DN17050_c0_g1	-0.947714235805089	NA	NA
TRINITY_DN17051_c0_g1	-0.297496969563677	0.999155368198447	NA
TRINITY_DN17052_c0_g1	-0.617856666714672	NA	NA
TRINITY_DN17053_c0_g1	3.28949887982859	NA	NA
TRINITY_DN17054_c0_g1	-0.280345325732285	NA	NA
TRINITY_DN17055_c0_g1	-3.10703100710512	NA	NA
TRINITY_DN17056_c0_g1	-3.0450873208826	NA	NA
TRINITY_DN17057_c0_g1	1.86008621251346	NA	NA
TRINITY_DN17058_c0_g1	0.38983810083824	NA	NA
TRINITY_DN17059_c0_g1	-0.514457233898721	NA	NA
TRINITY_DN1706_c0_g1	1.17165408874065	NA	NA
TRINITY_DN1706_c0_g2	3.40435752299847	NA	NA
TRINITY_DN17060_c0_g1	0.183826337235632	NA	NA
TRINITY_DN17061_c0_g1	-0.1712574424565	NA	NA
TRINITY_DN17062_c0_g1	-1.47410242096092	NA	NA
TRINITY_DN17063_c0_g1	-0.237641953450937	0.999155368198447	NA
TRINITY_DN17064_c0_g1	-2.73502693382069	NA	NA
TRINITY_DN17065_c0_g1	-2.08246440040241	NA	NA
TRINITY_DN17066_c0_g1	-1.99987284096263	NA	NA
TRINITY_DN17067_c0_g1	-2.4831380946666	NA	NA
TRINITY_DN17068_c0_g1	-0.811893777933186	0.999155368198447	NA
TRINITY_DN17068_c0_g1	-0.811893777933186	0.999155368198447	NA
TRINITY_DN1707_c0_g1	3.80690380454808	NA	NA
TRINITY_DN1707_c0_g2	0.121893111933655	0.999155368198447	NA
TRINITY_DN1707_c0_g3	-0.595223977507872	NA	NA
TRINITY_DN1707_c0_g4	-0.32872959289889	NA	NA
TRINITY_DN1707_c0_g5	0.0270524383627607	0.999155368198447	NA
TRINITY_DN1707_c0_g5	0.0270524383627607	0.999155368198447	NA
TRINITY_DN17070_c0_g1	-1.08111045898218	NA	NA
TRINITY_DN17071_c0_g1	1.61720154858912	NA	NA
TRINITY_DN17073_c0_g1	-1.61978604999479	NA	NA
TRINITY_DN17074_c0_g1	1.86008621251346	NA	NA
TRINITY_DN17075_c0_g1	-2.51419520875865	NA	NA
TRINITY_DN17076_c0_g1	-2.02637203291684	NA	NA
TRINITY_DN17077_c0_g1	1.14474318940957	NA	NA
TRINITY_DN17078_c0_g1	1.09346649723442	NA	NA
TRINITY_DN17079_c0_g1	1.12772096603033	NA	NA
TRINITY_DN1708_c0_g1	-1.02937557784618	NA	NA
TRINITY_DN1708_c0_g1	-1.02937557784618	NA	NA
TRINITY_DN1708_c0_g2	1.0885063385575	NA	NA
TRINITY_DN17080_c0_g1	0.189604974884806	NA	NA
TRINITY_DN17081_c0_g1	1.80950231271155	NA	NA
TRINITY_DN17082_c0_g1	-2.09302402147116	NA	NA
TRINITY_DN17083_c0_g1	0.957659397739594	0.999155368198447	NA
TRINITY_DN17084_c0_g1	2.11964368885578	NA	NA
TRINITY_DN17085_c0_g1	-2.50555797390154	NA	NA
TRINITY_DN17086_c0_g1	-0.0282344856899312	0.999155368198447	NA
TRINITY_DN17086_c0_g1	-0.0282344856899312	0.999155368198447	NA
TRINITY_DN17087_c0_g1	1.11986514932286	NA	NA
TRINITY_DN17088_c0_g1	-0.498704960165182	NA	NA
TRINITY_DN17089_c0_g1	2.75905656485706	NA	NA
TRINITY_DN1709_c0_g1	0.482006398249799	0.999155368198447	NA
TRINITY_DN17091_c0_g1	-0.758679265131954	NA	NA
TRINITY_DN17092_c0_g1	1.08904175787341	NA	NA
TRINITY_DN17094_c0_g1	-3.32599875677683	NA	NA
TRINITY_DN17095_c0_g1	0.398957008024981	NA	NA
TRINITY_DN17096_c0_g1	-2.09831653572531	NA	NA
TRINITY_DN17097_c0_g1	2.81793322373086	NA	NA
TRINITY_DN17098_c0_g1	1.13381528121175	NA	NA
TRINITY_DN17099_c0_g1	-0.072647746274446	NA	NA
TRINITY_DN171_c0_g1	0.115077563625045	0.999155368198447	NA
TRINITY_DN171_c0_g1	0.115077563625045	0.999155368198447	NA
TRINITY_DN171_c0_g1	0.115077563625045	0.999155368198447	NA
TRINITY_DN171_c0_g2	0.942377821171164	NA	NA
TRINITY_DN171_c0_g3	0.193329577982195	NA	NA
TRINITY_DN171_c0_g4	-2.12037771642683	NA	NA
TRINITY_DN171_c0_g4	-2.12037771642683	NA	NA
TRINITY_DN171_c0_g6	-0.0171817674247488	0.999155368198447	NA
TRINITY_DN1710_c0_g1	-0.295699580471467	NA	NA
TRINITY_DN17100_c0_g1	2.39439602029138	NA	NA
TRINITY_DN17101_c0_g1	-1.02629087771393	NA	NA
TRINITY_DN17102_c0_g1	-0.768614095511196	NA	NA
TRINITY_DN17103_c0_g1	-1.521006665466	NA	NA
TRINITY_DN17104_c0_g1	0.357055742822388	NA	NA
TRINITY_DN17105_c0_g1	-0.124407921654595	0.999155368198447	NA
TRINITY_DN17106_c0_g1	-0.163357905806314	NA	NA
TRINITY_DN17107_c0_g1	-1.51408937232975	NA	NA
TRINITY_DN17108_c0_g1	-1.52237678933332	NA	NA
TRINITY_DN17109_c0_g1	0.194760411175971	NA	NA
TRINITY_DN1711_c0_g1	0.714181192597542	NA	NA
TRINITY_DN17110_c0_g1	1.70711795303942	NA	NA
TRINITY_DN17111_c0_g1	-2.45041911467247	NA	NA
TRINITY_DN17112_c0_g1	-1.51408937232975	NA	NA
TRINITY_DN17113_c0_g1	1.28165016024147	NA	NA
TRINITY_DN17113_c0_g1	1.28165016024147	NA	NA
TRINITY_DN17114_c0_g1	-2.08265984070383	NA	NA
TRINITY_DN17115_c0_g1	0.18729172126443	NA	NA
TRINITY_DN17117_c0_g1	-1.19064813876232	NA	NA
TRINITY_DN17118_c0_g1	-0.228933249497492	NA	NA
TRINITY_DN17119_c0_g1	0.393384150822311	NA	NA
TRINITY_DN1712_c0_g1	-2.8171522650605	NA	NA
TRINITY_DN1712_c0_g2	2.83761156211819	NA	NA
TRINITY_DN1712_c0_g3	0.879398417625089	NA	NA
TRINITY_DN17120_c0_g1	1.80950231271155	NA	NA
TRINITY_DN17121_c0_g1	-2.4976136563388	NA	NA
TRINITY_DN17122_c0_g1	2.84266443636693	NA	NA
TRINITY_DN17123_c0_g1	-1.51288628647651	NA	NA
TRINITY_DN17124_c0_g1	0.66140501509005	0.999155368198447	NA
TRINITY_DN17125_c0_g1	0.428167119026623	NA	NA
TRINITY_DN17126_c0_g1	-2.05640556564586	NA	NA
TRINITY_DN17127_c0_g1	1.76208259853803	NA	NA
TRINITY_DN17129_c0_g1	2.13421007782798	NA	NA
TRINITY_DN1713_c0_g1	1.64175121421779	NA	NA
TRINITY_DN17130_c0_g1	-0.0648975574541286	NA	NA
TRINITY_DN17131_c0_g1	0.804621538020173	NA	NA
TRINITY_DN17132_c0_g1	-3.10688395014278	NA	NA
TRINITY_DN17133_c0_g1	2.75905656485706	NA	NA
TRINITY_DN17134_c0_g1	-1.07615422809676	NA	NA
TRINITY_DN17135_c0_g1	-1.50576064523823	NA	NA
TRINITY_DN17136_c0_g1	-1.10834977180671	NA	NA
TRINITY_DN17137_c0_g1	-2.09965767428555	NA	NA
TRINITY_DN17138_c0_g1	0.135651188219509	0.999155368198447	NA
TRINITY_DN17139_c0_g1	-2.48054339162421	NA	NA
TRINITY_DN1714_c0_g1	-1.1663665311268	NA	NA
TRINITY_DN17141_c0_g1	-0.3522407404271	NA	NA
TRINITY_DN17142_c0_g1	3.27576899901252	NA	NA
TRINITY_DN17143_c0_g1	0.136934226076857	0.999155368198447	NA
TRINITY_DN17145_c0_g1	-0.0127743145084365	0.999155368198447	NA
TRINITY_DN17147_c0_g1	2.44725580814198	NA	NA
TRINITY_DN17148_c0_g1	2.71758466715144	NA	NA
TRINITY_DN17149_c0_g1	0.984813841117867	NA	NA
TRINITY_DN1715_c0_g1	1.17258808757944	NA	NA
TRINITY_DN1715_c0_g2	-1.58181925394501	NA	NA
TRINITY_DN17150_c0_g1	-1.10888430753023	NA	NA
TRINITY_DN17151_c0_g1	0.622583399884928	0.999155368198447	NA
TRINITY_DN17152_c0_g1	-1.45746470731771	NA	NA
TRINITY_DN17154_c0_g1	0.407876282314317	NA	NA
TRINITY_DN17155_c0_g1	-0.89560983559413	NA	NA
TRINITY_DN17157_c0_g1	-1.10526909816907	NA	NA
TRINITY_DN17159_c0_g1	-2.08957791824697	NA	NA
TRINITY_DN1716_c0_g1	0.999680399672939	NA	NA
TRINITY_DN17160_c0_g1	-1.86342485327362	NA	NA
TRINITY_DN17161_c0_g1	-1.10752319162402	NA	NA
TRINITY_DN17162_c0_g1	-0.184912241354109	NA	NA
TRINITY_DN17163_c0_g1	1.78579676195419	NA	NA
TRINITY_DN17164_c0_g1	0.194988858968314	NA	NA
TRINITY_DN17165_c0_g1	1.73803934481913	NA	NA
TRINITY_DN17166_c0_g1	1.11499428737719	NA	NA
TRINITY_DN17167_c0_g1	0.46715960204864	NA	NA
TRINITY_DN17168_c0_g1	-1.45746470731771	NA	NA
TRINITY_DN17169_c0_g1	-3.08147509511277	NA	NA
TRINITY_DN1717_c0_g1	0.485019754556853	NA	NA
TRINITY_DN1717_c0_g1	0.485019754556853	NA	NA
TRINITY_DN17170_c0_g1	-2.09302402147116	NA	NA
TRINITY_DN17171_c0_g1	0.373069062943718	NA	NA
TRINITY_DN17172_c0_g1	-2.10940818758909	NA	NA
TRINITY_DN17173_c0_g1	-3.2006555244943	NA	NA
TRINITY_DN17174_c0_g1	-2.75552000551011	NA	NA
TRINITY_DN17175_c0_g1	-0.558255999964251	NA	NA
TRINITY_DN17177_c0_g1	-0.554267465315393	NA	NA
TRINITY_DN17178_c0_g1	0.959958071070727	NA	NA
TRINITY_DN17179_c0_g1	-0.148452391818558	NA	NA
TRINITY_DN1718_c0_g1	0.440415462524223	NA	NA
TRINITY_DN17180_c0_g1	1.13422371321309	NA	NA
TRINITY_DN17181_c0_g1	-0.92466959724733	NA	NA
TRINITY_DN17182_c0_g1	0.985230633995087	NA	NA
TRINITY_DN17183_c0_g1	-1.50063550685014	NA	NA
TRINITY_DN17186_c0_g1	-3.0574591778406	NA	NA
TRINITY_DN17187_c0_g1	2.37810124006978	NA	NA
TRINITY_DN17188_c0_g1	0.793348113530875	0.999155368198447	NA
TRINITY_DN17189_c0_g1	-0.384915551224536	0.999155368198447	NA
TRINITY_DN1719_c0_g1	1.41282364724835	NA	NA
TRINITY_DN17190_c0_g1	2.39439602029138	NA	NA
TRINITY_DN17192_c0_g1	1.01143382946248	NA	NA
TRINITY_DN17194_c0_g1	1.80950231271155	NA	NA
TRINITY_DN17195_c0_g1	-0.33318235482316	NA	NA
TRINITY_DN17196_c0_g1	-1.50576064523823	NA	NA
TRINITY_DN17197_c0_g1	-1.45746470731771	NA	NA
TRINITY_DN17199_c0_g1	0.79578443721355	0.999155368198447	NA
TRINITY_DN172_c0_g1	-0.834072140546152	NA	NA
TRINITY_DN1720_c0_g1	-0.597686456907076	NA	NA
TRINITY_DN17200_c0_g1	0.406955352411832	NA	NA
TRINITY_DN17201_c0_g1	-1.4322277477155	NA	NA
TRINITY_DN17202_c0_g1	-1.19088612010047	NA	NA
TRINITY_DN17203_c0_g1	-0.78723791845342	NA	NA
TRINITY_DN17204_c0_g1	-0.527152905187975	NA	NA
TRINITY_DN17205_c0_g1	1.69828354297441	NA	NA
TRINITY_DN17206_c0_g1	1.80950231271155	NA	NA
TRINITY_DN17207_c0_g1	-0.51279073279409	NA	NA
TRINITY_DN17208_c0_g1	1.72367300733354	NA	NA
TRINITY_DN17209_c0_g1	-1.51408937232975	NA	NA
TRINITY_DN1721_c0_g1	-2.29386524127853	NA	NA
TRINITY_DN1721_c0_g2	1.24482082917861	0.999155368198447	NA
TRINITY_DN17210_c0_g1	-0.101391096718625	NA	NA
TRINITY_DN17210_c0_g1	-0.101391096718625	NA	NA
TRINITY_DN17211_c0_g1	0.990693915421984	NA	NA
TRINITY_DN17212_c0_g1	0.0354659323629357	0.999155368198447	NA
TRINITY_DN17213_c0_g1	2.92108627865158	NA	NA
TRINITY_DN17215_c0_g1	2.42095160575208	NA	NA
TRINITY_DN17216_c0_g1	-2.19639511808001	0.999155368198447	NA
TRINITY_DN17216_c0_g1	-2.19639511808001	0.999155368198447	NA
TRINITY_DN17217_c0_g1	-2.03095000909396	NA	NA
TRINITY_DN17219_c0_g1	-1.17192605035056	NA	NA
TRINITY_DN1722_c0_g1	0.891426461878103	NA	NA
TRINITY_DN17220_c0_g1	3.62708465394089	NA	NA
TRINITY_DN17221_c0_g1	-1.63006561019222	NA	NA
TRINITY_DN17222_c0_g1	0.125613830556691	0.999155368198447	NA
TRINITY_DN17223_c0_g1	2.11117697481088	NA	NA
TRINITY_DN17224_c0_g1	0.994739366635561	NA	NA
TRINITY_DN17225_c0_g1	0.00428513638292629	NA	NA
TRINITY_DN17226_c0_g1	-2.11019001931848	NA	NA
TRINITY_DN17227_c0_g1	0.216878862972283	NA	NA
TRINITY_DN17228_c0_g1	-1.07959089567907	NA	NA
TRINITY_DN17229_c0_g1	-2.0926044874026	NA	NA
TRINITY_DN1723_c0_g1	-0.997421721327045	NA	NA
TRINITY_DN17230_c0_g1	-2.52690090106457	NA	NA
TRINITY_DN17231_c0_g1	-2.73502693382069	NA	NA
TRINITY_DN17232_c0_g1	0.409760791810987	NA	NA
TRINITY_DN17233_c0_g1	1.38549250480403	NA	NA
TRINITY_DN17234_c0_g1	1.55232359716631	NA	NA
TRINITY_DN17235_c0_g1	1.07024351001679	NA	NA
TRINITY_DN17236_c0_g1	1.80950231271155	NA	NA
TRINITY_DN17237_c0_g1	-0.22264557526132	NA	NA
TRINITY_DN17239_c0_g1	0.827463258309611	NA	NA
TRINITY_DN1724_c0_g1	-1.56892926728278	NA	NA
TRINITY_DN1724_c0_g2	2.09382806283501	NA	NA
TRINITY_DN1724_c0_g3	-1.16977896977401	NA	NA
TRINITY_DN17240_c0_g1	3.41298713089258	NA	NA
TRINITY_DN17241_c0_g1	0.825148236325542	NA	NA
TRINITY_DN17242_c0_g1	-0.689470860363684	NA	NA
TRINITY_DN17243_c0_g1	-0.99657183732299	NA	NA
TRINITY_DN17244_c0_g1	0.184551300804458	NA	NA
TRINITY_DN17245_c0_g1	1.86008621251346	NA	NA
TRINITY_DN17246_c0_g1	0.377541910283211	0.999155368198447	NA
TRINITY_DN17249_c0_g1	-2.51636105855725	NA	NA
TRINITY_DN1725_c0_g1	-2.82750047537194	NA	NA
TRINITY_DN1725_c0_g2	0.91450109249574	NA	NA
TRINITY_DN1725_c0_g3	0.381576043506622	NA	NA
TRINITY_DN17250_c0_g1	-0.0718319689474489	NA	NA
TRINITY_DN17251_c0_g1	0.459116763292411	NA	NA
TRINITY_DN17252_c0_g1	-2.22008708083748	NA	NA
TRINITY_DN17253_c0_g1	-1.66845934194664	NA	NA
TRINITY_DN17253_c0_g1	-1.66845934194664	NA	NA
TRINITY_DN17254_c0_g1	-1.81953023536235	NA	NA
TRINITY_DN17255_c0_g1	-2.49047882671192	NA	NA
TRINITY_DN17256_c0_g1	1.06837456880269	0.999155368198447	NA
TRINITY_DN17257_c0_g1	-1.52237678933332	NA	NA
TRINITY_DN17258_c0_g1	-2.3009965948184	NA	NA
TRINITY_DN17259_c0_g1	1.71013186694654	NA	NA
TRINITY_DN1726_c0_g1	0.428875453062932	NA	NA
TRINITY_DN17260_c0_g1	-2.81999607289218	NA	NA
TRINITY_DN17261_c0_g1	-1.99987284096263	NA	NA
TRINITY_DN17263_c0_g1	-1.8416093905648	NA	NA
TRINITY_DN17264_c0_g1	-2.12599672253002	NA	NA
TRINITY_DN17266_c0_g1	2.92585330517329	NA	NA
TRINITY_DN17268_c0_g1	0.0630262157462593	0.999155368198447	NA
TRINITY_DN17269_c0_g1	-2.26926651465309	NA	NA
TRINITY_DN1727_c0_g1	0.784151139357118	0.999155368198447	NA
TRINITY_DN17270_c0_g1	-0.998117529443852	NA	NA
TRINITY_DN17271_c0_g1	-1.56002079253391	NA	NA
TRINITY_DN17272_c0_g1	-0.616727498932199	NA	NA
TRINITY_DN17273_c0_g1	2.55415918954762	NA	NA
TRINITY_DN17274_c0_g1	0.0573405010554595	NA	NA
TRINITY_DN17276_c0_g1	0.191244625386168	NA	NA
TRINITY_DN17277_c0_g1	-0.604421602760988	NA	NA
TRINITY_DN17278_c0_g1	1.80950231271155	NA	NA
TRINITY_DN17279_c0_g1	-0.517250414079616	NA	NA
TRINITY_DN1728_c0_g1	0.761588620727759	NA	NA
TRINITY_DN17280_c0_g1	1.86008621251346	NA	NA
TRINITY_DN17281_c0_g1	1.7422772670323	NA	NA
TRINITY_DN17282_c0_g1	1.07566761192389	NA	NA
TRINITY_DN17283_c0_g1	-2.48644543013525	NA	NA
TRINITY_DN17284_c0_g1	-0.572690694385618	NA	NA
TRINITY_DN17285_c0_g1	-1.49878074412395	NA	NA
TRINITY_DN17286_c0_g1	2.45649454378293	NA	NA
TRINITY_DN17287_c0_g1	-1.11385701306858	NA	NA
TRINITY_DN17288_c0_g1	1.76208259853803	NA	NA
TRINITY_DN17289_c0_g1	0.206347331621521	NA	NA
TRINITY_DN1729_c0_g1	0.842264167125186	NA	NA
TRINITY_DN17290_c0_g1	-2.02639275067407	NA	NA
TRINITY_DN17291_c0_g1	0.428204484369655	NA	NA
TRINITY_DN17293_c0_g1	0.349391210158104	0.999155368198447	NA
TRINITY_DN17294_c0_g1	0.42085011837492	0.999155368198447	NA
TRINITY_DN17295_c0_g1	-1.34510516739057	NA	NA
TRINITY_DN17296_c0_g1	-2.08473787957878	NA	NA
TRINITY_DN17297_c0_g1	0.189891344349334	NA	NA
TRINITY_DN17298_c0_g1	1.67136302571632	NA	NA
TRINITY_DN17299_c0_g1	-0.0744427939463348	NA	NA
TRINITY_DN173_c0_g1	0.283723329550896	0.999155368198447	NA
TRINITY_DN173_c0_g1	0.283723329550896	0.999155368198447	NA
TRINITY_DN1730_c0_g1	-1.53149908674837	NA	NA
TRINITY_DN1730_c0_g2	-0.590472170173683	NA	NA
TRINITY_DN1730_c0_g3	-0.768614095511196	NA	NA
TRINITY_DN17300_c0_g1	-0.358084808025984	NA	NA
TRINITY_DN17301_c0_g1	-0.753677676736476	NA	NA
TRINITY_DN17302_c0_g1	-0.616435417997536	NA	NA
TRINITY_DN17303_c0_g1	0.0282957501002112	NA	NA
TRINITY_DN17304_c0_g1	0.718352016466918	0.999155368198447	NA
TRINITY_DN17305_c0_g1	0.364407581067913	NA	NA
TRINITY_DN17306_c0_g1	0.424210335379375	NA	NA
TRINITY_DN17309_c0_g1	-0.518661020272439	NA	NA
TRINITY_DN1731_c0_g1	1.63870962603066	NA	NA
TRINITY_DN17310_c0_g1	2.1189512482625	NA	NA
TRINITY_DN17311_c0_g1	2.81098066825068	NA	NA
TRINITY_DN17312_c0_g1	0.755369420643076	NA	NA
TRINITY_DN17314_c0_g1	0.39638725425205	NA	NA
TRINITY_DN17315_c0_g1	0.386374395273454	NA	NA
TRINITY_DN17317_c0_g1	1.86008621251346	NA	NA
TRINITY_DN17318_c0_g1	0.977460106141067	NA	NA
TRINITY_DN17319_c0_g1	-2.046840679267	NA	NA
TRINITY_DN17320_c0_g1	-1.45746470731771	NA	NA
TRINITY_DN17321_c0_g1	-1.50576064523823	NA	NA
TRINITY_DN17322_c0_g1	-0.624807364031983	NA	NA
TRINITY_DN17323_c0_g1	0.371753697461944	NA	NA
TRINITY_DN17324_c0_g1	0.129846157012	NA	NA
TRINITY_DN17324_c0_g1	0.129846157012	NA	NA
TRINITY_DN17325_c0_g1	0.185285084369899	NA	NA
TRINITY_DN17326_c0_g1	0.403348487175747	NA	NA
TRINITY_DN17327_c0_g1	0.399361490691656	NA	NA
TRINITY_DN17328_c0_g1	-1.51408937232975	NA	NA
TRINITY_DN17329_c0_g1	0.551694331653932	NA	NA
TRINITY_DN1733_c0_g1	-1.56480487792289	NA	NA
TRINITY_DN1733_c0_g2	1.12229331232846	NA	NA
TRINITY_DN17330_c0_g1	-3.08872306323359	NA	NA
TRINITY_DN17331_c0_g1	1.17705018910334	0.999155368198447	NA
TRINITY_DN17332_c0_g1	0.375177181705892	NA	NA
TRINITY_DN17333_c0_g1	-2.50611166458312	NA	NA
TRINITY_DN17334_c0_g1	1.71943589064309	NA	NA
TRINITY_DN17335_c0_g1	-2.09726115434441	NA	NA
TRINITY_DN17336_c0_g1	-1.51357282587569	NA	NA
TRINITY_DN17338_c0_g1	1.80950231271155	NA	NA
TRINITY_DN17339_c0_g1	-0.482897650210879	NA	NA
TRINITY_DN1734_c0_g1	0.200660341078636	NA	NA
TRINITY_DN17340_c0_g1	-1.03139727748284	NA	NA
TRINITY_DN17341_c0_g1	1.10372050004066	NA	NA
TRINITY_DN17342_c0_g1	-1.10283752253701	NA	NA
TRINITY_DN17343_c0_g1	2.10373773314978	NA	NA
TRINITY_DN17345_c0_g1	-1.45746470731771	NA	NA
TRINITY_DN17346_c0_g1	-2.12599672253002	NA	NA
TRINITY_DN17347_c0_g1	1.76208259853803	NA	NA
TRINITY_DN17348_c0_g1	-2.05723671318963	NA	NA
TRINITY_DN17349_c0_g1	0.383224027110444	NA	NA
TRINITY_DN17350_c0_g1	-2.05640556564586	NA	NA
TRINITY_DN17351_c0_g1	0.991007200500733	NA	NA
TRINITY_DN17352_c0_g1	-1.73451734606266	NA	NA
TRINITY_DN17355_c0_g1	1.72191088247869	NA	NA
TRINITY_DN17356_c0_g1	0.399638108407329	NA	NA
TRINITY_DN17357_c0_g1	-0.0671992792429145	NA	NA
TRINITY_DN17358_c0_g1	0.213581943970406	NA	NA
TRINITY_DN17359_c0_g1	0.190228459657604	NA	NA
TRINITY_DN1736_c0_g1	1.38245624039601	NA	NA
TRINITY_DN17360_c0_g1	2.83367129886347	NA	NA
TRINITY_DN17361_c0_g1	-0.932580204823962	NA	NA
TRINITY_DN17362_c0_g1	0.187915391533801	NA	NA
TRINITY_DN17363_c0_g1	-1.09098300567602	NA	NA
TRINITY_DN17364_c0_g1	0.414995668458424	0.999155368198447	NA
TRINITY_DN17365_c0_g1	NA	NA	NA
TRINITY_DN17366_c0_g1	1.69295896223243	0.999155368198447	NA
TRINITY_DN17367_c0_g1	0.947730666019475	0.999155368198447	NA
TRINITY_DN17369_c0_g1	-1.03548681025442	NA	NA
TRINITY_DN1737_c0_g1	-2.84212028040756	NA	NA
TRINITY_DN17370_c0_g1	0.391050657528002	NA	NA
TRINITY_DN17371_c0_g1	-2.53441693530562	NA	NA
TRINITY_DN17372_c0_g1	0.00432947520687574	NA	NA
TRINITY_DN17373_c0_g1	-1.52237678933332	NA	NA
TRINITY_DN17374_c0_g1	-2.86573259522818	0.67309309208485	NA
TRINITY_DN17375_c0_g1	-1.14041255301522	NA	NA
TRINITY_DN17376_c0_g1	-1.80551420476357	NA	NA
TRINITY_DN17377_c0_g1	1.38778031198189	NA	NA
TRINITY_DN17378_c0_g1	2.34479942720385	NA	NA
TRINITY_DN1738_c0_g1	-0.00335315356419514	NA	NA
TRINITY_DN17381_c0_g1	-0.939127865231209	NA	NA
TRINITY_DN17382_c0_g1	2.42329791154916	NA	NA
TRINITY_DN17383_c0_g1	-2.1061611678697	NA	NA
TRINITY_DN17384_c0_g1	-2.48297220763049	NA	NA
TRINITY_DN17385_c0_g1	-1.30816985686671	NA	NA
TRINITY_DN17386_c0_g1	-2.50829056031268	NA	NA
TRINITY_DN17387_c0_g1	-0.315760058322884	NA	NA
TRINITY_DN17388_c0_g1	3.39135033507204	NA	NA
TRINITY_DN17389_c0_g1	-1.50042495991307	NA	NA
TRINITY_DN1739_c0_g1	-0.551616967125063	NA	NA
TRINITY_DN1739_c0_g2	2.07419221374088	NA	NA
TRINITY_DN17390_c0_g1	-2.77349516518371	NA	NA
TRINITY_DN17391_c0_g1	-2.10019366682665	NA	NA
TRINITY_DN17392_c0_g1	0.83155970457359	NA	NA
TRINITY_DN17393_c0_g1	2.71524943052698	NA	NA
TRINITY_DN17395_c0_g1	-0.586987455295755	NA	NA
TRINITY_DN17397_c0_g1	0.0304271074338743	0.999155368198447	NA
TRINITY_DN17398_c0_g1	-1.45746470731771	NA	NA
TRINITY_DN17399_c0_g1	0.398228755843261	NA	NA
TRINITY_DN174_c0_g1	-0.73911510633631	0.999155368198447	NA
TRINITY_DN174_c0_g1	-0.73911510633631	0.999155368198447	NA
TRINITY_DN1740_c0_g1	0.91450109249574	NA	NA
TRINITY_DN1740_c0_g2	1.65997055389682	NA	NA
TRINITY_DN17400_c0_g1	2.42016673519453	NA	NA
TRINITY_DN17402_c0_g1	0.418891787429943	NA	NA
TRINITY_DN17403_c0_g1	1.68864517409333	NA	NA
TRINITY_DN17404_c0_g1	1.66855299588535	NA	NA
TRINITY_DN17406_c0_g1	-1.46402237099103	NA	NA
TRINITY_DN17407_c0_g1	1.80950231271155	NA	NA
TRINITY_DN17408_c0_g1	-1.13144985032522	NA	NA
TRINITY_DN17409_c0_g1	0.415530130033816	NA	NA
TRINITY_DN1741_c0_g1	0.632285045620046	NA	NA
TRINITY_DN1741_c0_g1	0.632285045620046	NA	NA
TRINITY_DN1741_c0_g2	1.02069203237855	NA	NA
TRINITY_DN17410_c0_g1	-0.570998014744979	NA	NA
TRINITY_DN17411_c0_g1	0.186408116153845	NA	NA
TRINITY_DN17412_c0_g1	-0.42988515369084	0.999155368198447	NA
TRINITY_DN17413_c0_g1	1.06250272733553	NA	NA
TRINITY_DN17415_c0_g1	0.358413577608175	NA	NA
TRINITY_DN17416_c0_g1	-0.574019822592386	NA	NA
TRINITY_DN17417_c0_g1	-0.148354982084228	NA	NA
TRINITY_DN17418_c0_g1	-0.822515668274511	NA	NA
TRINITY_DN17419_c0_g1	-2.10734177906795	NA	NA
TRINITY_DN1742_c0_g1	-1.61072240685178	NA	NA
TRINITY_DN17420_c0_g1	-2.49510507106378	NA	NA
TRINITY_DN17421_c0_g1	-0.557887590579018	NA	NA
TRINITY_DN17422_c0_g1	1.86008621251346	NA	NA
TRINITY_DN17425_c0_g1	-2.06529080517107	NA	NA
TRINITY_DN17426_c0_g1	-0.515141776137219	NA	NA
TRINITY_DN17427_c0_g1	-0.61472936297154	NA	NA
TRINITY_DN17428_c0_g1	1.80950231271155	NA	NA
TRINITY_DN17429_c0_g1	2.37713577504414	NA	NA
TRINITY_DN1743_c0_g1	-0.229801049961143	NA	NA
TRINITY_DN1743_c0_g2	-0.768614095511196	NA	NA
TRINITY_DN17430_c0_g1	-1.50576064523823	NA	NA
TRINITY_DN17431_c0_g1	-1.10185033669909	NA	NA
TRINITY_DN17432_c0_g1	-1.52237678933332	NA	NA
TRINITY_DN17433_c0_g1	-1.08558457445538	NA	NA
TRINITY_DN17434_c0_g1	-0.529100747591025	0.999155368198447	NA
TRINITY_DN17435_c0_g1	-1.99987284096263	NA	NA
TRINITY_DN17436_c0_g1	-2.5060030438285	NA	NA
TRINITY_DN17437_c0_g1	1.80950231271155	NA	NA
TRINITY_DN17438_c0_g1	3.98318919813429	NA	NA
TRINITY_DN17439_c0_g1	-1.51408937232975	NA	NA
TRINITY_DN1744_c0_g1	0.362624781501251	NA	NA
TRINITY_DN17440_c0_g1	0.839148960245278	NA	NA
TRINITY_DN17441_c0_g1	2.34479942720385	NA	NA
TRINITY_DN17442_c0_g1	-2.12599672253002	NA	NA
TRINITY_DN17443_c0_g1	-0.996606591790153	NA	NA
TRINITY_DN17444_c0_g1	1.665911029628	NA	NA
TRINITY_DN17445_c0_g1	1.39757145047456	NA	NA
TRINITY_DN17446_c0_g1	-0.772651786545898	NA	NA
TRINITY_DN17447_c0_g1	-1.09205571987109	NA	NA
TRINITY_DN17448_c0_g1	-0.630042314342757	NA	NA
TRINITY_DN1745_c0_g1	3.14974201110817	NA	NA
TRINITY_DN17450_c0_g1	-0.161235145986565	NA	NA
TRINITY_DN17451_c0_g1	-1.84940783444388	NA	NA
TRINITY_DN17452_c0_g1	1.80950231271155	NA	NA
TRINITY_DN17453_c0_g1	2.1324395578727	NA	NA
TRINITY_DN17454_c0_g1	0.0356626745761236	0.999155368198447	NA
TRINITY_DN17455_c0_g1	-0.768614095511196	NA	NA
TRINITY_DN17456_c0_g1	0.00300690389554523	NA	NA
TRINITY_DN17457_c0_g1	-2.08134676973634	NA	NA
TRINITY_DN17458_c0_g1	-2.50829056031268	NA	NA
TRINITY_DN17459_c0_g1	-1.3986883894846	NA	NA
TRINITY_DN1746_c0_g1	0.414950697267554	NA	NA
TRINITY_DN17460_c0_g1	0.965641529663358	NA	NA
TRINITY_DN17461_c0_g1	0.389328993505996	NA	NA
TRINITY_DN17462_c0_g1	1.70929374937661	NA	NA
TRINITY_DN17463_c0_g1	1.80950231271155	NA	NA
TRINITY_DN17464_c0_g1	0.177904141282482	NA	NA
TRINITY_DN17465_c0_g1	-2.08861042782981	NA	NA
TRINITY_DN17466_c0_g1	-1.10551881798607	NA	NA
TRINITY_DN17467_c0_g1	0.0177396585606861	NA	NA
TRINITY_DN17468_c0_g1	-1.52237678933332	NA	NA
TRINITY_DN17469_c0_g1	-1.51408937232975	NA	NA
TRINITY_DN1747_c0_g1	0.00231933625268522	0.999155368198447	NA
TRINITY_DN17470_c0_g1	-4.30609111726687	NA	NA
TRINITY_DN17471_c0_g1	-2.47881736459492	NA	NA
TRINITY_DN17472_c0_g1	2.55032750745895	NA	NA
TRINITY_DN17473_c0_g1	1.80950231271155	NA	NA
TRINITY_DN17474_c0_g1	1.86008621251346	NA	NA
TRINITY_DN17475_c0_g1	2.39439602029138	NA	NA
TRINITY_DN17476_c0_g1	1.69790635425351	NA	NA
TRINITY_DN17477_c0_g1	3.09603568728001	NA	NA
TRINITY_DN17478_c0_g1	-0.743307719225672	NA	NA
TRINITY_DN17479_c0_g1	-0.939655742814914	NA	NA
TRINITY_DN1748_c0_g2	-1.45221673159844	NA	NA
TRINITY_DN17480_c0_g1	-2.08610874292108	NA	NA
TRINITY_DN17481_c0_g1	-1.14106151526939	NA	NA
TRINITY_DN17482_c0_g1	-2.84732420476881	NA	NA
TRINITY_DN17483_c0_g1	2.34479942720385	NA	NA
TRINITY_DN17484_c0_g1	-0.619395405655065	NA	NA
TRINITY_DN17485_c0_g1	0.994075875444837	NA	NA
TRINITY_DN17486_c0_g1	-0.516714453853641	NA	NA
TRINITY_DN17487_c0_g1	0.262931359635671	0.999155368198447	NA
TRINITY_DN17489_c0_g1	-2.79077692546021	NA	NA
TRINITY_DN1749_c0_g1	0.384929032772655	0.999155368198447	NA
TRINITY_DN1749_c0_g2	-1.30714414772555	NA	NA
TRINITY_DN1749_c1_g1	1.66881135160293	NA	NA
TRINITY_DN1749_c1_g2	-1.47493376297402	NA	NA
TRINITY_DN17490_c0_g1	1.12574019943808	NA	NA
TRINITY_DN17491_c0_g1	-2.09302402147116	NA	NA
TRINITY_DN17492_c0_g1	1.11475018974022	NA	NA
TRINITY_DN17493_c0_g1	-1.04924818444751	NA	NA
TRINITY_DN17494_c0_g1	-0.6173056644879	NA	NA
TRINITY_DN17495_c0_g1	1.80950231271155	NA	NA
TRINITY_DN17496_c0_g1	-2.773410978626	NA	NA
TRINITY_DN17498_c0_g1	1.80950231271155	NA	NA
TRINITY_DN17499_c0_g1	-1.99987284096263	NA	NA
TRINITY_DN175_c0_g1	-0.492137709163689	NA	NA
TRINITY_DN175_c0_g2	0.254818463393292	NA	NA
TRINITY_DN1750_c0_g1	-0.125135340319669	NA	NA
TRINITY_DN1750_c0_g1	-0.125135340319669	NA	NA
TRINITY_DN1750_c0_g1	-0.125135340319669	NA	NA
TRINITY_DN17500_c0_g1	1.80950231271155	NA	NA
TRINITY_DN17501_c0_g1	-1.42556541136878	NA	NA
TRINITY_DN17502_c0_g1	-0.402028342184779	0.999155368198447	NA
TRINITY_DN17503_c0_g1	0.778838682687978	NA	NA
TRINITY_DN17506_c0_g1	-2.02970209901702	NA	NA
TRINITY_DN17509_c0_g1	-1.51754561584049	NA	NA
TRINITY_DN1751_c0_g1	-2.20907984242085	NA	NA
TRINITY_DN1751_c0_g2	2.49470191442401	NA	NA
TRINITY_DN17510_c0_g1	-1.52237678933332	NA	NA
TRINITY_DN17511_c0_g1	2.34479942720385	NA	NA
TRINITY_DN17512_c0_g1	-2.52403055562476	NA	NA
TRINITY_DN17513_c0_g1	-0.0245079710076536	0.999155368198447	NA
TRINITY_DN17514_c0_g1	2.12609184304772	NA	NA
TRINITY_DN17515_c0_g1	0.976199256055598	NA	NA
TRINITY_DN17517_c0_g1	-0.204107287186893	NA	NA
TRINITY_DN1752_c0_g1	2.34479942720385	NA	NA
TRINITY_DN1752_c0_g2	1.94876767801525	NA	NA
TRINITY_DN17520_c0_g1	0.140040557667152	0.999155368198447	NA
TRINITY_DN17521_c0_g1	0.00485072201412141	NA	NA
TRINITY_DN17522_c0_g1	1.13522686359267	NA	NA
TRINITY_DN17523_c0_g1	0.474979934106872	NA	NA
TRINITY_DN17524_c0_g1	0.380490343895825	NA	NA
TRINITY_DN17526_c0_g1	2.11371768364885	NA	NA
TRINITY_DN17527_c0_g1	2.86279211382665	NA	NA
TRINITY_DN17528_c0_g1	0.373234211173057	NA	NA
TRINITY_DN17529_c0_g1	1.0103606606353	NA	NA
TRINITY_DN1753_c0_g2	-1.12241813716011	NA	NA
TRINITY_DN17530_c0_g1	-1.50952559160253	NA	NA
TRINITY_DN17531_c0_g1	-2.83029658791708	NA	NA
TRINITY_DN17532_c0_g1	0.0017626423984219	NA	NA
TRINITY_DN17533_c0_g1	-2.09302402147116	NA	NA
TRINITY_DN17534_c0_g1	1.14420329481538	NA	NA
TRINITY_DN17535_c0_g1	1.1497950225164	NA	NA
TRINITY_DN17538_c0_g1	-2.08781402167247	NA	NA
TRINITY_DN17539_c0_g1	0.0802068402824678	NA	NA
TRINITY_DN17540_c0_g1	-0.52722882944298	NA	NA
TRINITY_DN17541_c0_g1	0.975521217770422	NA	NA
TRINITY_DN17542_c0_g1	-1.09745036652052	NA	NA
TRINITY_DN17544_c0_g1	1.86008621251346	NA	NA
TRINITY_DN17545_c0_g1	-3.07287759789515	NA	NA
TRINITY_DN17546_c0_g1	1.86008621251346	NA	NA
TRINITY_DN17547_c0_g1	-2.10165262297001	NA	NA
TRINITY_DN17548_c0_g1	-0.564105103562092	NA	NA
TRINITY_DN17549_c0_g1	-0.168732665928139	NA	NA
TRINITY_DN1755_c0_g1	0.414729019071959	NA	NA
TRINITY_DN17550_c0_g1	2.37928147821251	NA	NA
TRINITY_DN17551_c0_g1	0.450328031320751	NA	NA
TRINITY_DN17552_c0_g1	-1.51408937232975	NA	NA
TRINITY_DN17553_c0_g1	-1.83712066505866	NA	NA
TRINITY_DN17554_c0_g1	-1.78145251562762	NA	NA
TRINITY_DN17555_c0_g1	-2.09302402147116	NA	NA
TRINITY_DN17556_c0_g1	2.44725580814198	NA	NA
TRINITY_DN17557_c0_g1	1.08663828879376	NA	NA
TRINITY_DN17558_c0_g1	-0.175054605041724	NA	NA
TRINITY_DN17559_c0_g1	0.413786090525444	NA	NA
TRINITY_DN1756_c0_g1	-1.19732203045495	NA	NA
TRINITY_DN1756_c0_g2	-0.204222975072815	NA	NA
TRINITY_DN17561_c0_g1	-2.52387136898971	NA	NA
TRINITY_DN17562_c0_g1	-1.03778169375398	NA	NA
TRINITY_DN17563_c0_g1	-2.82131766877059	NA	NA
TRINITY_DN17564_c0_g1	-2.96522533207831	NA	NA
TRINITY_DN17565_c0_g1	-0.502845098890675	NA	NA
TRINITY_DN17566_c0_g1	-2.08349780058361	NA	NA
TRINITY_DN17567_c0_g1	-2.9977837821943	NA	NA
TRINITY_DN17568_c0_g1	1.13002420084514	NA	NA
TRINITY_DN17569_c0_g1	0.418753945527718	NA	NA
TRINITY_DN1757_c0_g1	3.36973393751033	NA	NA
TRINITY_DN17570_c0_g1	0.866051691205684	NA	NA
TRINITY_DN17571_c0_g1	-1.82791943862081	NA	NA
TRINITY_DN17572_c0_g1	-0.0565854373397149	NA	NA
TRINITY_DN17573_c0_g1	-2.0854388266642	NA	NA
TRINITY_DN17574_c0_g1	-2.10719256560391	NA	NA
TRINITY_DN17575_c0_g1	0.385344459433876	NA	NA
TRINITY_DN17577_c0_g1	-2.04635949166355	NA	NA
TRINITY_DN17579_c0_g1	1.41669202100952	NA	NA
TRINITY_DN17580_c0_g1	-1.32383573651646	NA	NA
TRINITY_DN17581_c0_g1	-1.81640934618899	NA	NA
TRINITY_DN17582_c0_g1	1.08947996971145	NA	NA
TRINITY_DN17583_c0_g1	-1.99987284096263	NA	NA
TRINITY_DN17584_c0_g1	-2.12599672253002	NA	NA
TRINITY_DN17585_c0_g1	-2.08539421790196	NA	NA
TRINITY_DN17586_c0_g1	-3.60724037099332	NA	NA
TRINITY_DN17587_c0_g1	1.19478547121399	NA	NA
TRINITY_DN17588_c0_g1	-2.12599672253002	NA	NA
TRINITY_DN17589_c0_g1	1.72080050242517	NA	NA
TRINITY_DN1759_c0_g1	-0.226542013827351	0.999155368198447	NA
TRINITY_DN17590_c0_g1	-2.02551140414204	NA	NA
TRINITY_DN17591_c0_g1	1.38245326272812	NA	NA
TRINITY_DN17592_c0_g1	-0.646092327932032	NA	NA
TRINITY_DN17593_c0_g1	1.08978964199434	NA	NA
TRINITY_DN17594_c0_g1	2.42162226052739	NA	NA
TRINITY_DN17595_c0_g1	-0.522797977242947	NA	NA
TRINITY_DN17596_c0_g1	2.53369194378759	NA	NA
TRINITY_DN17596_c0_g1	2.53369194378759	NA	NA
TRINITY_DN17598_c0_g1	0.426777592669911	NA	NA
TRINITY_DN17599_c0_g1	0.396541569036058	NA	NA
TRINITY_DN176_c0_g1	2.44725580814198	NA	NA
TRINITY_DN176_c0_g2	0.529138280938232	0.999155368198447	NA
TRINITY_DN176_c0_g2	0.529138280938232	0.999155368198447	NA
TRINITY_DN1760_c0_g1	-1.53845415253929	NA	NA
TRINITY_DN1760_c0_g2	-0.768614095511196	NA	NA
TRINITY_DN17600_c0_g1	-0.559004398345149	NA	NA
TRINITY_DN17601_c0_g1	0.415075407826494	NA	NA
TRINITY_DN17603_c0_g1	-1.10288489872038	NA	NA
TRINITY_DN17604_c0_g1	-1.47603503120286	NA	NA
TRINITY_DN17605_c0_g1	-1.95032942033616	NA	NA
TRINITY_DN17607_c0_g1	-1.20197295989573	NA	NA
TRINITY_DN17608_c0_g1	1.71137281493382	NA	NA
TRINITY_DN1761_c0_g1	0.938568638930409	NA	NA
TRINITY_DN17610_c0_g1	-1.45746470731771	NA	NA
TRINITY_DN17611_c0_g1	0.397693227954198	NA	NA
TRINITY_DN17612_c0_g1	2.68361943483512	NA	NA
TRINITY_DN17613_c0_g1	0.841705453763943	NA	NA
TRINITY_DN17614_c0_g1	-2.22239111030607	NA	NA
TRINITY_DN17616_c0_g1	1.74950201225142	NA	NA
TRINITY_DN17618_c0_g1	-1.10159347334442	NA	NA
TRINITY_DN17619_c0_g1	-2.51291217062906	NA	NA
TRINITY_DN1762_c0_g1	-0.744099515368181	NA	NA
TRINITY_DN17620_c0_g1	1.19775273755545	NA	NA
TRINITY_DN17621_c0_g1	0.174847585509982	NA	NA
TRINITY_DN17622_c0_g1	1.69064514937876	NA	NA
TRINITY_DN17624_c0_g1	1.12570685607654	NA	NA
TRINITY_DN17625_c0_g1	-1.04631591249449	NA	NA
TRINITY_DN17626_c0_g1	-1.50576064523823	NA	NA
TRINITY_DN17627_c0_g1	-1.03695069254061	NA	NA
TRINITY_DN17628_c0_g1	0.418973034670375	NA	NA
TRINITY_DN17629_c0_g1	1.76208259853803	NA	NA
TRINITY_DN1763_c0_g1	1.26128430453156	NA	NA
TRINITY_DN17630_c0_g1	-2.84600039139724	NA	NA
TRINITY_DN17631_c0_g1	1.19393504091139	NA	NA
TRINITY_DN17632_c0_g1	-2.09994270871379	NA	NA
TRINITY_DN17633_c0_g1	-2.12599672253002	NA	NA
TRINITY_DN17634_c0_g1	0.355952347813677	NA	NA
TRINITY_DN17635_c0_g1	-2.51147251105149	NA	NA
TRINITY_DN17636_c0_g1	2.39439602029138	NA	NA
TRINITY_DN17637_c0_g1	0.941500323679907	NA	NA
TRINITY_DN17638_c0_g1	1.76208259853803	NA	NA
TRINITY_DN17639_c0_g1	2.38961603134601	NA	NA
TRINITY_DN1764_c0_g1	-0.627889832880599	NA	NA
TRINITY_DN1764_c0_g2	-2.33948184914071	NA	NA
TRINITY_DN17640_c0_g1	-1.44427500114938	NA	NA
TRINITY_DN17641_c0_g1	0.200669649821942	NA	NA
TRINITY_DN17643_c0_g1	1.76208259853803	NA	NA
TRINITY_DN17644_c0_g1	1.76208259853803	NA	NA
TRINITY_DN17645_c0_g1	-0.413337309489737	NA	NA
TRINITY_DN17646_c0_g1	-1.1600782114983	NA	NA
TRINITY_DN17647_c0_g1	-1.50576064523823	NA	NA
TRINITY_DN17648_c0_g1	-1.47476106454347	NA	NA
TRINITY_DN17649_c0_g1	0.839447741069377	NA	NA
TRINITY_DN1765_c0_g1	2.4200135850162	NA	NA
TRINITY_DN1765_c0_g2	-1.08174985087576	NA	NA
TRINITY_DN17650_c0_g1	0.954861951577326	NA	NA
TRINITY_DN17652_c0_g1	0.773721828661013	NA	NA
TRINITY_DN17655_c0_g1	1.76208259853803	NA	NA
TRINITY_DN17657_c0_g1	1.12454496009737	NA	NA
TRINITY_DN17658_c0_g1	0.94922881299827	NA	NA
TRINITY_DN1766_c0_g1	-0.432324067708511	0.999155368198447	NA
TRINITY_DN1766_c0_g1	-0.432324067708511	0.999155368198447	NA
TRINITY_DN17660_c0_g1	-0.525002822524619	NA	NA
TRINITY_DN17662_c0_g1	-2.12599672253002	NA	NA
TRINITY_DN17663_c0_g1	-0.768614095511196	NA	NA
TRINITY_DN17664_c0_g1	-0.936503695999825	NA	NA
TRINITY_DN17665_c0_g1	-1.99987284096263	NA	NA
TRINITY_DN17667_c0_g1	3.18486576126646	NA	NA
TRINITY_DN17668_c0_g1	-1.47464209196854	NA	NA
TRINITY_DN17669_c0_g1	-0.571703384879801	NA	NA
TRINITY_DN1767_c0_g1	0.999466223744098	NA	NA
TRINITY_DN1767_c0_g2	-0.768614095511196	NA	NA
TRINITY_DN1767_c0_g3	0.342811745427772	NA	NA
TRINITY_DN17670_c0_g1	-1.51408937232975	NA	NA
TRINITY_DN17671_c0_g1	0.357197684252917	NA	NA
TRINITY_DN17672_c0_g1	2.39224790536236	NA	NA
TRINITY_DN17673_c0_g1	-1.45746470731771	NA	NA
TRINITY_DN17674_c0_g1	-1.5128903585793	NA	NA
TRINITY_DN17675_c0_g1	3.58914057393176	NA	NA
TRINITY_DN17676_c0_g1	-1.87253295897941	NA	NA
TRINITY_DN17677_c0_g1	0.211219391591087	NA	NA
TRINITY_DN17679_c0_g1	-0.614143854659144	NA	NA
TRINITY_DN1768_c0_g1	1.05684231194149	NA	NA
TRINITY_DN1768_c0_g2	0.997238107222913	NA	NA
TRINITY_DN17681_c0_g1	-2.09921876353394	NA	NA
TRINITY_DN17683_c0_g1	0.391784279179608	NA	NA
TRINITY_DN17684_c0_g1	-1.47412740544545	NA	NA
TRINITY_DN17685_c0_g1	1.76208259853803	NA	NA
TRINITY_DN17686_c0_g1	-0.585122726003153	NA	NA
TRINITY_DN17687_c0_g1	1.68877182691026	NA	NA
TRINITY_DN17689_c0_g1	0.184031943541075	NA	NA
TRINITY_DN1769_c0_g1	-3.09838627484941	NA	NA
TRINITY_DN17691_c0_g1	0.914501092495741	NA	NA
TRINITY_DN17692_c0_g1	1.39731164853011	NA	NA
TRINITY_DN17693_c0_g1	-2.04597649015214	NA	NA
TRINITY_DN17694_c0_g1	1.12878600359713	NA	NA
TRINITY_DN17695_c0_g1	-1.14599726705099	NA	NA
TRINITY_DN17697_c0_g1	-0.535981585406062	NA	NA
TRINITY_DN17698_c0_g1	1.13766332312142	NA	NA
TRINITY_DN17699_c0_g1	-1.52237678933332	NA	NA
TRINITY_DN177_c0_g1	-0.901572315877296	0.999155368198447	NA
TRINITY_DN177_c0_g1	-0.901572315877296	0.999155368198447	NA
TRINITY_DN177_c0_g1	-0.901572315877296	0.999155368198447	NA
TRINITY_DN177_c0_g1	-0.901572315877296	0.999155368198447	NA
TRINITY_DN177_c1_g1	1.34064152111889	0.999155368198447	NA
TRINITY_DN177_c2_g1	2.25371797035164	NA	NA
TRINITY_DN177_c2_g2	0.0370896337219887	0.999155368198447	NA
TRINITY_DN177_c3_g1	1.21526289428905	NA	NA
TRINITY_DN177_c3_g2	-1.61965367006738	NA	NA
TRINITY_DN1770_c0_g1	1.40116458496882	NA	NA
TRINITY_DN1770_c0_g2	3.15589146471415	NA	NA
TRINITY_DN17700_c0_g1	0.180375918393875	NA	NA
TRINITY_DN17701_c0_g1	0.407170316984416	NA	NA
TRINITY_DN17702_c0_g1	-2.50829056031268	NA	NA
TRINITY_DN17703_c0_g1	-0.629669106256581	NA	NA
TRINITY_DN17705_c0_g1	-0.624959985784714	0.999155368198447	NA
TRINITY_DN17707_c0_g1	2.39098761500084	NA	NA
TRINITY_DN17708_c0_g1	1.69605365271917	NA	NA
TRINITY_DN1771_c0_g1	0.397858120706255	NA	NA
TRINITY_DN17711_c0_g1	0.205397098853608	NA	NA
TRINITY_DN17712_c0_g1	0.418564037733294	NA	NA
TRINITY_DN17713_c0_g1	-0.685392892120522	NA	NA
TRINITY_DN17714_c0_g1	-0.877972851166472	NA	NA
TRINITY_DN17716_c0_g1	-2.81175182625873	NA	NA
TRINITY_DN17717_c0_g1	1.80950231271155	NA	NA
TRINITY_DN17718_c0_g1	2.39554972822449	NA	NA
TRINITY_DN17719_c0_g1	1.66145184251675	NA	NA
TRINITY_DN1772_c0_g1	2.45197935005155	NA	NA
TRINITY_DN1772_c0_g2	-1.13012973660498	NA	NA
TRINITY_DN1772_c0_g3	-1.17288112137263	0.999155368198447	NA
TRINITY_DN1772_c0_g3	-1.17288112137263	0.999155368198447	NA
TRINITY_DN1772_c0_g4	2.69380549108219	NA	NA
TRINITY_DN17720_c0_g1	-1.50893259719437	NA	NA
TRINITY_DN17721_c0_g1	-1.52237678933332	NA	NA
TRINITY_DN17722_c0_g1	0.830343854452971	NA	NA
TRINITY_DN17723_c0_g1	1.73510832853835	NA	NA
TRINITY_DN17724_c0_g1	2.43723142037026	NA	NA
TRINITY_DN17726_c0_g1	-0.325763989235204	NA	NA
TRINITY_DN17727_c0_g1	-0.172399638880364	NA	NA
TRINITY_DN17728_c0_g1	-0.50183444576785	NA	NA
TRINITY_DN17729_c0_g1	1.76208259853803	NA	NA
TRINITY_DN1773_c0_g1	-0.646352396184995	NA	NA
TRINITY_DN17730_c0_g1	-1.0130519238438	NA	NA
TRINITY_DN17731_c0_g1	-1.50576064523823	NA	NA
TRINITY_DN17732_c0_g1	-1.50576064523823	NA	NA
TRINITY_DN17734_c0_g1	2.11027827353597	NA	NA
TRINITY_DN17736_c0_g1	0.186074464750731	NA	NA
TRINITY_DN17737_c0_g1	2.81731310366588	NA	NA
TRINITY_DN17739_c0_g1	0.378919961173827	NA	NA
TRINITY_DN17740_c0_g1	0.342668234141536	NA	NA
TRINITY_DN17741_c0_g1	-2.494887472103	NA	NA
TRINITY_DN17742_c0_g1	-0.572514052699155	NA	NA
TRINITY_DN17743_c0_g1	0.409138548103346	NA	NA
TRINITY_DN17746_c0_g1	1.86008621251346	NA	NA
TRINITY_DN17747_c0_g1	-3.0992387031581	NA	NA
TRINITY_DN17749_c0_g1	1.70863859086677	NA	NA
TRINITY_DN17750_c0_g1	2.4113075331459	NA	NA
TRINITY_DN17751_c0_g1	-0.348676575140965	NA	NA
TRINITY_DN17752_c0_g1	-2.49646362384781	NA	NA
TRINITY_DN17753_c0_g1	-0.847629274880121	NA	NA
TRINITY_DN17754_c0_g1	-2.30933106319194	NA	NA
TRINITY_DN17755_c0_g1	0.198904159142486	NA	NA
TRINITY_DN17756_c0_g1	-1.55377454848951	NA	NA
TRINITY_DN17757_c0_g1	2.42078291104445	NA	NA
TRINITY_DN17758_c0_g1	-0.583613602516287	NA	NA
TRINITY_DN1776_c0_g1	-2.10076186739181	NA	NA
TRINITY_DN1776_c0_g2	-0.551418645738378	NA	NA
TRINITY_DN17760_c0_g1	0.389595271679719	NA	NA
TRINITY_DN17761_c0_g1	-0.84800496637002	NA	NA
TRINITY_DN17762_c0_g1	0.0118402314082366	NA	NA
TRINITY_DN17763_c0_g1	-1.6323202952129	NA	NA
TRINITY_DN17764_c0_g1	-1.52237678933332	NA	NA
TRINITY_DN17765_c0_g1	2.18831064480911	NA	NA
TRINITY_DN17766_c0_g1	-3.12698246159859	NA	NA
TRINITY_DN17767_c0_g1	2.39548698981731	NA	NA
TRINITY_DN17768_c0_g1	0.201905002877346	NA	NA
TRINITY_DN17769_c0_g1	-1.50576064523823	NA	NA
TRINITY_DN1777_c0_g1	-1.41914976956232	NA	NA
TRINITY_DN17770_c0_g1	-2.10829927289134	NA	NA
TRINITY_DN17771_c0_g1	0.190228459657604	NA	NA
TRINITY_DN17772_c0_g1	-1.51408937232975	NA	NA
TRINITY_DN17775_c0_g1	0.429100972067706	NA	NA
TRINITY_DN17776_c0_g1	-1.10259827756027	NA	NA
TRINITY_DN17777_c0_g1	2.36060312827005	NA	NA
TRINITY_DN17779_c0_g1	2.39439602029138	NA	NA
TRINITY_DN1778_c0_g1	0.973019336961694	NA	NA
TRINITY_DN1778_c0_g2	-0.706549058562374	0.999155368198447	NA
TRINITY_DN17780_c0_g1	2.15249860098577	NA	NA
TRINITY_DN17782_c0_g1	1.08954280977994	NA	NA
TRINITY_DN17783_c0_g1	2.37524389397548	NA	NA
TRINITY_DN17784_c0_g1	2.82151378114224	NA	NA
TRINITY_DN17785_c0_g1	3.13553292853172	NA	NA
TRINITY_DN17786_c0_g1	0.911181788874282	NA	NA
TRINITY_DN17787_c0_g1	0.207407717706508	NA	NA
TRINITY_DN17788_c0_g1	-0.196277757474386	NA	NA
TRINITY_DN17789_c0_g1	0.208197084849422	NA	NA
TRINITY_DN1779_c0_g1	-1.51408937232975	NA	NA
TRINITY_DN17790_c0_g1	1.80950231271155	NA	NA
TRINITY_DN17791_c0_g1	-1.50576064523823	NA	NA
TRINITY_DN17792_c0_g1	1.86008621251346	NA	NA
TRINITY_DN17793_c0_g1	0.823893537073019	NA	NA
TRINITY_DN17794_c0_g1	-2.02972688285298	NA	NA
TRINITY_DN17795_c0_g1	2.39425441727041	NA	NA
TRINITY_DN17796_c0_g1	2.1169506328507	NA	NA
TRINITY_DN17797_c0_g1	-0.574667558087562	NA	NA
TRINITY_DN17798_c0_g1	-0.475598641113045	NA	NA
TRINITY_DN178_c0_g1	-0.412160362517937	0.999155368198447	NA
TRINITY_DN178_c0_g1	-0.412160362517937	0.999155368198447	NA
TRINITY_DN178_c0_g1	-0.412160362517937	0.999155368198447	NA
TRINITY_DN1780_c0_g1	1.80950231271155	NA	NA
TRINITY_DN17800_c0_g1	0.398699595964739	NA	NA
TRINITY_DN17801_c0_g1	-2.52240331407239	NA	NA
TRINITY_DN17802_c0_g1	2.39223770126295	NA	NA
TRINITY_DN17803_c0_g1	2.09679198548177	NA	NA
TRINITY_DN17804_c0_g1	-1.47432633559397	NA	NA
TRINITY_DN17805_c0_g1	1.6910422465361	NA	NA
TRINITY_DN17806_c0_g1	-2.4964636238478	NA	NA
TRINITY_DN17807_c0_g1	0.91450109249574	NA	NA
TRINITY_DN17809_c0_g1	0.363496697882791	NA	NA
TRINITY_DN1781_c0_g2	2.10952987439138	NA	NA
TRINITY_DN17811_c0_g1	-3.30600759757201	NA	NA
TRINITY_DN17812_c0_g1	-1.50576064523823	NA	NA
TRINITY_DN17815_c0_g1	-1.01560527946722	NA	NA
TRINITY_DN17816_c0_g1	0.184896047333964	NA	NA
TRINITY_DN17817_c0_g1	-1.60551406901528	NA	NA
TRINITY_DN17818_c0_g1	-2.02633374160605	NA	NA
TRINITY_DN17819_c0_g1	-3.21992205478146	NA	NA
TRINITY_DN1782_c0_g1	1.80950231271155	NA	NA
TRINITY_DN1782_c0_g2	-2.83395140840912	NA	NA
TRINITY_DN17820_c0_g1	2.67908855252787	NA	NA
TRINITY_DN17822_c0_g1	-2.07364267222505	NA	NA
TRINITY_DN17823_c0_g1	1.09392941643241	NA	NA
TRINITY_DN17824_c0_g1	1.71610579458576	NA	NA
TRINITY_DN17826_c0_g1	-1.52237678933332	NA	NA
TRINITY_DN17827_c0_g1	2.44725580814198	NA	NA
TRINITY_DN17828_c0_g1	-1.52237678933332	NA	NA
TRINITY_DN17829_c0_g1	-0.116218698668806	NA	NA
TRINITY_DN1783_c0_g1	1.86008621251346	NA	NA
TRINITY_DN1783_c0_g2	-0.534345263308684	NA	NA
TRINITY_DN1783_c0_g2	-0.534345263308684	NA	NA
TRINITY_DN17830_c0_g1	-1.50576064523823	NA	NA
TRINITY_DN17831_c0_g1	-1.87449388709459	NA	NA
TRINITY_DN17832_c0_g1	2.37583887990114	NA	NA
TRINITY_DN17833_c0_g1	-1.50576064523823	NA	NA
TRINITY_DN17835_c0_g1	1.76208259853803	NA	NA
TRINITY_DN17836_c0_g1	-2.83383772978301	NA	NA
TRINITY_DN17837_c0_g1	-0.416737261396254	NA	NA
TRINITY_DN17838_c0_g1	1.21260154123345	NA	NA
TRINITY_DN17839_c0_g1	1.70340867259887	NA	NA
TRINITY_DN1784_c0_g1	0.419068936875231	0.999155368198447	NA
TRINITY_DN17840_c0_g1	-2.15830060291408	NA	NA
TRINITY_DN17841_c0_g1	1.81099338773207	NA	NA
TRINITY_DN17842_c0_g1	-1.50576064523823	NA	NA
TRINITY_DN17843_c0_g1	2.77068827901251	NA	NA
TRINITY_DN17844_c0_g1	0.377976093058192	NA	NA
TRINITY_DN17845_c0_g1	-2.50829056031268	NA	NA
TRINITY_DN17846_c0_g1	-0.576591594739968	NA	NA
TRINITY_DN17847_c0_g1	1.71594711971209	NA	NA
TRINITY_DN17848_c0_g1	-1.09697949274092	NA	NA
TRINITY_DN17849_c0_g1	-1.51408937232975	NA	NA
TRINITY_DN1785_c0_g1	1.12404182180333	NA	NA
TRINITY_DN1785_c0_g2	1.40107605091397	NA	NA
TRINITY_DN17850_c0_g1	-1.11986579412735	NA	NA
TRINITY_DN17851_c0_g1	-0.768614095511196	NA	NA
TRINITY_DN17852_c0_g1	-1.05657827804522	NA	NA
TRINITY_DN17853_c0_g1	0.972246957646002	NA	NA
TRINITY_DN17854_c0_g1	1.0025846983694	NA	NA
TRINITY_DN17855_c0_g1	0.442402474301938	NA	NA
TRINITY_DN17856_c0_g1	0.710615657129564	NA	NA
TRINITY_DN17857_c0_g1	0.243275165513672	NA	NA
TRINITY_DN17857_c0_g1	0.243275165513672	NA	NA
TRINITY_DN17858_c0_g1	0.402776318013789	NA	NA
TRINITY_DN1786_c0_g1	-2.79441171141893	NA	NA
TRINITY_DN17862_c0_g1	0.413452517881393	NA	NA
TRINITY_DN17863_c0_g1	1.07788337943019	NA	NA
TRINITY_DN17864_c0_g1	0.180375918393875	NA	NA
TRINITY_DN17865_c0_g1	1.86008621251346	NA	NA
TRINITY_DN17866_c0_g1	-0.587016528928075	0.999155368198447	NA
TRINITY_DN17867_c0_g1	-1.08905475808168	NA	NA
TRINITY_DN17868_c0_g1	-0.532360652327723	NA	NA
TRINITY_DN17869_c0_g1	0.960370671815506	NA	NA
TRINITY_DN1787_c0_g1	1.52246231466375	0.999155368198447	NA
TRINITY_DN17870_c0_g1	-1.51408937232975	NA	NA
TRINITY_DN17871_c0_g1	1.11513535176556	NA	NA
TRINITY_DN17872_c0_g1	-1.52237678933332	NA	NA
TRINITY_DN17873_c0_g1	-0.531530716615265	NA	NA
TRINITY_DN17874_c0_g1	-0.961989443109008	NA	NA
TRINITY_DN17876_c0_g1	-2.08561738408824	NA	NA
TRINITY_DN17877_c0_g1	-2.12599672253002	NA	NA
TRINITY_DN17878_c0_g1	1.86008621251346	NA	NA
TRINITY_DN17879_c0_g1	-1.51807154720192	NA	NA
TRINITY_DN17880_c0_g1	2.7982714114509	NA	NA
TRINITY_DN17881_c0_g1	2.44725580814198	NA	NA
TRINITY_DN17882_c0_g1	-1.51408937232975	NA	NA
TRINITY_DN17883_c0_g1	-1.51408937232975	NA	NA
TRINITY_DN17885_c0_g1	2.81097879538324	NA	NA
TRINITY_DN17886_c0_g1	-0.590145941140756	NA	NA
TRINITY_DN17887_c0_g1	0.400536470802633	NA	NA
TRINITY_DN17888_c0_g1	-1.51807154720192	NA	NA
TRINITY_DN17889_c0_g1	2.08351875441039	NA	NA
TRINITY_DN1789_c0_g1	0.433347237908433	NA	NA
TRINITY_DN1789_c0_g2	0.91450109249574	NA	NA
TRINITY_DN17890_c0_g1	-0.176299272787544	NA	NA
TRINITY_DN17891_c0_g1	-2.02586735155394	NA	NA
TRINITY_DN17892_c0_g1	2.40157298681522	NA	NA
TRINITY_DN17893_c0_g1	1.13824290729959	NA	NA
TRINITY_DN17895_c0_g1	-1.00028691002831	NA	NA
TRINITY_DN17897_c0_g1	-2.12599672253002	NA	NA
TRINITY_DN17898_c0_g1	1.11454989621999	NA	NA
TRINITY_DN17899_c0_g1	1.80950231271155	NA	NA
TRINITY_DN179_c0_g1	0.670588065701938	0.999155368198447	NA
TRINITY_DN179_c0_g1	0.670588065701938	0.999155368198447	NA
TRINITY_DN179_c0_g1	0.670588065701938	0.999155368198447	NA
TRINITY_DN1790_c0_g1	-0.272504060525453	0.999155368198447	NA
TRINITY_DN17900_c0_g1	-0.926579647023598	NA	NA
TRINITY_DN17901_c0_g1	0.582148036530224	NA	NA
TRINITY_DN17903_c0_g1	-1.54603975441946	NA	NA
TRINITY_DN17904_c0_g1	-1.45746470731771	NA	NA
TRINITY_DN17905_c0_g1	2.86279211382665	NA	NA
TRINITY_DN17907_c0_g1	-0.1990929143433	NA	NA
TRINITY_DN17908_c0_g1	-0.56490190240124	NA	NA
TRINITY_DN17909_c0_g1	-0.768614095511196	NA	NA
TRINITY_DN1791_c0_g1	-0.33720606566383	0.999155368198447	NA
TRINITY_DN1791_c0_g1	-0.33720606566383	0.999155368198447	NA
TRINITY_DN17911_c0_g1	2.39439602029138	NA	NA
TRINITY_DN17912_c0_g1	2.79952190387358	NA	NA
TRINITY_DN17913_c0_g1	-0.54018282046837	NA	NA
TRINITY_DN17914_c0_g1	1.37205753019031	NA	NA
TRINITY_DN17915_c0_g1	-2.08882688466367	NA	NA
TRINITY_DN17916_c0_g1	-2.31776808686826	NA	NA
TRINITY_DN17917_c0_g1	1.13575187008731	NA	NA
TRINITY_DN17918_c0_g1	1.86008621251346	NA	NA
TRINITY_DN17919_c0_g1	1.80950231271155	NA	NA
TRINITY_DN1792_c0_g1	-1.73693011312585	NA	NA
TRINITY_DN1792_c0_g2	NA	NA	NA
TRINITY_DN17920_c0_g1	2.34479942720385	NA	NA
TRINITY_DN17921_c0_g1	-2.08763992956205	NA	NA
TRINITY_DN17922_c0_g1	-1.56225536643518	NA	NA
TRINITY_DN17923_c0_g1	1.86008621251346	NA	NA
TRINITY_DN17924_c0_g1	0.095334199391751	NA	NA
TRINITY_DN17925_c0_g1	0.401704944566811	NA	NA
TRINITY_DN17926_c0_g1	0.782619932248819	NA	NA
TRINITY_DN17927_c0_g1	-2.05576939742612	NA	NA
TRINITY_DN17928_c0_g1	-0.521871066529784	NA	NA
TRINITY_DN17929_c0_g1	-0.502605933718485	NA	NA
TRINITY_DN1793_c0_g1	-1.45746470731771	NA	NA
TRINITY_DN17930_c0_g1	-1.15602501937284	NA	NA
TRINITY_DN17931_c0_g1	-0.554680391841177	NA	NA
TRINITY_DN17932_c0_g1	1.80950231271155	NA	NA
TRINITY_DN17933_c0_g1	-0.91094046115067	NA	NA
TRINITY_DN17934_c0_g1	-0.186975164474511	NA	NA
TRINITY_DN17935_c0_g1	-2.06204308134585	NA	NA
TRINITY_DN17936_c0_g1	-2.49038893969558	NA	NA
TRINITY_DN17937_c0_g1	-1.45746470731771	NA	NA
TRINITY_DN17938_c0_g1	-1.46906305014328	NA	NA
TRINITY_DN17939_c0_g1	1.12034859934734	NA	NA
TRINITY_DN1794_c0_g1	-1.10443674212618	NA	NA
TRINITY_DN17940_c0_g1	2.80381956766109	NA	NA
TRINITY_DN17941_c0_g1	1.10605329654565	NA	NA
TRINITY_DN17942_c0_g1	2.44725580814198	NA	NA
TRINITY_DN17943_c0_g1	1.86008621251346	NA	NA
TRINITY_DN17944_c0_g1	-2.41340458201845	NA	NA
TRINITY_DN17945_c0_g1	-0.320366335710953	NA	NA
TRINITY_DN17947_c0_g1	1.86008621251346	NA	NA
TRINITY_DN17948_c0_g1	-1.50576064523823	NA	NA
TRINITY_DN1795_c0_g1	-1.22552795276607	0.999155368198447	NA
TRINITY_DN1795_c0_g1	-1.22552795276607	0.999155368198447	NA
TRINITY_DN17950_c0_g1	1.86008621251346	NA	NA
TRINITY_DN17951_c0_g1	-2.81799883780681	NA	NA
TRINITY_DN17952_c0_g1	0.196278186104955	NA	NA
TRINITY_DN17953_c0_g1	1.67086859158111	NA	NA
TRINITY_DN17954_c0_g1	-1.50576064523823	NA	NA
TRINITY_DN17955_c0_g1	-2.96972046862746	NA	NA
TRINITY_DN17956_c0_g1	-1.1067840002117	NA	NA
TRINITY_DN17958_c0_g1	-1.05667630444391	NA	NA
TRINITY_DN17960_c0_g1	-1.52237678933332	NA	NA
TRINITY_DN17962_c0_g1	-2.06524693950658	NA	NA
TRINITY_DN17963_c0_g1	1.72926929835242	NA	NA
TRINITY_DN17964_c0_g1	0.814549859011661	NA	NA
TRINITY_DN17965_c0_g1	1.72455876135822	NA	NA
TRINITY_DN17966_c0_g1	-0.759915545359957	NA	NA
TRINITY_DN17966_c0_g1	-0.759915545359957	NA	NA
TRINITY_DN17967_c0_g1	-1.52237678933332	NA	NA
TRINITY_DN17968_c0_g1	-1.45746470731771	NA	NA
TRINITY_DN17969_c0_g1	-2.09302402147116	NA	NA
TRINITY_DN1797_c0_g1	-0.104759721014497	NA	NA
TRINITY_DN17970_c0_g1	-0.5003667643698	0.999155368198447	NA
TRINITY_DN17971_c0_g1	-2.84189192667359	NA	NA
TRINITY_DN17972_c0_g1	-1.50576064523823	NA	NA
TRINITY_DN17973_c0_g1	-0.602376530083756	NA	NA
TRINITY_DN17974_c0_g1	0.17593646644222	NA	NA
TRINITY_DN17976_c0_g1	-2.83742460011348	NA	NA
TRINITY_DN17977_c0_g1	-0.158553463514907	NA	NA
TRINITY_DN17978_c0_g1	-0.506239893015914	NA	NA
TRINITY_DN17979_c0_g1	-1.50850011969018	NA	NA
TRINITY_DN1798_c0_g1	-2.08922943717016	NA	NA
TRINITY_DN17980_c0_g1	1.74262654636349	NA	NA
TRINITY_DN17981_c0_g1	0.91450109249574	NA	NA
TRINITY_DN17984_c0_g1	0.435344605906008	NA	NA
TRINITY_DN17985_c0_g1	1.72603966020522	NA	NA
TRINITY_DN17988_c0_g1	2.86279211382665	NA	NA
TRINITY_DN17989_c0_g1	2.39439602029138	NA	NA
TRINITY_DN1799_c0_g1	1.96295019243304	NA	NA
TRINITY_DN17990_c0_g1	1.12056783968151	NA	NA
TRINITY_DN17991_c0_g1	-1.51184763363928	NA	NA
TRINITY_DN17992_c0_g1	-2.47676087642339	NA	NA
TRINITY_DN17993_c0_g1	-1.33335186003408	NA	NA
TRINITY_DN17994_c0_g1	-2.54158249550552	NA	NA
TRINITY_DN17995_c0_g1	1.76208259853803	NA	NA
TRINITY_DN17998_c0_g1	-0.517789290293016	NA	NA
TRINITY_DN17999_c0_g1	-1.52237678933332	NA	NA
TRINITY_DN18_c0_g1	-0.505297231574852	0.999155368198447	NA
TRINITY_DN18_c0_g1	-0.505297231574852	0.999155368198447	NA
TRINITY_DN18_c0_g1	-0.505297231574852	0.999155368198447	NA
TRINITY_DN18_c0_g1	-0.505297231574852	0.999155368198447	NA
TRINITY_DN18_c0_g1	-0.505297231574852	0.999155368198447	NA
TRINITY_DN18_c0_g1	-0.505297231574852	0.999155368198447	NA
TRINITY_DN18_c0_g1	-0.505297231574852	0.999155368198447	NA
TRINITY_DN18_c0_g1	-0.505297231574852	0.999155368198447	NA
TRINITY_DN18_c0_g1	-0.505297231574852	0.999155368198447	NA
TRINITY_DN18_c0_g1	-0.505297231574852	0.999155368198447	NA
TRINITY_DN180_c0_g1	0.630594113461759	NA	NA
TRINITY_DN180_c0_g1	0.630594113461759	NA	NA
TRINITY_DN1800_c0_g1	0.0988167653409263	NA	NA
TRINITY_DN1800_c0_g1	0.0988167653409263	NA	NA
TRINITY_DN18000_c0_g1	-1.42777217125019	NA	NA
TRINITY_DN18001_c0_g1	1.80950231271155	NA	NA
TRINITY_DN18002_c0_g1	2.41734728176212	NA	NA
TRINITY_DN18003_c0_g1	1.09716377364676	NA	NA
TRINITY_DN18004_c0_g1	-1.50576064523823	NA	NA
TRINITY_DN18006_c0_g1	-2.12599672253002	NA	NA
TRINITY_DN18007_c0_g1	2.44725580814198	NA	NA
TRINITY_DN18009_c0_g1	-2.43253515481264	NA	NA
TRINITY_DN1801_c0_g1	-1.50283394296153	NA	NA
TRINITY_DN18010_c0_g1	-1.50157135991899	NA	NA
TRINITY_DN18011_c0_g1	-0.200800255883466	NA	NA
TRINITY_DN18012_c0_g1	1.71898700479295	NA	NA
TRINITY_DN18013_c0_g1	-0.530273815592178	NA	NA
TRINITY_DN18014_c0_g1	1.69245356283562	NA	NA
TRINITY_DN18015_c0_g1	-1.4538266268641	NA	NA
TRINITY_DN18016_c0_g1	-0.193327587581956	NA	NA
TRINITY_DN18017_c0_g1	1.86008621251346	NA	NA
TRINITY_DN18018_c0_g1	-2.06987881783034	NA	NA
TRINITY_DN18019_c0_g1	-2.4964636238478	NA	NA
TRINITY_DN1802_c0_g1	-1.8314429323287	NA	NA
TRINITY_DN18020_c0_g1	-1.52237678933332	NA	NA
TRINITY_DN18021_c0_g1	1.13810095657099	NA	NA
TRINITY_DN18022_c0_g1	-2.11090327622614	NA	NA
TRINITY_DN18024_c0_g1	0.390838993162659	NA	NA
TRINITY_DN18025_c0_g1	-0.180329543272917	NA	NA
TRINITY_DN18026_c0_g1	1.12850086451995	NA	NA
TRINITY_DN18027_c0_g1	0.18432130237396	NA	NA
TRINITY_DN18028_c0_g1	0.372973485699402	NA	NA
TRINITY_DN18029_c0_g1	1.08745698188334	NA	NA
TRINITY_DN1803_c0_g1	-0.52781650267082	NA	NA
TRINITY_DN18030_c0_g1	-1.45746470731771	NA	NA
TRINITY_DN18031_c0_g1	-0.485977175648393	NA	NA
TRINITY_DN18032_c0_g1	0.2120677690567	NA	NA
TRINITY_DN18033_c0_g1	-2.54158249550552	NA	NA
TRINITY_DN18034_c0_g1	-0.52151717724184	NA	NA
TRINITY_DN18035_c0_g1	2.14055443906151	NA	NA
TRINITY_DN18036_c0_g1	-2.51450037676578	NA	NA
TRINITY_DN18037_c0_g1	1.12701054656437	NA	NA
TRINITY_DN18038_c0_g1	0.979863955557619	NA	NA
TRINITY_DN18039_c0_g1	1.80950231271155	NA	NA
TRINITY_DN1804_c0_g1	1.70495942873432	NA	NA
TRINITY_DN18040_c0_g1	-1.51807154720192	NA	NA
TRINITY_DN18043_c0_g1	0.400890453286752	NA	NA
TRINITY_DN18044_c0_g1	0.180504623253838	NA	NA
TRINITY_DN18045_c0_g1	0.419368122141628	NA	NA
TRINITY_DN18046_c0_g1	1.09466934403738	NA	NA
TRINITY_DN18047_c0_g1	0.0592526365843467	NA	NA
TRINITY_DN18048_c0_g1	1.07512672800519	NA	NA
TRINITY_DN1805_c0_g1	0.0933417932169919	NA	NA
TRINITY_DN18050_c0_g1	-1.08073426259586	NA	NA
TRINITY_DN18051_c0_g1	-0.595965581297048	NA	NA
TRINITY_DN18052_c0_g1	2.7062119730717	NA	NA
TRINITY_DN18053_c0_g1	0.817505928116924	NA	NA
TRINITY_DN18054_c0_g1	-1.06368661968025	NA	NA
TRINITY_DN18055_c0_g1	1.76208259853803	NA	NA
TRINITY_DN18056_c0_g1	-0.768614095511196	NA	NA
TRINITY_DN18057_c0_g1	-0.768614095511196	NA	NA
TRINITY_DN18058_c0_g1	-1.45746470731771	NA	NA
TRINITY_DN18059_c0_g1	-2.48360260695083	NA	NA
TRINITY_DN1806_c0_g1	0.315460610178943	NA	NA
TRINITY_DN1806_c0_g2	NA	NA	NA
TRINITY_DN18060_c0_g1	-1.52237678933332	NA	NA
TRINITY_DN18061_c0_g1	-0.528622300300221	NA	NA
TRINITY_DN18062_c0_g1	0.203077384017905	NA	NA
TRINITY_DN18063_c0_g1	0.399995218592677	NA	NA
TRINITY_DN18064_c0_g1	-1.56015021152417	NA	NA
TRINITY_DN18065_c0_g1	0.388714853231319	NA	NA
TRINITY_DN18066_c0_g1	-1.45746470731771	NA	NA
TRINITY_DN18067_c0_g1	-2.08134676973634	NA	NA
TRINITY_DN18068_c0_g1	-0.51846988653876	NA	NA
TRINITY_DN18069_c0_g1	-0.378690508177868	NA	NA
TRINITY_DN18070_c0_g1	-2.4478657441039	NA	NA
TRINITY_DN18071_c0_g1	2.41818351665991	NA	NA
TRINITY_DN18073_c0_g1	-2.04396780287623	NA	NA
TRINITY_DN18074_c0_g1	1.76208259853803	NA	NA
TRINITY_DN18075_c0_g1	-1.51408937232975	NA	NA
TRINITY_DN18076_c0_g1	2.3612129142007	NA	NA
TRINITY_DN18077_c0_g1	-0.4975242418967	NA	NA
TRINITY_DN18078_c0_g1	-1.52237678933332	NA	NA
TRINITY_DN18079_c0_g1	0.959330630560335	NA	NA
TRINITY_DN18080_c0_g1	1.11425752395543	NA	NA
TRINITY_DN18082_c0_g1	1.11273264399368	NA	NA
TRINITY_DN18083_c0_g1	-2.10719570825822	NA	NA
TRINITY_DN18084_c0_g1	-1.99987284096263	NA	NA
TRINITY_DN18085_c0_g1	-1.45746470731771	NA	NA
TRINITY_DN18086_c0_g1	1.12097213045722	NA	NA
TRINITY_DN18088_c0_g1	1.12141291745202	NA	NA
TRINITY_DN18089_c0_g1	1.86008621251346	NA	NA
TRINITY_DN1809_c0_g1	2.819512487661	NA	NA
TRINITY_DN1809_c0_g2	1.04458896818098	NA	NA
TRINITY_DN18090_c0_g1	1.76208259853803	NA	NA
TRINITY_DN18091_c0_g1	1.4149375526401	NA	NA
TRINITY_DN18092_c0_g1	-2.46240577648318	NA	NA
TRINITY_DN18093_c0_g1	-0.565085491833332	NA	NA
TRINITY_DN18094_c0_g1	-2.12599672253002	NA	NA
TRINITY_DN18095_c0_g1	1.80950231271155	NA	NA
TRINITY_DN18096_c0_g1	-0.518746502373082	NA	NA
TRINITY_DN18097_c0_g1	0.799708554956774	NA	NA
TRINITY_DN18098_c0_g1	-1.50576064523823	NA	NA
TRINITY_DN181_c0_g1	-0.303327218196058	0.999155368198447	NA
TRINITY_DN181_c0_g1	-0.303327218196058	0.999155368198447	NA
TRINITY_DN181_c0_g1	-0.303327218196058	0.999155368198447	NA
TRINITY_DN181_c0_g1	-0.303327218196058	0.999155368198447	NA
TRINITY_DN1810_c0_g1	-0.556980507793434	NA	NA
TRINITY_DN18100_c0_g1	1.65984158719092	NA	NA
TRINITY_DN18101_c0_g1	0.214959992846454	NA	NA
TRINITY_DN18102_c0_g1	-1.52237678933332	NA	NA
TRINITY_DN18103_c0_g1	1.65885965194308	NA	NA
TRINITY_DN18104_c0_g1	0.381737133293554	NA	NA
TRINITY_DN18105_c0_g1	0.0282116157290794	NA	NA
TRINITY_DN18106_c0_g1	-2.05941012221957	NA	NA
TRINITY_DN18107_c0_g1	-2.12599672253002	NA	NA
TRINITY_DN18108_c0_g1	-2.95497758738119	NA	NA
TRINITY_DN1811_c0_g1	1.96698648603406	NA	NA
TRINITY_DN1811_c0_g1	1.96698648603406	NA	NA
TRINITY_DN18110_c0_g1	0.202617716015415	NA	NA
TRINITY_DN18111_c0_g1	-0.571744835163362	NA	NA
TRINITY_DN18112_c0_g1	-3.1015015402235	NA	NA
TRINITY_DN18116_c0_g1	-1.4757981686824	NA	NA
TRINITY_DN18117_c0_g1	-1.52237678933332	NA	NA
TRINITY_DN18118_c0_g1	-1.45746470731771	NA	NA
TRINITY_DN18119_c0_g1	-1.52237678933332	NA	NA
TRINITY_DN1812_c0_g1	2.40136218777006	NA	NA
TRINITY_DN1812_c0_g2	-0.534130928934338	NA	NA
TRINITY_DN18121_c0_g1	-1.45746470731771	NA	NA
TRINITY_DN18122_c0_g1	1.76208259853803	NA	NA
TRINITY_DN18123_c0_g1	-2.12599672253002	NA	NA
TRINITY_DN18124_c0_g1	-2.02725238465218	NA	NA
TRINITY_DN18125_c0_g1	-2.05943193457802	NA	NA
TRINITY_DN18126_c0_g1	-2.08967454579364	NA	NA
TRINITY_DN18127_c0_g1	-2.04592757371283	NA	NA
TRINITY_DN18128_c0_g1	-2.0988824269282	NA	NA
TRINITY_DN18129_c0_g1	-2.0593948855812	NA	NA
TRINITY_DN18130_c0_g1	2.75905656485706	NA	NA
TRINITY_DN18131_c0_g1	-0.478635760434465	NA	NA
TRINITY_DN18132_c0_g1	0.897010784528215	NA	NA
TRINITY_DN18135_c0_g1	-1.50576064523823	NA	NA
TRINITY_DN18136_c0_g1	0.203973917192593	NA	NA
TRINITY_DN18138_c0_g1	-0.25851207717576	NA	NA
TRINITY_DN18139_c0_g1	-0.521708912691745	NA	NA
TRINITY_DN18141_c0_g1	2.86279211382665	NA	NA
TRINITY_DN18142_c0_g1	-2.08157198967526	NA	NA
TRINITY_DN18143_c0_g1	1.83481137355833	NA	NA
TRINITY_DN18145_c0_g1	-1.28170462024984	NA	NA
TRINITY_DN18146_c0_g1	0.448119140757304	NA	NA
TRINITY_DN18147_c0_g1	-2.08634509484185	NA	NA
TRINITY_DN18148_c0_g1	-1.81364396209847	NA	NA
TRINITY_DN1815_c0_g1	0.652326077550581	0.999155368198447	NA
TRINITY_DN1815_c0_g2	-0.215377064774786	0.999155368198447	NA
TRINITY_DN1815_c0_g2	-0.215377064774786	0.999155368198447	NA
TRINITY_DN18150_c0_g1	-1.10782740823939	NA	NA
TRINITY_DN18152_c0_g1	0.212672691246304	NA	NA
TRINITY_DN18153_c0_g1	-1.50868855806293	NA	NA
TRINITY_DN18154_c0_g1	1.86008621251346	NA	NA
TRINITY_DN18156_c0_g1	-2.12599672253002	NA	NA
TRINITY_DN18157_c0_g1	-1.52237678933332	NA	NA
TRINITY_DN1816_c0_g1	2.09082844223963	NA	NA
TRINITY_DN18160_c0_g1	-1.99987284096263	NA	NA
TRINITY_DN18161_c0_g1	2.4152264054545	NA	NA
TRINITY_DN18163_c0_g1	-2.06542539590727	NA	NA
TRINITY_DN18165_c0_g1	1.86008621251346	NA	NA
TRINITY_DN18166_c0_g1	-2.09302402147116	NA	NA
TRINITY_DN18168_c0_g1	2.44725580814198	NA	NA
TRINITY_DN18169_c0_g1	-2.08125705225611	NA	NA
TRINITY_DN1817_c0_g1	-0.61587195478664	NA	NA
TRINITY_DN18170_c0_g1	-1.51408937232975	NA	NA
TRINITY_DN18172_c0_g1	-2.50208100779182	NA	NA
TRINITY_DN18173_c0_g1	0.949019799416631	NA	NA
TRINITY_DN18174_c0_g1	0.207488830077132	NA	NA
TRINITY_DN18175_c0_g1	1.1385879341768	NA	NA
TRINITY_DN18176_c0_g1	-1.45746470731771	NA	NA
TRINITY_DN18177_c0_g1	2.39117255680014	NA	NA
TRINITY_DN18178_c0_g1	-1.06950366387668	NA	NA
TRINITY_DN18179_c0_g1	-0.559894312220807	NA	NA
TRINITY_DN18180_c0_g1	-2.09895141243509	NA	NA
TRINITY_DN18181_c0_g1	1.39048855473377	NA	NA
TRINITY_DN18182_c0_g1	0.967543629662229	NA	NA
TRINITY_DN18183_c0_g1	0.373090873666337	NA	NA
TRINITY_DN18184_c0_g1	2.39439602029138	NA	NA
TRINITY_DN18185_c0_g1	-1.89424917531567	NA	NA
TRINITY_DN18186_c0_g1	-0.56630338359498	NA	NA
TRINITY_DN18188_c0_g1	0.969173703700516	NA	NA
TRINITY_DN1819_c0_g1	0.0101716771731933	0.999155368198447	NA
TRINITY_DN18191_c0_g1	1.86008621251346	NA	NA
TRINITY_DN18192_c0_g1	1.76208259853803	NA	NA
TRINITY_DN18193_c0_g1	-2.12599672253002	NA	NA
TRINITY_DN18195_c0_g1	-1.50675746922896	NA	NA
TRINITY_DN18196_c0_g1	-1.85083316958276	NA	NA
TRINITY_DN18197_c0_g1	1.03327245528121	NA	NA
TRINITY_DN18199_c0_g1	0.988739418286668	NA	NA
TRINITY_DN182_c0_g1	0.48946658362364	0.999155368198447	NA
TRINITY_DN1820_c0_g1	-2.49718219626513	NA	NA
TRINITY_DN18200_c0_g1	0.208784087855068	NA	NA
TRINITY_DN18203_c0_g1	0.199605155378804	NA	NA
TRINITY_DN18204_c0_g1	1.10336655511059	NA	NA
TRINITY_DN18206_c0_g1	-0.461701308979104	NA	NA
TRINITY_DN18207_c0_g1	-2.09896245917404	NA	NA
TRINITY_DN18209_c0_g1	-1.52237678933332	NA	NA
TRINITY_DN1821_c0_g1	1.86008621251346	NA	NA
TRINITY_DN18214_c0_g1	-2.10003135506952	NA	NA
TRINITY_DN18215_c0_g1	0.770083075956377	NA	NA
TRINITY_DN18216_c0_g1	-0.520879373469725	NA	NA
TRINITY_DN18217_c0_g1	-1.51807154720192	NA	NA
TRINITY_DN18218_c0_g1	-0.517291025118831	NA	NA
TRINITY_DN1822_c0_g1	-1.00028691002831	NA	NA
TRINITY_DN1822_c0_g2	2.83219750383069	NA	NA
TRINITY_DN18220_c0_g1	0.914501092495741	NA	NA
TRINITY_DN18223_c0_g1	-1.44409007275358	NA	NA
TRINITY_DN18224_c0_g1	2.42408711782617	NA	NA
TRINITY_DN18225_c0_g1	-1.51159487005558	NA	NA
TRINITY_DN18226_c0_g1	-1.52237678933332	NA	NA
TRINITY_DN18227_c0_g1	1.76208259853803	NA	NA
TRINITY_DN18228_c0_g1	1.72816404903971	NA	NA
TRINITY_DN18230_c0_g1	1.76208259853803	NA	NA
TRINITY_DN18231_c0_g1	1.12191393672591	NA	NA
TRINITY_DN18232_c0_g1	2.34479942720385	NA	NA
TRINITY_DN18233_c0_g1	2.9082415440975	NA	NA
TRINITY_DN18234_c0_g1	-0.495974762287831	NA	NA
TRINITY_DN18236_c0_g1	-2.08482397787776	NA	NA
TRINITY_DN18237_c0_g1	-1.50576064523823	NA	NA
TRINITY_DN1824_c0_g1	1.69670550320316	NA	NA
TRINITY_DN18240_c0_g1	-2.08134676973634	NA	NA
TRINITY_DN18241_c0_g1	2.41601420096734	NA	NA
TRINITY_DN18242_c0_g1	0.341207700701099	NA	NA
TRINITY_DN18243_c0_g1	1.81102453374188	NA	NA
TRINITY_DN18244_c0_g1	1.70967489657832	NA	NA
TRINITY_DN18246_c0_g1	-2.08909580145833	NA	NA
TRINITY_DN18248_c0_g1	0.129879543111993	NA	NA
TRINITY_DN18249_c0_g1	2.79549527594491	NA	NA
TRINITY_DN1825_c0_g1	2.6890892693724	NA	NA
TRINITY_DN18250_c0_g1	-0.523501010963578	NA	NA
TRINITY_DN18251_c0_g1	3.6124611230936	NA	NA
TRINITY_DN18252_c0_g1	0.408752769712307	NA	NA
TRINITY_DN18253_c0_g1	-2.10998807186565	NA	NA
TRINITY_DN18254_c0_g1	-2.04487644766643	NA	NA
TRINITY_DN18255_c0_g1	-0.483514613165887	NA	NA
TRINITY_DN18256_c0_g1	-2.79841745223811	NA	NA
TRINITY_DN18259_c0_g1	-1.52237678933332	NA	NA
TRINITY_DN1826_c0_g1	-2.12599672253002	NA	NA
TRINITY_DN1826_c0_g2	1.1770973070056	NA	NA
TRINITY_DN18260_c0_g1	0.201234394921989	NA	NA
TRINITY_DN18261_c0_g1	0.212489537956114	NA	NA
TRINITY_DN18262_c0_g1	-1.4739677532594	NA	NA
TRINITY_DN18263_c0_g1	1.07215331161342	NA	NA
TRINITY_DN18265_c0_g1	2.39025632514435	NA	NA
TRINITY_DN18266_c0_g1	-1.45746470731771	NA	NA
TRINITY_DN18267_c0_g1	0.940115830930217	NA	NA
TRINITY_DN18268_c0_g1	1.6456266153791	NA	NA
TRINITY_DN18269_c0_g1	0.189477356948122	NA	NA
TRINITY_DN1827_c0_g1	-2.05926460122364	NA	NA
TRINITY_DN1827_c0_g2	0.356322571806674	NA	NA
TRINITY_DN18270_c0_g1	-2.51831569396837	NA	NA
TRINITY_DN18271_c0_g1	1.02159605387956	NA	NA
TRINITY_DN18272_c0_g1	-1.45746470731771	NA	NA
TRINITY_DN18273_c0_g1	1.13770651306449	NA	NA
TRINITY_DN18274_c0_g1	-2.79138535027335	NA	NA
TRINITY_DN18275_c0_g1	0.221299238568747	NA	NA
TRINITY_DN18276_c0_g1	1.09186364984599	NA	NA
TRINITY_DN18278_c0_g1	-0.561582677005636	NA	NA
TRINITY_DN18279_c0_g1	0.17921766524999	NA	NA
TRINITY_DN1828_c0_g1	2.12594531944739	NA	NA
TRINITY_DN1828_c0_g2	-0.111802836469646	NA	NA
TRINITY_DN1828_c0_g2	-0.111802836469646	NA	NA
TRINITY_DN18280_c0_g1	0.195162331740737	NA	NA
TRINITY_DN18281_c0_g1	0.180513729916891	NA	NA
TRINITY_DN18282_c0_g1	-2.49043605870125	NA	NA
TRINITY_DN18283_c0_g1	-0.579409656882539	NA	NA
TRINITY_DN18284_c0_g1	-2.06389902215901	NA	NA
TRINITY_DN18285_c0_g1	-2.1084408523267	NA	NA
TRINITY_DN18286_c0_g1	1.86008621251346	NA	NA
TRINITY_DN18287_c0_g1	-0.50580574830522	NA	NA
TRINITY_DN18289_c0_g1	-1.51408937232975	NA	NA
TRINITY_DN1829_c0_g1	-0.413357153635205	NA	NA
TRINITY_DN18290_c0_g1	-0.571980800167271	NA	NA
TRINITY_DN18291_c0_g1	1.12645556088472	NA	NA
TRINITY_DN18292_c0_g1	2.40445989720731	NA	NA
TRINITY_DN18294_c0_g1	-2.51847851647989	NA	NA
TRINITY_DN18295_c0_g1	2.40147970684005	NA	NA
TRINITY_DN18296_c0_g1	-0.521177026120786	NA	NA
TRINITY_DN18297_c0_g1	2.818946369487	NA	NA
TRINITY_DN18298_c0_g1	1.10321360727708	NA	NA
TRINITY_DN18299_c0_g1	-1.50576064523823	NA	NA
TRINITY_DN183_c0_g1	-0.678560117074034	0.999155368198447	NA
TRINITY_DN183_c0_g1	-0.678560117074034	0.999155368198447	NA
TRINITY_DN1830_c0_g1	-0.456622338970001	0.999155368198447	NA
TRINITY_DN1830_c0_g1	-0.456622338970001	0.999155368198447	NA
TRINITY_DN18301_c0_g1	1.64619351520369	NA	NA
TRINITY_DN18302_c0_g1	-1.52237678933332	NA	NA
TRINITY_DN18304_c0_g1	1.06710343082044	NA	NA
TRINITY_DN18305_c0_g1	1.86008621251346	NA	NA
TRINITY_DN18306_c0_g1	0.183825387842391	NA	NA
TRINITY_DN18307_c0_g1	1.09020665560192	NA	NA
TRINITY_DN18309_c0_g1	-1.99987284096263	NA	NA
TRINITY_DN1831_c0_g1	-2.83356330822012	NA	NA
TRINITY_DN18310_c0_g1	-1.45746470731771	NA	NA
TRINITY_DN18312_c0_g1	1.68142992766817	NA	NA
TRINITY_DN18314_c0_g1	-0.0967454052281257	NA	NA
TRINITY_DN18315_c0_g1	-1.51408937232975	NA	NA
TRINITY_DN18316_c0_g1	0.413683312991712	NA	NA
TRINITY_DN18317_c0_g1	1.39840394521224	NA	NA
TRINITY_DN18319_c0_g1	2.42093258921156	NA	NA
TRINITY_DN1832_c0_g1	1.7001035963458	NA	NA
TRINITY_DN18320_c0_g1	0.350858165453104	NA	NA
TRINITY_DN18321_c0_g1	1.08074352950723	NA	NA
TRINITY_DN18322_c0_g1	-1.50576064523823	NA	NA
TRINITY_DN18323_c0_g1	0.183220425376891	NA	NA
TRINITY_DN18325_c0_g1	1.38972160613597	NA	NA
TRINITY_DN18326_c0_g1	1.07979556100462	NA	NA
TRINITY_DN18328_c0_g1	2.42641134876535	NA	NA
TRINITY_DN18329_c0_g1	-1.52237678933332	NA	NA
TRINITY_DN1833_c0_g1	-1.33403549853638	NA	NA
TRINITY_DN18330_c0_g1	-0.561349206694767	NA	NA
TRINITY_DN18331_c0_g1	1.13225366325154	NA	NA
TRINITY_DN18333_c0_g1	-1.10183076530431	NA	NA
TRINITY_DN18334_c0_g1	-1.50576064523823	NA	NA
TRINITY_DN18335_c0_g1	1.81099880604744	NA	NA
TRINITY_DN18336_c0_g1	1.86008621251346	NA	NA
TRINITY_DN18337_c0_g1	-0.768614095511196	NA	NA
TRINITY_DN1834_c0_g1	-3.0548041360205	NA	NA
TRINITY_DN18341_c0_g1	1.63286596261854	NA	NA
TRINITY_DN18342_c0_g1	-0.522412052171323	NA	NA
TRINITY_DN18344_c0_g1	1.11401488801564	NA	NA
TRINITY_DN18346_c0_g1	-0.51736376338566	NA	NA
TRINITY_DN18347_c0_g1	0.927642717768214	NA	NA
TRINITY_DN18348_c0_g1	1.86008621251346	NA	NA
TRINITY_DN18349_c0_g1	2.81790600275394	NA	NA
TRINITY_DN1835_c0_g1	-0.517145490249841	NA	NA
TRINITY_DN18350_c0_g1	1.11851546886354	NA	NA
TRINITY_DN18351_c0_g1	-1.51807154720192	NA	NA
TRINITY_DN18352_c0_g1	-0.492939907592527	NA	NA
TRINITY_DN18353_c0_g1	-0.564829571448024	NA	NA
TRINITY_DN18357_c0_g1	2.40110371384644	NA	NA
TRINITY_DN18358_c0_g1	1.83481432178851	NA	NA
TRINITY_DN18359_c0_g1	-0.472861586322014	NA	NA
TRINITY_DN1836_c0_g1	1.09589012001814	NA	NA
TRINITY_DN18360_c0_g1	-0.536993738441132	NA	NA
TRINITY_DN18362_c0_g1	-2.82376171462728	NA	NA
TRINITY_DN18365_c0_g1	-2.52667090725014	NA	NA
TRINITY_DN18366_c0_g1	-2.06367426037093	NA	NA
TRINITY_DN18367_c0_g1	0.91450109249574	NA	NA
TRINITY_DN18369_c0_g1	-0.49369900896224	NA	NA
TRINITY_DN18370_c0_g1	-1.51265304030433	NA	NA
TRINITY_DN18371_c0_g1	1.09444481845035	NA	NA
TRINITY_DN18372_c0_g1	-3.08147509511277	NA	NA
TRINITY_DN18373_c0_g1	-1.47741483782001	NA	NA
TRINITY_DN18374_c0_g1	1.11076446120072	NA	NA
TRINITY_DN18375_c0_g1	-2.44815791301588	NA	NA
TRINITY_DN18377_c0_g1	-0.499873268617251	NA	NA
TRINITY_DN18378_c0_g1	-1.51408937232975	NA	NA
TRINITY_DN18379_c0_g1	0.367023412195088	NA	NA
TRINITY_DN1838_c0_g1	2.1436106360909	NA	NA
TRINITY_DN1838_c0_g2	-0.768614095511196	NA	NA
TRINITY_DN18380_c0_g1	-0.768614095511196	NA	NA
TRINITY_DN18381_c0_g1	-1.52237678933332	NA	NA
TRINITY_DN18382_c0_g1	-0.768614095511196	NA	NA
TRINITY_DN18383_c0_g1	0.342991437236507	NA	NA
TRINITY_DN18385_c0_g1	-0.547247135539588	NA	NA
TRINITY_DN18386_c0_g1	0.1742710508452	NA	NA
TRINITY_DN18387_c0_g1	-0.10326866492132	NA	NA
TRINITY_DN18388_c0_g1	-1.52237678933332	NA	NA
TRINITY_DN1839_c0_g1	0.394930855446713	NA	NA
TRINITY_DN18390_c0_g1	1.86008621251346	NA	NA
TRINITY_DN18391_c0_g1	1.83475109352073	NA	NA
TRINITY_DN18394_c0_g1	0.914501092495741	NA	NA
TRINITY_DN18395_c0_g1	-2.08134676973634	NA	NA
TRINITY_DN18397_c0_g1	0.188989617901155	NA	NA
TRINITY_DN18399_c0_g1	0.194315077992774	NA	NA
TRINITY_DN184_c0_g1	-0.438251660353689	0.999155368198447	NA
TRINITY_DN184_c0_g1	-0.438251660353689	0.999155368198447	NA
TRINITY_DN184_c0_g2	0.989871378197721	0.999155368198447	NA
TRINITY_DN18400_c0_g1	-1.51807154720192	NA	NA
TRINITY_DN18403_c0_g1	-2.83378123650658	NA	NA
TRINITY_DN18405_c0_g1	-1.50576064523823	NA	NA
TRINITY_DN18406_c0_g1	1.12129567608245	NA	NA
TRINITY_DN18407_c0_g1	0.350889811829104	NA	NA
TRINITY_DN18408_c0_g1	0.391739556504112	NA	NA
TRINITY_DN18409_c0_g1	-1.12091702639516	NA	NA
TRINITY_DN1841_c0_g1	-0.278782237347498	NA	NA
TRINITY_DN18410_c0_g1	0.181018081997724	NA	NA
TRINITY_DN18411_c0_g1	-1.5127694217365	NA	NA
TRINITY_DN18412_c0_g1	-0.514174858076019	NA	NA
TRINITY_DN18413_c0_g1	0.188865493576573	NA	NA
TRINITY_DN18414_c0_g1	-1.52237678933332	NA	NA
TRINITY_DN18415_c0_g1	1.0970843163595	NA	NA
TRINITY_DN18416_c0_g1	-0.478516991191752	NA	NA
TRINITY_DN18417_c0_g1	0.212972001744721	NA	NA
TRINITY_DN18418_c0_g1	-1.45746470731771	NA	NA
TRINITY_DN18419_c0_g1	-1.52237678933332	NA	NA
TRINITY_DN1842_c0_g1	1.72991903091147	NA	NA
TRINITY_DN18420_c0_g1	2.42322725677898	NA	NA
TRINITY_DN18422_c0_g1	1.10038461314654	NA	NA
TRINITY_DN18423_c0_g1	1.78582476717694	NA	NA
TRINITY_DN18425_c0_g1	-2.02725238465218	NA	NA
TRINITY_DN18427_c0_g1	2.42604131833541	NA	NA
TRINITY_DN18429_c0_g1	-0.542828436436582	NA	NA
TRINITY_DN1843_c0_g1	1.40235524975398	NA	NA
TRINITY_DN1843_c0_g2	0.0168047448779761	0.999155368198447	NA
TRINITY_DN18430_c0_g1	-2.52701394764663	NA	NA
TRINITY_DN18431_c0_g1	0.365369624095418	NA	NA
TRINITY_DN18432_c0_g1	1.80950231271155	NA	NA
TRINITY_DN18433_c0_g1	1.80950231271155	NA	NA
TRINITY_DN18434_c0_g1	-2.0659847377303	NA	NA
TRINITY_DN18438_c0_g1	-1.50952567645087	NA	NA
TRINITY_DN18439_c0_g1	-1.51408937232975	NA	NA
TRINITY_DN1844_c0_g1	-2.78992088465745	NA	NA
TRINITY_DN18440_c0_g1	0.914501092495741	NA	NA
TRINITY_DN18441_c0_g1	-0.462581436369052	NA	NA
TRINITY_DN18442_c0_g1	1.76208259853803	NA	NA
TRINITY_DN18445_c0_g1	1.12457784583745	NA	NA
TRINITY_DN18447_c0_g1	-2.03007654002814	NA	NA
TRINITY_DN18448_c0_g1	-0.768614095511196	NA	NA
TRINITY_DN1845_c0_g1	-0.388199248344112	0.999155368198447	NA
TRINITY_DN18450_c0_g1	-0.768614095511196	NA	NA
TRINITY_DN18452_c0_g1	1.86008621251346	NA	NA
TRINITY_DN18455_c0_g1	0.91450109249574	NA	NA
TRINITY_DN1846_c0_g1	-0.381680301289626	0.999155368198447	NA
TRINITY_DN1846_c0_g1	-0.381680301289626	0.999155368198447	NA
TRINITY_DN1846_c0_g1	-0.381680301289626	0.999155368198447	NA
TRINITY_DN1846_c0_g1	-0.381680301289626	0.999155368198447	NA
TRINITY_DN1846_c0_g1	-0.381680301289626	0.999155368198447	NA
TRINITY_DN1847_c0_g1	-0.724686180229447	NA	NA
TRINITY_DN1848_c0_g1	1.39270864573597	NA	NA
TRINITY_DN1849_c0_g1	0.91450109249574	NA	NA
TRINITY_DN1849_c0_g2	0.357112816935333	NA	NA
TRINITY_DN185_c0_g1	0.672120710622433	0.999155368198447	NA
TRINITY_DN1850_c0_g1	-0.434758975818361	NA	NA
TRINITY_DN1850_c0_g1	-0.434758975818361	NA	NA
TRINITY_DN1851_c0_g1	1.83481260794372	NA	NA
TRINITY_DN1851_c0_g2	0.425018204702717	NA	NA
TRINITY_DN1853_c0_g1	-1.41815017025836	NA	NA
TRINITY_DN1854_c0_g1	-3.48073206171459	NA	NA
TRINITY_DN1855_c0_g1	3.26283933023449	NA	NA
TRINITY_DN1856_c0_g1	1.14721745270743	NA	NA
TRINITY_DN1857_c0_g1	-0.619665309404379	NA	NA
TRINITY_DN1859_c0_g1	2.39439602029138	NA	NA
TRINITY_DN186_c0_g1	0.257067509865158	0.999155368198447	NA
TRINITY_DN186_c0_g1	0.257067509865158	0.999155368198447	NA
TRINITY_DN186_c0_g1	0.257067509865158	0.999155368198447	NA
TRINITY_DN186_c0_g2	0.174431485838549	0.999155368198447	NA
TRINITY_DN186_c0_g2	0.174431485838549	0.999155368198447	NA
TRINITY_DN1860_c0_g1	-2.09385606795186	NA	NA
TRINITY_DN1861_c0_g1	0.357706626815278	NA	NA
TRINITY_DN1862_c0_g1	0.798114600450731	NA	NA
TRINITY_DN1864_c0_g1	-1.47541674639116	NA	NA
TRINITY_DN1864_c0_g2	0.088400016507654	NA	NA
TRINITY_DN1865_c0_g1	-2.54158249550552	NA	NA
TRINITY_DN1866_c0_g1	-1.34068704558024	NA	NA
TRINITY_DN1867_c0_g1	0.681621103286126	0.999155368198447	NA
TRINITY_DN1867_c0_g1	0.681621103286126	0.999155368198447	NA
TRINITY_DN1868_c0_g1	-0.226229089815343	NA	NA
TRINITY_DN1868_c0_g2	0.467407487025174	NA	NA
TRINITY_DN1869_c0_g1	-2.80513441936577	NA	NA
TRINITY_DN187_c0_g1	-0.514581886283482	0.999155368198447	NA
TRINITY_DN1870_c0_g1	-0.881540845123385	NA	NA
TRINITY_DN1871_c0_g1	1.6351136278939	NA	NA
TRINITY_DN1871_c0_g2	-1.58871464113732	NA	NA
TRINITY_DN1872_c0_g1	0.172135286853554	NA	NA
TRINITY_DN1873_c0_g1	-0.905483861380141	NA	NA
TRINITY_DN1874_c0_g1	1.21975822000342	NA	NA
TRINITY_DN1875_c0_g1	-2.81058417450183	NA	NA
TRINITY_DN1876_c0_g1	-0.371568598241092	0.999155368198447	NA
TRINITY_DN1878_c0_g1	-1.17348180907684	0.999155368198447	NA
TRINITY_DN1878_c0_g1	-1.17348180907684	0.999155368198447	NA
TRINITY_DN1879_c0_g1	-0.00298838529995462	NA	NA
TRINITY_DN188_c0_g1	-0.483314392066617	0.999155368198447	NA
TRINITY_DN188_c0_g1	-0.483314392066617	0.999155368198447	NA
TRINITY_DN188_c0_g1	-0.483314392066617	0.999155368198447	NA
TRINITY_DN1880_c0_g1	-2.5043188381588	NA	NA
TRINITY_DN1880_c0_g2	-1.86913883846072	NA	NA
TRINITY_DN1881_c0_g1	-0.778435120178463	0.999155368198447	NA
TRINITY_DN1882_c0_g1	-0.600501295528521	NA	NA
TRINITY_DN1882_c0_g2	1.76208259853803	NA	NA
TRINITY_DN1882_c0_g3	-0.62371149028378	NA	NA
TRINITY_DN1883_c0_g1	-2.41185017338999	0.999155368198447	NA
TRINITY_DN1884_c0_g1	-0.406103115617572	NA	NA
TRINITY_DN1884_c0_g2	1.40451852787516	NA	NA
TRINITY_DN1885_c0_g1	-1.21224387916547	NA	NA
TRINITY_DN1885_c0_g2	1.38211679429992	NA	NA
TRINITY_DN1886_c0_g1	-1.51408937232975	NA	NA
TRINITY_DN1887_c0_g1	-2.51829936139341	NA	NA
TRINITY_DN1888_c0_g1	1.39950092588995	NA	NA
TRINITY_DN1888_c0_g2	-0.535133611155237	NA	NA
TRINITY_DN1888_c0_g2	-0.535133611155237	NA	NA
TRINITY_DN1889_c0_g1	-1.27918766736846	NA	NA
TRINITY_DN1889_c0_g2	0.390963929721946	NA	NA
TRINITY_DN189_c0_g1	0.0504861711430862	0.999155368198447	NA
TRINITY_DN189_c0_g1	0.0504861711430862	0.999155368198447	NA
TRINITY_DN1890_c0_g1	-0.53093164730226	NA	NA
TRINITY_DN1890_c0_g2	0.189256168105845	0.999155368198447	NA
TRINITY_DN1891_c0_g1	-0.482502005236781	NA	NA
TRINITY_DN1891_c1_g1	2.1466842633406	NA	NA
TRINITY_DN1892_c0_g1	0.817052871845254	NA	NA
TRINITY_DN1892_c0_g2	0.0443026751363105	NA	NA
TRINITY_DN1893_c0_g1	0.388315427892332	NA	NA
TRINITY_DN1894_c0_g1	-0.828775897491433	0.999155368198447	NA
TRINITY_DN1895_c0_g1	0.869794192959674	NA	NA
TRINITY_DN1896_c0_g1	-3.1955763951262	NA	NA
TRINITY_DN1896_c0_g2	0.183006882192023	NA	NA
TRINITY_DN1897_c0_g1	0.990553917440154	NA	NA
TRINITY_DN1898_c0_g1	0.590803961784743	NA	NA
TRINITY_DN1898_c0_g2	-2.08344878103405	NA	NA
TRINITY_DN1899_c0_g1	2.38254216807943	NA	NA
TRINITY_DN19_c0_g1	-0.311717967177235	0.999155368198447	NA
TRINITY_DN19_c0_g1	-0.311717967177235	0.999155368198447	NA
TRINITY_DN190_c0_g1	-0.43332277787225	NA	NA
TRINITY_DN190_c0_g2	-0.934243445198097	NA	NA
TRINITY_DN1900_c0_g1	-2.32571551030188	NA	NA
TRINITY_DN1901_c0_g1	-1.4738029765781	NA	NA
TRINITY_DN1901_c0_g2	-0.588009065724057	NA	NA
TRINITY_DN1902_c0_g1	0.330544975647938	NA	NA
TRINITY_DN1902_c0_g2	0.91450109249574	NA	NA
TRINITY_DN1903_c0_g1	-0.533071362675582	NA	NA
TRINITY_DN1904_c0_g1	1.76208259853803	NA	NA
TRINITY_DN1905_c0_g1	-2.10426790842344	NA	NA
TRINITY_DN1906_c0_g1	0.942759039177833	NA	NA
TRINITY_DN1906_c0_g1	0.942759039177833	NA	NA
TRINITY_DN1907_c0_g1	0.678673946275131	NA	NA
TRINITY_DN1907_c0_g2	1.40362997176331	NA	NA
TRINITY_DN1908_c0_g1	-2.51829710411298	NA	NA
TRINITY_DN1908_c0_g2	-1.47443224030955	NA	NA
TRINITY_DN1909_c0_g1	-0.859975462162422	NA	NA
TRINITY_DN1909_c0_g2	-3.09516412543586	NA	NA
TRINITY_DN191_c0_g1	0.296044029375407	0.999155368198447	NA
TRINITY_DN191_c0_g1	0.296044029375407	0.999155368198447	NA
TRINITY_DN191_c0_g1	0.296044029375407	0.999155368198447	NA
TRINITY_DN191_c0_g1	0.296044029375407	0.999155368198447	NA
TRINITY_DN191_c0_g1	0.296044029375407	0.999155368198447	NA
TRINITY_DN191_c0_g1	0.296044029375407	0.999155368198447	NA
TRINITY_DN1910_c0_g1	-0.209077666688973	NA	NA
TRINITY_DN1911_c0_g1	-0.854752413365234	0.999155368198447	NA
TRINITY_DN1912_c0_g1	1.37093899379453	NA	NA
TRINITY_DN1912_c0_g1	1.37093899379453	NA	NA
TRINITY_DN1912_c0_g2	2.14303605036836	NA	NA
TRINITY_DN1913_c0_g1	-0.576659063029591	NA	NA
TRINITY_DN1913_c0_g2	-0.776178333992991	NA	NA
TRINITY_DN1913_c0_g3	-0.627058131188743	NA	NA
TRINITY_DN1914_c0_g1	0.0769427643621347	0.999155368198447	NA
TRINITY_DN1914_c0_g2	0.994774342355109	NA	NA
TRINITY_DN1915_c0_g1	0.262250407306717	0.999155368198447	NA
TRINITY_DN1915_c0_g1	0.262250407306717	0.999155368198447	NA
TRINITY_DN1916_c0_g1	-2.84609187957802	NA	NA
TRINITY_DN1917_c0_g1	0.83731506915825	NA	NA
TRINITY_DN1917_c0_g2	-2.08503223081752	NA	NA
TRINITY_DN1918_c0_g1	-2.09378152924989	NA	NA
TRINITY_DN1919_c0_g1	-2.48379579815706	NA	NA
TRINITY_DN1919_c0_g2	-0.0882584833084898	NA	NA
TRINITY_DN192_c0_g1	-0.78938143790657	0.999155368198447	NA
TRINITY_DN192_c0_g1	-0.78938143790657	0.999155368198447	NA
TRINITY_DN192_c0_g1	-0.78938143790657	0.999155368198447	NA
TRINITY_DN192_c0_g2	0.246877797970413	NA	NA
TRINITY_DN192_c1_g1	-0.65178729395169	0.999155368198447	NA
TRINITY_DN192_c1_g1	-0.65178729395169	0.999155368198447	NA
TRINITY_DN192_c1_g1	-0.65178729395169	0.999155368198447	NA
TRINITY_DN1920_c0_g1	-0.644679758584416	NA	NA
TRINITY_DN1921_c0_g1	2.56525058915327	NA	NA
TRINITY_DN1921_c0_g1	2.56525058915327	NA	NA
TRINITY_DN1921_c0_g2	-2.80406084867727	NA	NA
TRINITY_DN1922_c0_g1	-1.09662602874336	NA	NA
TRINITY_DN1923_c0_g1	-1.51014247212817	NA	NA
TRINITY_DN1924_c0_g1	-1.02933318261826	NA	NA
TRINITY_DN1925_c0_g1	-1.39518587930449	NA	NA
TRINITY_DN1926_c0_g1	-1.96672493911118	NA	NA
TRINITY_DN1927_c0_g1	-0.361737946468874	0.999155368198447	NA
TRINITY_DN1927_c0_g1	-0.361737946468874	0.999155368198447	NA
TRINITY_DN1927_c0_g1	-0.361737946468874	0.999155368198447	NA
TRINITY_DN1927_c0_g2	-1.58857929609451	NA	NA
TRINITY_DN1928_c0_g1	-2.4877108564797	NA	NA
TRINITY_DN1928_c0_g2	-0.203923968351158	NA	NA
TRINITY_DN1929_c0_g1	-1.0948320576204	NA	NA
TRINITY_DN193_c0_g1	0.983402461798705	0.721939793464008	NA
TRINITY_DN193_c0_g1	0.983402461798705	0.721939793464008	NA
TRINITY_DN1930_c0_g1	0.383687927090602	NA	NA
TRINITY_DN1930_c0_g2	-1.47716771380372	NA	NA
TRINITY_DN1931_c0_g1	0.40825316303531	NA	NA
TRINITY_DN1931_c0_g2	-0.629614277264737	NA	NA
TRINITY_DN1932_c0_g1	-3.829477322553	NA	NA
TRINITY_DN1933_c0_g1	0.626052667927218	NA	NA
TRINITY_DN1933_c0_g2	-2.08134676973634	NA	NA
TRINITY_DN1935_c0_g1	0.989878385323597	NA	NA
TRINITY_DN1936_c0_g1	-0.92915610525782	NA	NA
TRINITY_DN1936_c0_g2	-0.0876023415209584	0.999155368198447	NA
TRINITY_DN1936_c0_g2	-0.0876023415209584	0.999155368198447	NA
TRINITY_DN1937_c0_g1	0.406685284958548	NA	NA
TRINITY_DN1937_c0_g2	2.69657348108891	NA	NA
TRINITY_DN1938_c0_g1	-0.0407204837602339	NA	NA
TRINITY_DN1938_c0_g2	-1.45746470731771	NA	NA
TRINITY_DN1939_c0_g1	0.768326020630759	NA	NA
TRINITY_DN194_c0_g1	0.104596945786087	0.999155368198447	NA
TRINITY_DN194_c0_g1	0.104596945786087	0.999155368198447	NA
TRINITY_DN194_c0_g1	0.104596945786087	0.999155368198447	NA
TRINITY_DN194_c0_g1	0.104596945786087	0.999155368198447	NA
TRINITY_DN194_c0_g1	0.104596945786087	0.999155368198447	NA
TRINITY_DN194_c1_g1	-1.35916049366484	0.999155368198447	NA
TRINITY_DN194_c1_g1	-1.35916049366484	0.999155368198447	NA
TRINITY_DN194_c1_g1	-1.35916049366484	0.999155368198447	NA
TRINITY_DN194_c1_g1	-1.35916049366484	0.999155368198447	NA
TRINITY_DN194_c1_g1	-1.35916049366484	0.999155368198447	NA
TRINITY_DN194_c1_g2	-1.42322871192527	0.999155368198447	NA
TRINITY_DN194_c1_g2	-1.42322871192527	0.999155368198447	NA
TRINITY_DN1940_c0_g1	-0.178296864231217	NA	NA
TRINITY_DN1941_c0_g1	-1.60930255389032	NA	NA
TRINITY_DN1941_c0_g2	-0.534256397430245	0.999155368198447	NA
TRINITY_DN1942_c0_g1	-3.20656353067666	0.67309309208485	NA
TRINITY_DN1942_c0_g2	-0.638193371304272	NA	NA
TRINITY_DN1942_c0_g3	1.21289421007662	NA	NA
TRINITY_DN1942_c0_g4	-0.180829935058602	NA	NA
TRINITY_DN1943_c0_g1	2.55772323949504	NA	NA
TRINITY_DN1943_c0_g2	2.93295155036115	NA	NA
TRINITY_DN1944_c0_g1	1.45736245388619	NA	NA
TRINITY_DN1944_c0_g2	0.457002958118094	NA	NA
TRINITY_DN1945_c0_g1	1.19078588838824	NA	NA
TRINITY_DN1945_c0_g2	-3.29398507364754	NA	NA
TRINITY_DN1946_c0_g1	-0.0297326549320651	NA	NA
TRINITY_DN1946_c0_g2	0.14366013459799	NA	NA
TRINITY_DN1946_c0_g3	-3.08908866025126	NA	NA
TRINITY_DN1947_c0_g1	0.738004992337819	NA	NA
TRINITY_DN1948_c0_g1	-0.433687270774519	NA	NA
TRINITY_DN1949_c0_g1	-0.844164787473787	NA	NA
TRINITY_DN195_c0_g1	4.82296412985117	0.021187945148847	NA
TRINITY_DN195_c0_g1	4.82296412985117	0.021187945148847	NA
TRINITY_DN1950_c0_g1	0.37361532581477	NA	NA
TRINITY_DN1951_c0_g1	0.969679919858435	NA	NA
TRINITY_DN1951_c0_g2	-1.20640686839181	NA	NA
TRINITY_DN1952_c0_g1	1.07623348695511	NA	NA
TRINITY_DN1952_c0_g1	1.07623348695511	NA	NA
TRINITY_DN1953_c0_g1	-1.22525597425479	NA	NA
TRINITY_DN1954_c0_g1	0.164552168827533	NA	NA
TRINITY_DN1954_c0_g2	0.442335404903426	NA	NA
TRINITY_DN1955_c0_g1	0.432113792741779	NA	NA
TRINITY_DN1956_c0_g1	-0.594916514748844	NA	NA
TRINITY_DN1956_c0_g2	-0.440321536086864	NA	NA
TRINITY_DN1956_c0_g3	-3.48760132770462	NA	NA
TRINITY_DN1956_c0_g4	-0.348410051217459	NA	NA
TRINITY_DN1957_c0_g1	-0.606352173556695	NA	NA
TRINITY_DN1958_c0_g1	0.611846889639972	NA	NA
TRINITY_DN1958_c0_g2	-0.48250330293156	0.999155368198447	NA
TRINITY_DN1959_c0_g1	0.315002724683923	NA	NA
TRINITY_DN196_c0_g1	-0.559260001741223	0.999155368198447	NA
TRINITY_DN196_c0_g1	-0.559260001741223	0.999155368198447	NA
TRINITY_DN196_c0_g1	-0.559260001741223	0.999155368198447	NA
TRINITY_DN1960_c0_g1	-2.85910358587933	NA	NA
TRINITY_DN1961_c0_g1	0.27754711416369	0.999155368198447	NA
TRINITY_DN1961_c0_g1	0.27754711416369	0.999155368198447	NA
TRINITY_DN1962_c0_g1	0.289935150290916	NA	NA
TRINITY_DN1962_c0_g2	-0.768614095511196	NA	NA
TRINITY_DN1963_c0_g2	0.113422103661569	NA	NA
TRINITY_DN1963_c0_g3	1.12748818607415	NA	NA
TRINITY_DN1964_c0_g1	-2.07894970799769	NA	NA
TRINITY_DN1964_c0_g2	0.145553120154189	NA	NA
TRINITY_DN1964_c0_g3	-0.581932671259179	0.999155368198447	NA
TRINITY_DN1964_c0_g3	-0.581932671259179	0.999155368198447	NA
TRINITY_DN1964_c1_g1	-1.51408937232975	NA	NA
TRINITY_DN1964_c2_g1	-1.52814182432604	NA	NA
TRINITY_DN1965_c0_g1	0.247665929911135	0.999155368198447	NA
TRINITY_DN1965_c0_g1	0.247665929911135	0.999155368198447	NA
TRINITY_DN1965_c0_g1	0.247665929911135	0.999155368198447	NA
TRINITY_DN1966_c0_g1	0.0202496139126465	NA	NA
TRINITY_DN1966_c0_g2	-2.12599672253002	NA	NA
TRINITY_DN1967_c0_g1	-0.310721894432578	0.999155368198447	NA
TRINITY_DN1968_c0_g1	1.66015584660507	NA	NA
TRINITY_DN1969_c0_g1	-4.65687050995446	NA	NA
TRINITY_DN197_c0_g1	8.2655113632502	6.93606130379296e-10	NA
TRINITY_DN197_c0_g1	8.2655113632502	6.93606130379296e-10	NA
TRINITY_DN197_c0_g1	8.2655113632502	6.93606130379296e-10	NA
TRINITY_DN197_c0_g1	8.2655113632502	6.93606130379296e-10	NA
TRINITY_DN197_c0_g2	-0.927931100916811	0.999155368198447	NA
TRINITY_DN197_c0_g2	-0.927931100916811	0.999155368198447	NA
TRINITY_DN197_c0_g2	-0.927931100916811	0.999155368198447	NA
TRINITY_DN1970_c0_g1	2.36098118206919	NA	NA
TRINITY_DN1971_c0_g1	2.44725580814198	NA	NA
TRINITY_DN1973_c0_g1	-1.41036712661176	NA	NA
TRINITY_DN1974_c0_g1	-0.768614095511196	NA	NA
TRINITY_DN1974_c0_g2	-2.10710459590197	NA	NA
TRINITY_DN1975_c0_g1	-1.18072359824664	NA	NA
TRINITY_DN1976_c0_g1	-2.49508833206137	NA	NA
TRINITY_DN1977_c0_g1	-0.516211566535643	NA	NA
TRINITY_DN1978_c0_g1	1.50217776211522	NA	NA
TRINITY_DN1979_c0_g1	-3.28908273905903	NA	NA
TRINITY_DN1979_c0_g2	0.412807156681351	NA	NA
TRINITY_DN1979_c0_g3	-1.6516846985816	NA	NA
TRINITY_DN1979_c0_g4	1.31729598710097	NA	NA
TRINITY_DN1979_c0_g6	1.72148589107592	NA	NA
TRINITY_DN198_c0_g1	-0.12520928538823	0.999155368198447	NA
TRINITY_DN198_c0_g1	-0.12520928538823	0.999155368198447	NA
TRINITY_DN198_c0_g1	-0.12520928538823	0.999155368198447	NA
TRINITY_DN198_c0_g2	0.414783908401118	0.999155368198447	NA
TRINITY_DN198_c0_g2	0.414783908401118	0.999155368198447	NA
TRINITY_DN198_c0_g2	0.414783908401118	0.999155368198447	NA
TRINITY_DN198_c0_g3	-0.509214865652988	NA	NA
TRINITY_DN198_c1_g1	-0.114870852197043	0.999155368198447	NA
TRINITY_DN198_c1_g1	-0.114870852197043	0.999155368198447	NA
TRINITY_DN198_c1_g1	-0.114870852197043	0.999155368198447	NA
TRINITY_DN198_c1_g1	-0.114870852197043	0.999155368198447	NA
TRINITY_DN198_c1_g2	0.502041268369836	0.999155368198447	NA
TRINITY_DN198_c1_g2	0.502041268369836	0.999155368198447	NA
TRINITY_DN198_c1_g2	0.502041268369836	0.999155368198447	NA
TRINITY_DN198_c1_g2	0.502041268369836	0.999155368198447	NA
TRINITY_DN198_c1_g2	0.502041268369836	0.999155368198447	NA
TRINITY_DN198_c2_g1	2.06865831363906	NA	NA
TRINITY_DN198_c3_g1	-0.337083837069142	0.999155368198447	NA
TRINITY_DN198_c4_g1	3.16229602458343	NA	NA
TRINITY_DN198_c5_g1	-0.130481907066664	0.999155368198447	NA
TRINITY_DN198_c5_g2	-1.19850266854611	0.999155368198447	NA
TRINITY_DN198_c5_g2	-1.19850266854611	0.999155368198447	NA
TRINITY_DN1980_c0_g1	0.391304440588339	NA	NA
TRINITY_DN1980_c0_g2	-2.10450962503192	NA	NA
TRINITY_DN1981_c0_g1	-2.12599672253002	NA	NA
TRINITY_DN1981_c0_g2	-2.66738839881542	NA	NA
TRINITY_DN1981_c0_g3	2.09639210800827	NA	NA
TRINITY_DN1981_c0_g4	-2.82649717388464	NA	NA
TRINITY_DN1981_c0_g5	-1.87765025483013	NA	NA
TRINITY_DN1981_c0_g6	1.6864926446585	NA	NA
TRINITY_DN1982_c0_g1	-1.52237678933332	NA	NA
TRINITY_DN1982_c0_g2	1.74744911113931	NA	NA
TRINITY_DN1983_c0_g1	1.40838448919173	NA	NA
TRINITY_DN1983_c0_g2	1.10860268796256	NA	NA
TRINITY_DN1984_c0_g1	-3.12698246159859	NA	NA
TRINITY_DN1984_c1_g1	0.18668904345487	NA	NA
TRINITY_DN1985_c0_g1	1.64321861735472	NA	NA
TRINITY_DN1986_c0_g1	1.69471448896371	NA	NA
TRINITY_DN1986_c1_g1	2.36571732886094	NA	NA
TRINITY_DN1987_c0_g1	0.375864200712522	NA	NA
TRINITY_DN1987_c0_g2	1.81103771145953	NA	NA
TRINITY_DN1988_c0_g1	0.824811783235695	0.999155368198447	NA
TRINITY_DN1988_c0_g1	0.824811783235695	0.999155368198447	NA
TRINITY_DN1989_c0_g1	-1.12601977728471	NA	NA
TRINITY_DN1989_c0_g2	-0.624779764577384	NA	NA
TRINITY_DN199_c0_g1	-0.547906147870597	0.999155368198447	NA
TRINITY_DN199_c0_g2	0.637351149627803	NA	NA
TRINITY_DN1990_c0_g1	-1.51408937232975	NA	NA
TRINITY_DN1990_c0_g2	-1.40641248490386	NA	NA
TRINITY_DN1991_c0_g1	0.706968111546204	0.999155368198447	NA
TRINITY_DN1991_c0_g1	0.706968111546204	0.999155368198447	NA
TRINITY_DN1992_c0_g1	0.808310651789132	NA	NA
TRINITY_DN1993_c0_g1	0.873101890162141	NA	NA
TRINITY_DN1994_c0_g1	0.38811693304588	NA	NA
TRINITY_DN1995_c0_g1	0.914501092495741	NA	NA
TRINITY_DN1995_c0_g2	0.353551699020148	NA	NA
TRINITY_DN1996_c0_g1	1.66046398818322	NA	NA
TRINITY_DN1997_c0_g1	-2.0463124690285	NA	NA
TRINITY_DN1997_c0_g2	-0.683218794968729	NA	NA
TRINITY_DN1999_c0_g1	-0.907505358284595	NA	NA
TRINITY_DN2_c0_g1	0.559980766037424	0.999155368198447	NA
TRINITY_DN20_c0_g1	-3.11372210272346	1.10377939903465e-09	NA
TRINITY_DN20_c0_g1	-3.11372210272346	1.10377939903465e-09	NA
TRINITY_DN20_c0_g1	-3.11372210272346	1.10377939903465e-09	NA
TRINITY_DN20_c0_g1	-3.11372210272346	1.10377939903465e-09	NA
TRINITY_DN20_c0_g1	-3.11372210272346	1.10377939903465e-09	NA
TRINITY_DN20_c0_g1	-3.11372210272346	1.10377939903465e-09	NA
TRINITY_DN20_c0_g1	-3.11372210272346	1.10377939903465e-09	NA
TRINITY_DN20_c0_g1	-3.11372210272346	1.10377939903465e-09	NA
TRINITY_DN20_c0_g2	0.421385914592312	NA	NA
TRINITY_DN200_c0_g1	1.09155929522651	0.999155368198447	NA
TRINITY_DN200_c0_g1	1.09155929522651	0.999155368198447	NA
TRINITY_DN200_c0_g1	1.09155929522651	0.999155368198447	NA
TRINITY_DN200_c0_g1	1.09155929522651	0.999155368198447	NA
TRINITY_DN2000_c0_g1	-0.026042605499941	NA	NA
TRINITY_DN2001_c0_g1	0.177494266595361	NA	NA
TRINITY_DN2002_c0_g1	0.818353539091082	NA	NA
TRINITY_DN2002_c0_g2	1.40434502889566	NA	NA
TRINITY_DN2003_c0_g1	-0.397544384092835	NA	NA
TRINITY_DN2004_c0_g1	0.0675469255207579	NA	NA
TRINITY_DN2005_c0_g1	0.48118406917419	NA	NA
TRINITY_DN2006_c0_g1	-3.08713970778775	NA	NA
TRINITY_DN2007_c0_g1	0.586098485383263	NA	NA
TRINITY_DN2007_c0_g2	-1.64989313000567	NA	NA
TRINITY_DN2007_c0_g2	-1.64989313000567	NA	NA
TRINITY_DN2008_c0_g1	1.41281839984989	NA	NA
TRINITY_DN2008_c0_g2	-1.31504572319626	0.998641406015275	NA
TRINITY_DN2009_c0_g1	1.16718082462127	NA	NA
TRINITY_DN201_c0_g1	0.142719634639609	0.999155368198447	NA
TRINITY_DN2010_c0_g1	1.38483391067217	NA	NA
TRINITY_DN2012_c0_g1	-0.340392986614291	NA	NA
TRINITY_DN2012_c0_g2	-0.60289621377342	NA	NA
TRINITY_DN2013_c0_g1	-0.368132979107153	0.999155368198447	NA
TRINITY_DN2015_c0_g1	1.14735876672899	NA	NA
TRINITY_DN2015_c0_g1	1.14735876672899	NA	NA
TRINITY_DN2017_c0_g1	1.5975155463636	NA	NA
TRINITY_DN2017_c0_g1	1.5975155463636	NA	NA
TRINITY_DN2017_c0_g2	-0.00453309806351448	NA	NA
TRINITY_DN2018_c0_g1	-0.528343737596976	NA	NA
TRINITY_DN2018_c0_g1	-0.528343737596976	NA	NA
TRINITY_DN2018_c1_g1	-0.564826835518717	NA	NA
TRINITY_DN2018_c2_g1	-0.951343652578553	NA	NA
TRINITY_DN2019_c0_g1	-2.78127812888258	0.089083743666028	NA
TRINITY_DN2019_c0_g1	-2.78127812888258	0.089083743666028	NA
TRINITY_DN2019_c1_g1	0.590340792068401	0.999155368198447	NA
TRINITY_DN202_c0_g1	0.441262042861738	0.999155368198447	NA
TRINITY_DN202_c0_g1	0.441262042861738	0.999155368198447	NA
TRINITY_DN2020_c0_g1	1.09712402400077	NA	NA
TRINITY_DN2021_c0_g1	0.612279100819059	0.999155368198447	NA
TRINITY_DN2021_c0_g1	0.612279100819059	0.999155368198447	NA
TRINITY_DN2021_c0_g1	0.612279100819059	0.999155368198447	NA
TRINITY_DN2021_c0_g1	0.612279100819059	0.999155368198447	NA
TRINITY_DN2022_c0_g1	-1.11679888305926	NA	NA
TRINITY_DN2023_c0_g1	0.600507162177163	NA	NA
TRINITY_DN2023_c0_g2	1.028552054757	NA	NA
TRINITY_DN2025_c0_g1	1.4143767150295	NA	NA
TRINITY_DN2025_c0_g2	1.72844271677504	NA	NA
TRINITY_DN2026_c0_g1	-0.55326975392914	NA	NA
TRINITY_DN2026_c0_g2	-1.83168938858838	NA	NA
TRINITY_DN2028_c0_g1	2.34479942720385	NA	NA
TRINITY_DN2028_c0_g2	-1.50576064523823	NA	NA
TRINITY_DN2029_c0_g1	0.283403096988961	0.999155368198447	NA
TRINITY_DN2029_c0_g2	-1.50576064523823	NA	NA
TRINITY_DN203_c0_g1	-0.423138148520852	0.999155368198447	NA
TRINITY_DN203_c0_g1	-0.423138148520852	0.999155368198447	NA
TRINITY_DN2030_c0_g1	-0.297728559764727	0.999155368198447	NA
TRINITY_DN2030_c0_g1	-0.297728559764727	0.999155368198447	NA
TRINITY_DN2030_c0_g1	-0.297728559764727	0.999155368198447	NA
TRINITY_DN2031_c0_g1	-1.78023131353123	NA	NA
TRINITY_DN2032_c0_g1	-1.52695829035406	NA	NA
TRINITY_DN2032_c0_g2	-1.54030007986714	NA	NA
TRINITY_DN2033_c0_g1	-1.47728091321945	NA	NA
TRINITY_DN2033_c0_g2	-1.47485893279262	NA	NA
TRINITY_DN2034_c0_g1	-1.03842301878425	NA	NA
TRINITY_DN2036_c0_g1	-0.555416361400289	NA	NA
TRINITY_DN2036_c0_g2	1.81294393762048	NA	NA
TRINITY_DN2037_c0_g1	0.340609399340618	NA	NA
TRINITY_DN2038_c0_g1	-1.55868858771339	0.979696956929915	NA
TRINITY_DN2038_c0_g1	-1.55868858771339	0.979696956929915	NA
TRINITY_DN2038_c0_g1	-1.55868858771339	0.979696956929915	NA
TRINITY_DN2039_c0_g1	2.35420471317389	NA	NA
TRINITY_DN2039_c0_g2	-0.563236827245125	NA	NA
TRINITY_DN204_c0_g1	-0.869302983866893	0.999155368198447	NA
TRINITY_DN204_c0_g1	-0.869302983866893	0.999155368198447	NA
TRINITY_DN204_c0_g1	-0.869302983866893	0.999155368198447	NA
TRINITY_DN2040_c0_g1	NA	NA	NA
TRINITY_DN2040_c0_g2	-2.78785869658308	NA	NA
TRINITY_DN2041_c0_g1	-1.48401414935411	0.999155368198447	NA
TRINITY_DN2041_c0_g1	-1.48401414935411	0.999155368198447	NA
TRINITY_DN2042_c0_g1	0.618907089254175	NA	NA
TRINITY_DN2042_c0_g2	-1.46453441699111	NA	NA
TRINITY_DN2043_c0_g2	-0.161370946632826	NA	NA
TRINITY_DN2044_c0_g1	-1.17565210007938	NA	NA
TRINITY_DN2045_c0_g1	0.37356385098125	NA	NA
TRINITY_DN2046_c0_g1	0.206180371301666	0.999155368198447	NA
TRINITY_DN2047_c0_g1	-0.39242098182136	0.999155368198447	NA
TRINITY_DN2047_c0_g1	-0.39242098182136	0.999155368198447	NA
TRINITY_DN2048_c0_g1	-1.74906165237259	NA	NA
TRINITY_DN2049_c0_g1	0.787110305574151	NA	NA
TRINITY_DN2049_c0_g2	-0.580449247935092	NA	NA
TRINITY_DN2049_c0_g2	-0.580449247935092	NA	NA
TRINITY_DN205_c0_g1	1.01397331364238	0.999155368198447	NA
TRINITY_DN205_c0_g1	1.01397331364238	0.999155368198447	NA
TRINITY_DN2050_c0_g1	1.76208259853803	NA	NA
TRINITY_DN2051_c0_g1	-0.825982105536742	NA	NA
TRINITY_DN2052_c0_g1	2.92895450975617	NA	NA
TRINITY_DN2052_c0_g1	2.92895450975617	NA	NA
TRINITY_DN2053_c0_g1	3.15322174172993	NA	NA
TRINITY_DN2054_c0_g1	2.34479942720385	NA	NA
TRINITY_DN2055_c0_g1	1.82562664792613	NA	NA
TRINITY_DN2056_c0_g1	-3.12414459407787	0.355403252423562	NA
TRINITY_DN2056_c0_g1	-3.12414459407787	0.355403252423562	NA
TRINITY_DN2056_c0_g1	-3.12414459407787	0.355403252423562	NA
TRINITY_DN2057_c0_g1	2.79839426599891	NA	NA
TRINITY_DN2058_c0_g1	-0.503814816139021	NA	NA
TRINITY_DN2058_c0_g2	2.48022651760519	0.48480237489102	NA
TRINITY_DN2059_c0_g1	2.81111896283585	NA	NA
TRINITY_DN2059_c0_g2	NA	NA	NA
TRINITY_DN206_c0_g1	-0.114058220430445	0.999155368198447	NA
TRINITY_DN206_c0_g1	-0.114058220430445	0.999155368198447	NA
TRINITY_DN2060_c0_g1	-1.07656285560878	NA	NA
TRINITY_DN2061_c0_g1	2.75905656485706	NA	NA
TRINITY_DN2062_c0_g1	1.38666566927962	NA	NA
TRINITY_DN2063_c0_g1	2.38780928502935	NA	NA
TRINITY_DN2065_c0_g1	-0.145507707450495	0.999155368198447	NA
TRINITY_DN2066_c0_g1	0.151454890253102	0.999155368198447	NA
TRINITY_DN2066_c0_g1	0.151454890253102	0.999155368198447	NA
TRINITY_DN2066_c0_g2	-2.05715292052302	NA	NA
TRINITY_DN2067_c0_g1	3.39103241388096	NA	NA
TRINITY_DN2067_c0_g2	2.36059798977139	NA	NA
TRINITY_DN2068_c0_g1	-2.50206862108476	NA	NA
TRINITY_DN2069_c0_g1	-0.215187561663583	NA	NA
TRINITY_DN207_c0_g1	-0.822305287645368	0.999155368198447	NA
TRINITY_DN2070_c0_g1	2.39165803575994	NA	NA
TRINITY_DN2070_c0_g2	1.70027815365515	NA	NA
TRINITY_DN2071_c0_g1	-1.51807154720192	NA	NA
TRINITY_DN2071_c0_g2	1.67994017671118	NA	NA
TRINITY_DN2071_c0_g3	-1.52237678933332	NA	NA
TRINITY_DN2072_c0_g1	-0.525962010129237	NA	NA
TRINITY_DN2073_c0_g1	-0.768614095511196	NA	NA
TRINITY_DN2075_c0_g1	-2.18512969218716	NA	NA
TRINITY_DN2076_c0_g1	-1.072008581999	NA	NA
TRINITY_DN2077_c0_g1	-0.270334423104082	NA	NA
TRINITY_DN2077_c0_g1	-0.270334423104082	NA	NA
TRINITY_DN2078_c0_g1	2.79828543670059	NA	NA
TRINITY_DN2079_c0_g1	-1.06307273258282	NA	NA
TRINITY_DN208_c0_g1	0.249337825092143	0.999155368198447	NA
TRINITY_DN208_c0_g1	0.249337825092143	0.999155368198447	NA
TRINITY_DN208_c1_g1	1.08266824602712	NA	NA
TRINITY_DN2080_c0_g1	1.67492856791219	NA	NA
TRINITY_DN2080_c0_g2	0.834349955926677	NA	NA
TRINITY_DN2081_c0_g1	-1.00798630934896	NA	NA
TRINITY_DN2081_c0_g2	0.194857258761326	NA	NA
TRINITY_DN2082_c0_g1	0.707430353896307	NA	NA
TRINITY_DN2083_c0_g1	-0.252930880812965	NA	NA
TRINITY_DN2084_c0_g1	0.536193760042078	0.999155368198447	NA
TRINITY_DN2085_c0_g1	0.586020078849599	0.999155368198447	NA
TRINITY_DN2085_c0_g1	0.586020078849599	0.999155368198447	NA
TRINITY_DN2086_c0_g1	-1.83650996140516	NA	NA
TRINITY_DN2086_c0_g2	2.10893191463501	NA	NA
TRINITY_DN2087_c0_g1	0.723008754839782	NA	NA
TRINITY_DN2087_c0_g2	-0.379324541784154	NA	NA
TRINITY_DN2088_c0_g1	-2.96271590653835	NA	NA
TRINITY_DN2088_c0_g2	-0.994161550581883	0.999155368198447	NA
TRINITY_DN2088_c0_g2	-0.994161550581883	0.999155368198447	NA
TRINITY_DN209_c0_g1	1.17730249594641	0.999155368198447	NA
TRINITY_DN209_c0_g1	1.17730249594641	0.999155368198447	NA
TRINITY_DN2090_c0_g1	2.45444439433349	NA	NA
TRINITY_DN2090_c0_g2	-2.94762186777835	NA	NA
TRINITY_DN2091_c0_g1	-0.60606149429526	0.999155368198447	NA
TRINITY_DN2091_c0_g2	-0.43485270910449	NA	NA
TRINITY_DN2092_c0_g1	0.10231423489871	0.999155368198447	NA
TRINITY_DN2093_c0_g1	-2.18900319035613	NA	NA
TRINITY_DN2093_c0_g1	-2.18900319035613	NA	NA
TRINITY_DN2094_c0_g1	0.641833160685782	NA	NA
TRINITY_DN2095_c0_g1	2.37589952834133	NA	NA
TRINITY_DN2095_c0_g2	-0.992668696113369	NA	NA
TRINITY_DN2095_c0_g3	1.03995079496366	NA	NA
TRINITY_DN2096_c0_g1	2.5576619708617	NA	NA
TRINITY_DN2096_c0_g1	2.5576619708617	NA	NA
TRINITY_DN2097_c0_g1	1.62741166720395	NA	NA
TRINITY_DN2097_c0_g2	0.380566686068384	NA	NA
TRINITY_DN2098_c0_g1	3.14997216402112	NA	NA
TRINITY_DN2099_c0_g1	1.21694946855262	NA	NA
TRINITY_DN21_c0_g1	-0.00425700270836659	0.999155368198447	NA
TRINITY_DN21_c0_g1	-0.00425700270836659	0.999155368198447	NA
TRINITY_DN21_c0_g1	-0.00425700270836659	0.999155368198447	NA
TRINITY_DN21_c0_g1	-0.00425700270836659	0.999155368198447	NA
TRINITY_DN21_c0_g1	-0.00425700270836659	0.999155368198447	NA
TRINITY_DN21_c0_g1	-0.00425700270836659	0.999155368198447	NA
TRINITY_DN21_c0_g1	-0.00425700270836659	0.999155368198447	NA
TRINITY_DN210_c0_g1	1.45093908395016	0.999155368198447	NA
TRINITY_DN2100_c0_g1	1.81820030927573	NA	NA
TRINITY_DN2100_c0_g2	-4.80960141917479	NA	NA
TRINITY_DN2100_c0_g3	2.68802054079462	NA	NA
TRINITY_DN2101_c0_g1	0.914501092495741	NA	NA
TRINITY_DN2101_c0_g2	0.800257177979389	0.999155368198447	NA
TRINITY_DN2102_c0_g1	-1.81774764071106	0.979696956929915	NA
TRINITY_DN2102_c0_g1	-1.81774764071106	0.979696956929915	NA
TRINITY_DN2102_c0_g1	-1.81774764071106	0.979696956929915	NA
TRINITY_DN2103_c0_g1	0.0377034486923719	0.999155368198447	NA
TRINITY_DN2103_c0_g2	0.0871699730912365	NA	NA
TRINITY_DN2104_c0_g1	-0.559143321935903	NA	NA
TRINITY_DN2104_c0_g2	-3.06367990534456	NA	NA
TRINITY_DN2105_c0_g1	-0.501815694193325	NA	NA
TRINITY_DN2106_c0_g1	-1.12713944127296	0.999155368198447	NA
TRINITY_DN2106_c0_g1	-1.12713944127296	0.999155368198447	NA
TRINITY_DN2107_c0_g1	-1.87270131684847	NA	NA
TRINITY_DN2107_c0_g2	0.380119688415007	NA	NA
TRINITY_DN2108_c0_g1	1.37509988988178	NA	NA
TRINITY_DN2109_c0_g2	1.68544972328679	NA	NA
TRINITY_DN211_c0_g1	0.33015219183289	0.999155368198447	NA
TRINITY_DN211_c0_g1	0.33015219183289	0.999155368198447	NA
TRINITY_DN211_c0_g1	0.33015219183289	0.999155368198447	NA
TRINITY_DN211_c0_g1	0.33015219183289	0.999155368198447	NA
TRINITY_DN211_c0_g1	0.33015219183289	0.999155368198447	NA
TRINITY_DN211_c0_g1	0.33015219183289	0.999155368198447	NA
TRINITY_DN2110_c0_g1	-0.860248524487158	NA	NA
TRINITY_DN2111_c0_g1	-1.41797576175567	NA	NA
TRINITY_DN2112_c0_g1	-0.0575008965007402	NA	NA
TRINITY_DN2112_c0_g2	-3.6009087280879	0.473130272804515	NA
TRINITY_DN2114_c0_g1	0.40904070258184	NA	NA
TRINITY_DN2115_c0_g1	3.42470448129201	NA	NA
TRINITY_DN2116_c0_g1	-0.943411000762882	NA	NA
TRINITY_DN2116_c0_g2	-2.10545073534699	NA	NA
TRINITY_DN2117_c0_g1	-1.29024816717017	0.999155368198447	NA
TRINITY_DN2117_c0_g1	-1.29024816717017	0.999155368198447	NA
TRINITY_DN2118_c0_g1	0.479470824175078	NA	NA
TRINITY_DN2119_c0_g1	1.18832438247672	0.56728090930735	NA
TRINITY_DN2119_c0_g1	1.18832438247672	0.56728090930735	NA
TRINITY_DN212_c0_g1	1.60258695264637	NA	NA
TRINITY_DN212_c0_g1	1.60258695264637	NA	NA
TRINITY_DN212_c0_g1	1.60258695264637	NA	NA
TRINITY_DN2120_c0_g1	-1.08612927721606	NA	NA
TRINITY_DN2120_c0_g2	-1.49483193541528	NA	NA
TRINITY_DN2121_c0_g1	-1.13134063731261	NA	NA
TRINITY_DN2121_c0_g1	-1.13134063731261	NA	NA
TRINITY_DN2121_c0_g2	0.407213062406899	NA	NA
TRINITY_DN2122_c0_g1	1.4009843904099	NA	NA
TRINITY_DN2123_c0_g1	0.256006553162727	NA	NA
TRINITY_DN2124_c0_g1	-2.31740308708929	NA	NA
TRINITY_DN2124_c0_g2	-0.910551405548995	NA	NA
TRINITY_DN2124_c0_g2	-0.910551405548995	NA	NA
TRINITY_DN2125_c0_g1	-0.63282470065829	NA	NA
TRINITY_DN2126_c0_g1	0.514585574107261	NA	NA
TRINITY_DN2126_c0_g1	0.514585574107261	NA	NA
TRINITY_DN2127_c0_g1	-0.639308585006672	NA	NA
TRINITY_DN2127_c0_g2	-1.06670999845189	NA	NA
TRINITY_DN2128_c0_g1	0.199346756453084	NA	NA
TRINITY_DN2128_c0_g2	2.43987341557054	NA	NA
TRINITY_DN2128_c0_g3	-1.84251360446863	NA	NA
TRINITY_DN2129_c0_g1	-2.10550781639206	NA	NA
TRINITY_DN2129_c0_g2	1.97615971629238	NA	NA
TRINITY_DN2129_c0_g3	-0.0757992937371633	NA	NA
TRINITY_DN213_c0_g1	-0.438426953944162	0.999155368198447	NA
TRINITY_DN213_c0_g1	-0.438426953944162	0.999155368198447	NA
TRINITY_DN2130_c0_g1	-0.147073485152244	NA	NA
TRINITY_DN2131_c0_g1	NA	NA	NA
TRINITY_DN2131_c0_g2	0.378159485378623	NA	NA
TRINITY_DN2132_c0_g1	1.42875418110589	NA	NA
TRINITY_DN2133_c0_g1	-4.50737145506254	NA	NA
TRINITY_DN2133_c0_g1	-4.50737145506254	NA	NA
TRINITY_DN2133_c0_g2	-1.80735011864341	NA	NA
TRINITY_DN2134_c0_g1	1.70330954057383	NA	NA
TRINITY_DN2134_c0_g2	-2.52402828539004	NA	NA
TRINITY_DN2134_c0_g3	-0.602776620141161	NA	NA
TRINITY_DN2135_c0_g1	-0.573971153342984	0.999155368198447	NA
TRINITY_DN2135_c0_g1	-0.573971153342984	0.999155368198447	NA
TRINITY_DN2136_c0_g1	0.404516736662691	NA	NA
TRINITY_DN2136_c0_g2	-2.84530294465431	NA	NA
TRINITY_DN2137_c0_g1	0.723578965822922	NA	NA
TRINITY_DN2138_c0_g1	-0.600402013306481	NA	NA
TRINITY_DN2138_c0_g2	-0.0370355316040759	NA	NA
TRINITY_DN2139_c0_g1	0.366204453772285	NA	NA
TRINITY_DN2139_c0_g2	-1.79881210127724	NA	NA
TRINITY_DN214_c0_g1	0.512799672479445	0.999155368198447	NA
TRINITY_DN214_c0_g1	0.512799672479445	0.999155368198447	NA
TRINITY_DN214_c0_g1	0.512799672479445	0.999155368198447	NA
TRINITY_DN214_c0_g1	0.512799672479445	0.999155368198447	NA
TRINITY_DN214_c0_g1	0.512799672479445	0.999155368198447	NA
TRINITY_DN214_c0_g1	0.512799672479445	0.999155368198447	NA
TRINITY_DN214_c0_g1	0.512799672479445	0.999155368198447	NA
TRINITY_DN214_c2_g1	0.400860130401708	NA	NA
TRINITY_DN2140_c0_g1	-0.487757530916368	NA	NA
TRINITY_DN2140_c0_g2	-0.200559211032953	NA	NA
TRINITY_DN2141_c0_g1	-1.22342026758714	NA	NA
TRINITY_DN2142_c0_g1	1.53769924053082	NA	NA
TRINITY_DN2143_c0_g1	-0.603381794881379	NA	NA
TRINITY_DN2143_c0_g2	1.02958442552896	0.999155368198447	NA
TRINITY_DN2144_c0_g1	-1.08942032994398	NA	NA
TRINITY_DN2144_c0_g2	-0.519254775088119	NA	NA
TRINITY_DN2145_c0_g1	0.677526663730697	0.999155368198447	NA
TRINITY_DN2145_c0_g1	0.677526663730697	0.999155368198447	NA
TRINITY_DN2146_c0_g1	-1.84325847263433	NA	NA
TRINITY_DN2147_c0_g1	-0.212797164085304	NA	NA
TRINITY_DN2148_c0_g1	1.71562729677804	NA	NA
TRINITY_DN2149_c0_g1	-2.74891230859035	NA	NA
TRINITY_DN215_c0_g1	-0.113918995845097	0.999155368198447	NA
TRINITY_DN2150_c0_g1	0.156355304915644	NA	NA
TRINITY_DN2150_c0_g2	2.81100727405826	NA	NA
TRINITY_DN2151_c0_g1	1.80950231271155	NA	NA
TRINITY_DN2151_c0_g2	-1.09410345662977	NA	NA
TRINITY_DN2152_c0_g1	-0.407726586659638	0.999155368198447	NA
TRINITY_DN2153_c0_g1	-0.553092613896549	NA	NA
TRINITY_DN2154_c0_g1	-0.626057983587631	NA	NA
TRINITY_DN2156_c0_g1	-0.056657798980001	NA	NA
TRINITY_DN2156_c0_g1	-0.056657798980001	NA	NA
TRINITY_DN2157_c0_g1	0.415731192850569	NA	NA
TRINITY_DN2157_c0_g2	1.40786596384898	NA	NA
TRINITY_DN2159_c0_g2	0.679345939216603	NA	NA
TRINITY_DN216_c0_g1	0.970919172277052	0.999155368198447	NA
TRINITY_DN216_c0_g1	0.970919172277052	0.999155368198447	NA
TRINITY_DN2160_c0_g1	-0.76421892346079	0.999155368198447	NA
TRINITY_DN2160_c0_g2	2.86279211382665	NA	NA
TRINITY_DN2161_c0_g1	2.34479942720385	NA	NA
TRINITY_DN2161_c0_g2	1.76208259853803	NA	NA
TRINITY_DN2162_c0_g1	-3.30211406887154	NA	NA
TRINITY_DN2164_c0_g1	-2.50829056031268	NA	NA
TRINITY_DN2165_c0_g1	-0.577387896828189	NA	NA
TRINITY_DN2166_c0_g1	1.12385411409337	NA	NA
TRINITY_DN2166_c0_g2	2.86279211382665	NA	NA
TRINITY_DN2167_c0_g1	0.511363650305203	0.999155368198447	NA
TRINITY_DN2168_c0_g1	-0.120490445648312	NA	NA
TRINITY_DN2168_c0_g2	-0.866419722364001	NA	NA
TRINITY_DN2169_c0_g1	-2.08224420670913	NA	NA
TRINITY_DN217_c0_g1	1.43539292511021	0.999155368198447	NA
TRINITY_DN217_c0_g1	1.43539292511021	0.999155368198447	NA
TRINITY_DN2170_c0_g1	-1.49588530270287	NA	NA
TRINITY_DN2171_c0_g1	0.96504786581924	NA	NA
TRINITY_DN2171_c0_g2	-1.0999840514872	NA	NA
TRINITY_DN2172_c0_g1	-3.83401463886798	NA	NA
TRINITY_DN2173_c0_g1	-3.33239162712559	NA	NA
TRINITY_DN2174_c0_g1	3.4013726355544	NA	NA
TRINITY_DN2176_c0_g1	-1.50999694153578	NA	NA
TRINITY_DN2177_c0_g2	-0.880677251082671	0.999155368198447	NA
TRINITY_DN2178_c0_g1	0.390472644167696	NA	NA
TRINITY_DN2179_c0_g1	-0.303282527603189	NA	NA
TRINITY_DN218_c0_g1	-1.34424763840862	0.999155368198447	NA
TRINITY_DN2180_c0_g1	0.382581085459958	NA	NA
TRINITY_DN2180_c0_g2	1.7576412779459	NA	NA
TRINITY_DN2181_c0_g1	0.91450109249574	NA	NA
TRINITY_DN2182_c0_g1	-1.25634870439296	0.999155368198447	NA
TRINITY_DN2183_c0_g1	-0.727733205104517	NA	NA
TRINITY_DN2183_c0_g2	1.07962785428844	NA	NA
TRINITY_DN2184_c0_g1	0.948805548121551	NA	NA
TRINITY_DN2185_c0_g1	-0.560338793839137	0.999155368198447	NA
TRINITY_DN2185_c0_g1	-0.560338793839137	0.999155368198447	NA
TRINITY_DN2185_c0_g1	-0.560338793839137	0.999155368198447	NA
TRINITY_DN2185_c0_g1	-0.560338793839137	0.999155368198447	NA
TRINITY_DN2186_c0_g1	0.0945383104802688	NA	NA
TRINITY_DN2186_c0_g1	0.0945383104802688	NA	NA
TRINITY_DN2187_c0_g1	-1.19968870393511	NA	NA
TRINITY_DN2188_c0_g1	0.988757779110793	NA	NA
TRINITY_DN2188_c0_g2	0.965113997911388	0.999155368198447	NA
TRINITY_DN2188_c0_g2	0.965113997911388	0.999155368198447	NA
TRINITY_DN219_c0_g1	-0.332616733078062	0.999155368198447	NA
TRINITY_DN2190_c0_g1	0.833779072046736	0.999155368198447	NA
TRINITY_DN2190_c0_g1	0.833779072046736	0.999155368198447	NA
TRINITY_DN2190_c0_g2	2.80941590716106	NA	NA
TRINITY_DN2191_c0_g1	-2.48037559910157	NA	NA
TRINITY_DN2191_c0_g2	-2.05432523828055	NA	NA
TRINITY_DN2192_c0_g1	-1.82331702175537	NA	NA
TRINITY_DN2193_c0_g1	-1.06622921852374	NA	NA
TRINITY_DN2194_c0_g1	1.12915255672301	NA	NA
TRINITY_DN2195_c0_g1	-0.331533688557438	0.999155368198447	NA
TRINITY_DN2195_c0_g1	-0.331533688557438	0.999155368198447	NA
TRINITY_DN2195_c1_g1	0.552947434996032	NA	NA
TRINITY_DN2197_c0_g1	-0.882126154000304	0.999155368198447	NA
TRINITY_DN2198_c0_g1	-1.88416928040293	0.273832127243978	NA
TRINITY_DN2198_c0_g1	-1.88416928040293	0.273832127243978	NA
TRINITY_DN2198_c0_g1	-1.88416928040293	0.273832127243978	NA
TRINITY_DN2198_c0_g1	-1.88416928040293	0.273832127243978	NA
TRINITY_DN2198_c0_g2	-2.07937456900343	NA	NA
TRINITY_DN2198_c0_g4	-0.583332483491208	NA	NA
TRINITY_DN2199_c0_g1	-2.07681867072837	NA	NA
TRINITY_DN2199_c0_g2	1.13936913445292	NA	NA
TRINITY_DN22_c0_g1	1.52411631754398	0.999155368198447	NA
TRINITY_DN22_c0_g1	1.52411631754398	0.999155368198447	NA
TRINITY_DN22_c0_g1	1.52411631754398	0.999155368198447	NA
TRINITY_DN22_c0_g1	1.52411631754398	0.999155368198447	NA
TRINITY_DN22_c0_g1	1.52411631754398	0.999155368198447	NA
TRINITY_DN22_c0_g1	1.52411631754398	0.999155368198447	NA
TRINITY_DN220_c0_g1	1.178383079983	0.999155368198447	NA
TRINITY_DN220_c0_g1	1.178383079983	0.999155368198447	NA
TRINITY_DN220_c0_g2	0.367900836766908	NA	NA
TRINITY_DN2201_c0_g1	-1.51408937232975	NA	NA
TRINITY_DN2202_c0_g1	2.07077208101373	NA	NA
TRINITY_DN2202_c0_g2	0.41641449076656	NA	NA
TRINITY_DN2203_c0_g1	-0.598280455921755	NA	NA
TRINITY_DN2205_c0_g1	2.75905656485706	NA	NA
TRINITY_DN2207_c0_g1	1.03394556824267	NA	NA
TRINITY_DN2208_c0_g1	-0.60749837266172	NA	NA
TRINITY_DN2209_c0_g1	-2.83713244016786	NA	NA
TRINITY_DN221_c0_g1	-0.0832206582978849	0.999155368198447	NA
TRINITY_DN2210_c0_g1	0.193575973720581	NA	NA
TRINITY_DN2211_c0_g2	-0.873656091570422	NA	NA
TRINITY_DN2212_c0_g1	3.56607338236772	NA	NA
TRINITY_DN2213_c0_g1	-0.520029129742086	NA	NA
TRINITY_DN2214_c0_g1	1.27650102759821	0.999155368198447	NA
TRINITY_DN2214_c0_g1	1.27650102759821	0.999155368198447	NA
TRINITY_DN2215_c0_g1	-1.06606039693167	0.999155368198447	NA
TRINITY_DN2216_c0_g1	-0.533151735723712	0.999155368198447	NA
TRINITY_DN2217_c0_g1	-0.160556286399736	0.999155368198447	NA
TRINITY_DN2217_c0_g2	-0.816428517336739	0.999155368198447	NA
TRINITY_DN2218_c0_g1	0.571503144861567	0.999155368198447	NA
TRINITY_DN2218_c0_g1	0.571503144861567	0.999155368198447	NA
TRINITY_DN2218_c0_g1	0.571503144861567	0.999155368198447	NA
TRINITY_DN2218_c0_g2	-1.58684766814817	NA	NA
TRINITY_DN2219_c0_g1	-2.43104850340857	NA	NA
TRINITY_DN2219_c0_g2	-0.891834487339602	NA	NA
TRINITY_DN222_c0_g1	-3.29809695097816	NA	NA
TRINITY_DN222_c0_g2	1.71765837850687	NA	NA
TRINITY_DN2220_c0_g1	-0.479346314980333	NA	NA
TRINITY_DN2220_c0_g2	-0.629150994824576	NA	NA
TRINITY_DN2221_c0_g1	0.0676005488423489	NA	NA
TRINITY_DN2222_c0_g1	0.41023462618415	NA	NA
TRINITY_DN2222_c0_g2	-1.15113506926851	NA	NA
TRINITY_DN2223_c0_g1	1.36316839743038	NA	NA
TRINITY_DN2223_c0_g2	-1.81719118068821	NA	NA
TRINITY_DN2225_c0_g1	-0.257546292615581	0.999155368198447	NA
TRINITY_DN2225_c0_g1	-0.257546292615581	0.999155368198447	NA
TRINITY_DN2226_c0_g1	1.80950231271155	NA	NA
TRINITY_DN2226_c0_g2	-2.45779392437744	NA	NA
TRINITY_DN2227_c0_g1	0.990432529709496	NA	NA
TRINITY_DN2228_c0_g1	-3.24603829288057	NA	NA
TRINITY_DN2229_c0_g1	0.740392813504696	0.999155368198447	NA
TRINITY_DN223_c0_g1	0.0967576712269151	0.999155368198447	NA
TRINITY_DN223_c0_g1	0.0967576712269151	0.999155368198447	NA
TRINITY_DN223_c0_g1	0.0967576712269151	0.999155368198447	NA
TRINITY_DN223_c0_g1	0.0967576712269151	0.999155368198447	NA
TRINITY_DN223_c0_g1	0.0967576712269151	0.999155368198447	NA
TRINITY_DN223_c0_g1	0.0967576712269151	0.999155368198447	NA
TRINITY_DN223_c0_g1	0.0967576712269151	0.999155368198447	NA
TRINITY_DN223_c0_g1	0.0967576712269151	0.999155368198447	NA
TRINITY_DN223_c1_g1	-2.10711808877189	NA	NA
TRINITY_DN223_c1_g2	0.147959094243941	0.999155368198447	NA
TRINITY_DN223_c1_g2	0.147959094243941	0.999155368198447	NA
TRINITY_DN223_c1_g2	0.147959094243941	0.999155368198447	NA
TRINITY_DN223_c1_g2	0.147959094243941	0.999155368198447	NA
TRINITY_DN223_c1_g2	0.147959094243941	0.999155368198447	NA
TRINITY_DN223_c1_g2	0.147959094243941	0.999155368198447	NA
TRINITY_DN223_c1_g2	0.147959094243941	0.999155368198447	NA
TRINITY_DN223_c2_g1	-0.365940112884799	NA	NA
TRINITY_DN2230_c0_g1	-0.466609235909474	NA	NA
TRINITY_DN2230_c0_g2	-1.07565855297195	NA	NA
TRINITY_DN2231_c0_g1	-0.768614095511196	NA	NA
TRINITY_DN2231_c0_g2	-0.577532411798079	NA	NA
TRINITY_DN2232_c0_g1	-0.579021136800302	NA	NA
TRINITY_DN2233_c0_g1	-0.162419825418241	NA	NA
TRINITY_DN2234_c0_g1	-1.48097682602129	NA	NA
TRINITY_DN2234_c0_g2	0.192411247447974	NA	NA
TRINITY_DN2235_c0_g1	2.7976070952713	NA	NA
TRINITY_DN2237_c0_g1	1.76208259853803	NA	NA
TRINITY_DN2238_c0_g1	2.4334553338677	NA	NA
TRINITY_DN2239_c0_g1	-0.0479035463621541	0.999155368198447	NA
TRINITY_DN2239_c0_g2	3.12918151058762	NA	NA
TRINITY_DN224_c0_g1	-1.31622977929539	0.999155368198447	NA
TRINITY_DN2240_c0_g1	-0.555073936643683	NA	NA
TRINITY_DN2240_c0_g2	-0.54936747869778	NA	NA
TRINITY_DN2241_c0_g1	1.5059348813121	0.999155368198447	NA
TRINITY_DN2242_c0_g1	0.317560704057048	0.999155368198447	NA
TRINITY_DN2243_c0_g1	1.21364772859713	NA	NA
TRINITY_DN2243_c0_g2	-1.15065831105993	NA	NA
TRINITY_DN2243_c1_g1	-0.167018905615434	0.999155368198447	NA
TRINITY_DN2244_c0_g1	1.12361307141645	NA	NA
TRINITY_DN2246_c0_g1	-0.768614095511196	NA	NA
TRINITY_DN2246_c0_g2	2.44725580814198	NA	NA
TRINITY_DN2247_c0_g1	-3.0566908373322	0.579244315524041	NA
TRINITY_DN2247_c0_g1	-3.0566908373322	0.579244315524041	NA
TRINITY_DN2247_c0_g1	-3.0566908373322	0.579244315524041	NA
TRINITY_DN2247_c0_g2	1.38073898702943	NA	NA
TRINITY_DN2248_c0_g1	-0.791636017690659	0.999155368198447	NA
TRINITY_DN2249_c0_g1	-0.768614095511196	NA	NA
TRINITY_DN2249_c0_g2	-0.141553518176898	NA	NA
TRINITY_DN225_c0_g1	0.470930057525037	0.999155368198447	NA
TRINITY_DN225_c0_g2	-1.40675241515152	NA	NA
TRINITY_DN2250_c0_g1	0.975389016253672	NA	NA
TRINITY_DN2251_c0_g1	0.275946885647916	0.999155368198447	NA
TRINITY_DN2251_c0_g1	0.275946885647916	0.999155368198447	NA
TRINITY_DN2252_c0_g1	0.761222503160187	0.999155368198447	NA
TRINITY_DN2252_c0_g1	0.761222503160187	0.999155368198447	NA
TRINITY_DN2253_c0_g1	-2.83029658791708	NA	NA
TRINITY_DN2254_c0_g1	0.401587104196655	NA	NA
TRINITY_DN2254_c0_g2	1.35222485480006	NA	NA
TRINITY_DN2255_c0_g1	1.06696161502904	NA	NA
TRINITY_DN2255_c0_g1	1.06696161502904	NA	NA
TRINITY_DN2257_c0_g1	0.622396885448685	NA	NA
TRINITY_DN2258_c0_g1	0.0209227941814651	0.999155368198447	NA
TRINITY_DN2258_c0_g1	0.0209227941814651	0.999155368198447	NA
TRINITY_DN2259_c0_g1	-3.30073341037035	NA	NA
TRINITY_DN2259_c0_g2	1.8348070797969	NA	NA
TRINITY_DN226_c0_g1	0.0171830358968705	0.999155368198447	NA
TRINITY_DN226_c0_g1	0.0171830358968705	0.999155368198447	NA
TRINITY_DN226_c0_g1	0.0171830358968705	0.999155368198447	NA
TRINITY_DN226_c0_g1	0.0171830358968705	0.999155368198447	NA
TRINITY_DN226_c0_g1	0.0171830358968705	0.999155368198447	NA
TRINITY_DN226_c0_g2	-1.84438030381847	NA	NA
TRINITY_DN2260_c0_g1	1.07270784374234	NA	NA
TRINITY_DN2260_c0_g2	-0.798688531015319	0.999155368198447	NA
TRINITY_DN2261_c0_g1	0.704381343725204	NA	NA
TRINITY_DN2261_c0_g2	-0.103855513167773	NA	NA
TRINITY_DN2261_c0_g3	0.40161792965979	NA	NA
TRINITY_DN2262_c0_g1	1.6225842452274	0.999155368198447	NA
TRINITY_DN2264_c0_g1	0.195281716138322	NA	NA
TRINITY_DN2265_c0_g1	1.70512539004215	NA	NA
TRINITY_DN2265_c0_g2	0.0284394955823486	NA	NA
TRINITY_DN2267_c0_g1	3.1127144487101	NA	NA
TRINITY_DN2269_c0_g1	-0.348418500050037	NA	NA
TRINITY_DN227_c0_g1	-0.28304804022772	0.999155368198447	NA
TRINITY_DN227_c0_g1	-0.28304804022772	0.999155368198447	NA
TRINITY_DN2270_c0_g1	-1.41206217543973	NA	NA
TRINITY_DN2271_c0_g1	0.598955588829549	0.999155368198447	NA
TRINITY_DN2271_c0_g1	0.598955588829549	0.999155368198447	NA
TRINITY_DN2271_c0_g2	-1.47524012181934	NA	NA
TRINITY_DN2272_c0_g1	-3.07797158586173	NA	NA
TRINITY_DN2272_c0_g2	3.3900728253929	NA	NA
TRINITY_DN2273_c0_g1	0.980307874858261	NA	NA
TRINITY_DN2273_c0_g2	-2.78687276866078	NA	NA
TRINITY_DN2273_c0_g3	1.69375115006166	NA	NA
TRINITY_DN2274_c0_g1	-0.518997904224645	NA	NA
TRINITY_DN2274_c0_g2	-2.54158249550552	NA	NA
TRINITY_DN2275_c0_g1	-0.470430018201887	0.999155368198447	NA
TRINITY_DN2276_c0_g1	2.86279211382665	NA	NA
TRINITY_DN2277_c0_g1	0.0440094552560499	NA	NA
TRINITY_DN2278_c0_g1	-0.277869390383825	0.999155368198447	NA
TRINITY_DN2278_c0_g1	-0.277869390383825	0.999155368198447	NA
TRINITY_DN2278_c0_g1	-0.277869390383825	0.999155368198447	NA
TRINITY_DN2278_c0_g1	-0.277869390383825	0.999155368198447	NA
TRINITY_DN2279_c0_g1	2.52789472669883	NA	NA
TRINITY_DN228_c0_g1	3.12850181872057	NA	NA
TRINITY_DN228_c0_g2	-0.0994094043478591	0.999155368198447	NA
TRINITY_DN2280_c0_g1	-0.432045719674189	NA	NA
TRINITY_DN2280_c0_g2	-2.12599672253002	NA	NA
TRINITY_DN2281_c0_g1	-1.09613656112838	NA	NA
TRINITY_DN2282_c0_g1	1.70048558353654	NA	NA
TRINITY_DN2282_c0_g2	0.426111631880962	NA	NA
TRINITY_DN2283_c0_g1	2.42211695215056	NA	NA
TRINITY_DN2285_c0_g1	-0.483619665085335	0.999155368198447	NA
TRINITY_DN2286_c0_g1	2.41586688950357	NA	NA
TRINITY_DN2286_c0_g2	1.1010631997895	NA	NA
TRINITY_DN2286_c0_g3	-0.563750714471951	NA	NA
TRINITY_DN2286_c0_g4	1.81800048204382	NA	NA
TRINITY_DN2287_c0_g1	1.66779596927517	NA	NA
TRINITY_DN2288_c0_g1	-1.60238605954801	NA	NA
TRINITY_DN2289_c0_g2	1.69852158371917	NA	NA
TRINITY_DN229_c0_g1	-2.11108777542237	NA	NA
TRINITY_DN229_c0_g2	0.423255888845464	0.999155368198447	NA
TRINITY_DN2290_c0_g1	-2.4674513803077	NA	NA
TRINITY_DN2291_c0_g1	3.12491995725241	NA	NA
TRINITY_DN2293_c0_g1	-1.15836161830112	NA	NA
TRINITY_DN2294_c0_g1	-2.8010715993105	NA	NA
TRINITY_DN2296_c0_g1	0.260747851532447	0.999155368198447	NA
TRINITY_DN2298_c0_g1	0.0687328457530895	0.999155368198447	NA
TRINITY_DN2298_c1_g1	1.80950231271155	NA	NA
TRINITY_DN2299_c0_g1	-1.10055906476498	NA	NA
TRINITY_DN2299_c0_g2	-0.596477945194947	NA	NA
TRINITY_DN23_c0_g1	-0.342137142830963	0.999155368198447	NA
TRINITY_DN23_c0_g1	-0.342137142830963	0.999155368198447	NA
TRINITY_DN23_c0_g1	-0.342137142830963	0.999155368198447	NA
TRINITY_DN23_c0_g1	-0.342137142830963	0.999155368198447	NA
TRINITY_DN230_c0_g1	-0.228370581534129	0.999155368198447	NA
TRINITY_DN230_c0_g1	-0.228370581534129	0.999155368198447	NA
TRINITY_DN230_c0_g1	-0.228370581534129	0.999155368198447	NA
TRINITY_DN230_c1_g1	0.97792066678671	NA	NA
TRINITY_DN230_c2_g1	-0.636473960158102	NA	NA
TRINITY_DN2300_c0_g1	-1.52237678933332	NA	NA
TRINITY_DN2300_c0_g2	-0.475950555665522	NA	NA
TRINITY_DN2302_c0_g1	-2.80517606406543	NA	NA
TRINITY_DN2303_c0_g1	-1.1100417176826	NA	NA
TRINITY_DN2303_c0_g2	1.62990072592657	NA	NA
TRINITY_DN2304_c0_g1	3.15477234847128	NA	NA
TRINITY_DN2304_c0_g2	-2.77430337913548	NA	NA
TRINITY_DN2306_c0_g1	-2.05227935914248	NA	NA
TRINITY_DN2306_c0_g2	-0.764288916105808	0.999155368198447	NA
TRINITY_DN2307_c0_g1	1.71136533953554	NA	NA
TRINITY_DN2308_c0_g1	-1.15613844394415	NA	NA
TRINITY_DN2309_c0_g1	0.460182913065034	0.999155368198447	NA
TRINITY_DN2309_c0_g1	0.460182913065034	0.999155368198447	NA
TRINITY_DN231_c0_g1	1.79060340472805	0.95488985174235	NA
TRINITY_DN231_c0_g2	0.419087921477096	0.999155368198447	NA
TRINITY_DN2310_c0_g1	0.184889252428763	NA	NA
TRINITY_DN2310_c0_g2	-1.84142227464519	NA	NA
TRINITY_DN2311_c0_g1	-0.982580033615209	0.999155368198447	NA
TRINITY_DN2311_c0_g1	-0.982580033615209	0.999155368198447	NA
TRINITY_DN2311_c0_g1	-0.982580033615209	0.999155368198447	NA
TRINITY_DN2312_c0_g1	0.358958182145135	NA	NA
TRINITY_DN2313_c0_g1	-2.3286030341215	NA	NA
TRINITY_DN2314_c0_g1	-3.46918490071621	NA	NA
TRINITY_DN2314_c0_g2	-2.77336833553604	NA	NA
TRINITY_DN2315_c0_g1	0.15960721349413	NA	NA
TRINITY_DN2315_c0_g2	-0.0108640943394154	NA	NA
TRINITY_DN2316_c0_g1	0.0370856493144668	NA	NA
TRINITY_DN2316_c0_g2	0.154104975215865	0.999155368198447	NA
TRINITY_DN2317_c0_g1	2.1100478305126	NA	NA
TRINITY_DN2317_c0_g2	-2.02562902077789	NA	NA
TRINITY_DN2318_c0_g1	-0.399513976973249	NA	NA
TRINITY_DN2319_c0_g1	-1.50763002105118	NA	NA
TRINITY_DN232_c0_g1	0.197889049354236	NA	NA
TRINITY_DN232_c0_g2	0.0567529843149193	NA	NA
TRINITY_DN2320_c0_g1	2.78506683460838	NA	NA
TRINITY_DN2320_c0_g2	1.15126383218542	NA	NA
TRINITY_DN2321_c0_g1	-1.46997361008274	NA	NA
TRINITY_DN2322_c0_g1	-0.354576805238636	0.999155368198447	NA
TRINITY_DN2322_c0_g1	-0.354576805238636	0.999155368198447	NA
TRINITY_DN2323_c0_g1	-0.195394589345298	NA	NA
TRINITY_DN2324_c0_g1	1.71056666652975	NA	NA
TRINITY_DN2324_c0_g2	1.96677523952466	NA	NA
TRINITY_DN2325_c0_g1	-0.895111617232797	NA	NA
TRINITY_DN2326_c0_g1	-0.594439272579594	NA	NA
TRINITY_DN2327_c0_g1	-1.19816745354715	NA	NA
TRINITY_DN2328_c0_g1	-1.11568569270995	NA	NA
TRINITY_DN2329_c0_g1	-1.51067391767597	NA	NA
TRINITY_DN233_c0_g1	-1.00648275745561	0.998641406015275	NA
TRINITY_DN233_c0_g1	-1.00648275745561	0.998641406015275	NA
TRINITY_DN233_c0_g1	-1.00648275745561	0.998641406015275	NA
TRINITY_DN233_c0_g1	-1.00648275745561	0.998641406015275	NA
TRINITY_DN233_c0_g1	-1.00648275745561	0.998641406015275	NA
TRINITY_DN2331_c0_g1	2.12347873581118	NA	NA
TRINITY_DN2331_c0_g2	-1.50576064523823	NA	NA
TRINITY_DN2332_c0_g1	1.67945284239271	NA	NA
TRINITY_DN2332_c0_g2	-0.62621563746292	NA	NA
TRINITY_DN2332_c0_g3	-2.31293271670325	NA	NA
TRINITY_DN2334_c0_g1	3.09059427684437	NA	NA
TRINITY_DN2336_c0_g1	-0.221115946681492	NA	NA
TRINITY_DN2337_c0_g1	-2.52631624923786	NA	NA
TRINITY_DN2337_c0_g2	0.914501092495741	NA	NA
TRINITY_DN2338_c0_g1	0.950313063725058	NA	NA
TRINITY_DN2338_c0_g2	1.21103801885072	0.999155368198447	NA
TRINITY_DN2338_c0_g2	1.21103801885072	0.999155368198447	NA
TRINITY_DN2338_c0_g2	1.21103801885072	0.999155368198447	NA
TRINITY_DN2338_c0_g2	1.21103801885072	0.999155368198447	NA
TRINITY_DN2339_c0_g1	4.1188742811529	NA	NA
TRINITY_DN2339_c0_g2	3.26968502589849	NA	NA
TRINITY_DN234_c0_g1	-2.99004953254132	NA	NA
TRINITY_DN234_c0_g2	-0.606348268339789	0.999155368198447	NA
TRINITY_DN234_c0_g2	-0.606348268339789	0.999155368198447	NA
TRINITY_DN234_c0_g2	-0.606348268339789	0.999155368198447	NA
TRINITY_DN234_c0_g2	-0.606348268339789	0.999155368198447	NA
TRINITY_DN2340_c0_g1	-2.83029658791708	NA	NA
TRINITY_DN2340_c0_g2	-1.43184531493738	NA	NA
TRINITY_DN2341_c0_g1	-0.189196204181485	NA	NA
TRINITY_DN2343_c0_g1	0.413553703059024	0.999155368198447	NA
TRINITY_DN2343_c0_g1	0.413553703059024	0.999155368198447	NA
TRINITY_DN2345_c0_g2	1.39668459631543	NA	NA
TRINITY_DN2346_c0_g1	2.80532035551323	NA	NA
TRINITY_DN2348_c0_g1	-0.570441356557794	NA	NA
TRINITY_DN2349_c0_g1	1.67254062775244	NA	NA
TRINITY_DN235_c0_g1	0.350028279440802	0.999155368198447	NA
TRINITY_DN235_c0_g1	0.350028279440802	0.999155368198447	NA
TRINITY_DN235_c0_g1	0.350028279440802	0.999155368198447	NA
TRINITY_DN235_c0_g2	0.76845124513665	NA	NA
TRINITY_DN2351_c0_g1	-3.04616424393268	NA	NA
TRINITY_DN2351_c0_g2	1.09436111983053	NA	NA
TRINITY_DN2351_c0_g3	0.432493440133028	NA	NA
TRINITY_DN2352_c0_g1	-0.378636038426305	0.999155368198447	NA
TRINITY_DN2353_c0_g1	-0.417350370736401	NA	NA
TRINITY_DN2353_c0_g1	-0.417350370736401	NA	NA
TRINITY_DN2353_c0_g2	-2.10993131616136	NA	NA
TRINITY_DN2354_c0_g1	0.443848018108827	NA	NA
TRINITY_DN2356_c0_g1	0.229301133441667	0.999155368198447	NA
TRINITY_DN2356_c0_g1	0.229301133441667	0.999155368198447	NA
TRINITY_DN2356_c0_g1	0.229301133441667	0.999155368198447	NA
TRINITY_DN2357_c0_g1	2.11163591218258	NA	NA
TRINITY_DN2357_c0_g2	-0.965849093095531	NA	NA
TRINITY_DN2358_c0_g1	-2.06753507717818	NA	NA
TRINITY_DN2358_c0_g2	1.08946472610112	NA	NA
TRINITY_DN236_c0_g1	0.89258916599755	0.999155368198447	NA
TRINITY_DN2361_c0_g1	-0.564829571448024	NA	NA
TRINITY_DN2362_c0_g1	2.37738128418203	NA	NA
TRINITY_DN2363_c0_g1	-3.08261794033584	NA	NA
TRINITY_DN2364_c0_g1	-1.50990797053155	NA	NA
TRINITY_DN2365_c0_g1	1.39076517277504	NA	NA
TRINITY_DN2366_c0_g1	0.09124883571606	0.999155368198447	NA
TRINITY_DN2368_c0_g1	1.62925414260089	NA	NA
TRINITY_DN2369_c0_g1	-0.335349573268057	NA	NA
TRINITY_DN237_c0_g1	-1.51020540374292	0.322928709457407	NA
TRINITY_DN2370_c0_g1	-0.284440650136214	NA	NA
TRINITY_DN2371_c0_g1	-0.499753784044473	NA	NA
TRINITY_DN2372_c0_g1	-2.12599672253002	NA	NA
TRINITY_DN2373_c0_g1	1.08338134017348	0.999155368198447	NA
TRINITY_DN2373_c0_g1	1.08338134017348	0.999155368198447	NA
TRINITY_DN2374_c0_g1	0.547680345224749	NA	NA
TRINITY_DN2375_c0_g1	0.403977874458737	NA	NA
TRINITY_DN2375_c0_g2	3.36990866070885	NA	NA
TRINITY_DN2376_c0_g1	1.68536406527035	NA	NA
TRINITY_DN2376_c0_g2	-1.81839507008167	NA	NA
TRINITY_DN2377_c0_g1	1.07682084430997	NA	NA
TRINITY_DN2378_c0_g1	-3.34956377730858	NA	NA
TRINITY_DN2378_c0_g1	-3.34956377730858	NA	NA
TRINITY_DN2379_c0_g1	0.681155366131011	0.999155368198447	NA
TRINITY_DN2379_c0_g1	0.681155366131011	0.999155368198447	NA
TRINITY_DN238_c0_g1	-0.0339098417893376	0.999155368198447	NA
TRINITY_DN2381_c0_g1	0.374408258078189	NA	NA
TRINITY_DN2382_c0_g1	-3.49711716618438	NA	NA
TRINITY_DN2383_c0_g1	-2.8254061660887	NA	NA
TRINITY_DN2386_c0_g1	-2.09887334819497	NA	NA
TRINITY_DN2386_c0_g2	-0.255879158700182	NA	NA
TRINITY_DN2388_c0_g1	1.72103335711733	NA	NA
TRINITY_DN239_c0_g1	-0.0702312361919982	0.999155368198447	NA
TRINITY_DN2390_c0_g1	1.20315941338478	NA	NA
TRINITY_DN2390_c0_g1	1.20315941338478	NA	NA
TRINITY_DN2390_c0_g1	1.20315941338478	NA	NA
TRINITY_DN2391_c0_g1	1.70697632589424	NA	NA
TRINITY_DN2393_c0_g1	1.0289195159242	NA	NA
TRINITY_DN2393_c0_g2	-2.51489880723357	NA	NA
TRINITY_DN2393_c0_g3	-0.285699766805676	0.999155368198447	NA
TRINITY_DN2394_c0_g1	1.01426465222552	NA	NA
TRINITY_DN2395_c0_g2	-0.604691978432295	NA	NA
TRINITY_DN2396_c0_g1	-0.517864101922249	NA	NA
TRINITY_DN2396_c0_g2	-1.51247084249732	NA	NA
TRINITY_DN2397_c0_g1	0.36650429823508	NA	NA
TRINITY_DN2398_c0_g1	1.34151787199702	0.999155368198447	NA
TRINITY_DN2398_c0_g1	1.34151787199702	0.999155368198447	NA
TRINITY_DN2398_c0_g1	1.34151787199702	0.999155368198447	NA
TRINITY_DN2398_c0_g2	0.914501092495741	NA	NA
TRINITY_DN2398_c0_g3	0.841775342131512	NA	NA
TRINITY_DN2398_c0_g4	0.91450109249574	NA	NA
TRINITY_DN2398_c0_g5	0.0332513707019456	NA	NA
TRINITY_DN2398_c0_g6	0.145077315882126	NA	NA
TRINITY_DN2398_c0_g7	-0.209141076238385	NA	NA
TRINITY_DN2399_c0_g1	0.821367787066131	NA	NA
TRINITY_DN24_c0_g1	-0.725502981686897	0.999155368198447	NA
TRINITY_DN24_c0_g1	-0.725502981686897	0.999155368198447	NA
TRINITY_DN240_c0_g1	0.0972039161176727	0.999155368198447	NA
TRINITY_DN240_c0_g1	0.0972039161176727	0.999155368198447	NA
TRINITY_DN240_c0_g1	0.0972039161176727	0.999155368198447	NA
TRINITY_DN240_c0_g1	0.0972039161176727	0.999155368198447	NA
TRINITY_DN240_c0_g1	0.0972039161176727	0.999155368198447	NA
TRINITY_DN240_c0_g1	0.0972039161176727	0.999155368198447	NA
TRINITY_DN240_c0_g1	0.0972039161176727	0.999155368198447	NA
TRINITY_DN240_c0_g1	0.0972039161176727	0.999155368198447	NA
TRINITY_DN240_c0_g1	0.0972039161176727	0.999155368198447	NA
TRINITY_DN240_c0_g1	0.0972039161176727	0.999155368198447	NA
TRINITY_DN240_c0_g1	0.0972039161176727	0.999155368198447	NA
TRINITY_DN240_c0_g1	0.0972039161176727	0.999155368198447	NA
TRINITY_DN240_c0_g2	0.023110031293175	0.999155368198447	NA
TRINITY_DN240_c0_g2	0.023110031293175	0.999155368198447	NA
TRINITY_DN240_c0_g2	0.023110031293175	0.999155368198447	NA
TRINITY_DN240_c0_g2	0.023110031293175	0.999155368198447	NA
TRINITY_DN240_c0_g3	-2.10967911576891	NA	NA
TRINITY_DN2402_c0_g1	0.44012958264	NA	NA
TRINITY_DN2402_c0_g2	-0.223125719010851	NA	NA
TRINITY_DN2403_c0_g1	0.718780682089954	NA	NA
TRINITY_DN2405_c0_g1	1.80950231271155	NA	NA
TRINITY_DN2405_c0_g2	-2.49646362384781	NA	NA
TRINITY_DN2405_c0_g3	-1.45370217878665	NA	NA
TRINITY_DN2407_c0_g1	0.431456360089509	NA	NA
TRINITY_DN2408_c0_g1	1.23574862305273	0.999155368198447	NA
TRINITY_DN2408_c1_g2	NA	NA	NA
TRINITY_DN2409_c0_g1	0.404106229434787	NA	NA
TRINITY_DN2409_c0_g2	2.12695553070661	NA	NA
TRINITY_DN241_c0_g1	0.31991056984968	0.999155368198447	NA
TRINITY_DN241_c0_g1	0.31991056984968	0.999155368198447	NA
TRINITY_DN241_c0_g1	0.31991056984968	0.999155368198447	NA
TRINITY_DN241_c0_g2	-2.09858951596389	NA	NA
TRINITY_DN241_c0_g3	-0.92154965966681	NA	NA
TRINITY_DN2410_c0_g1	-2.50977317729397	NA	NA
TRINITY_DN2412_c0_g1	-1.52995717287148	NA	NA
TRINITY_DN2412_c0_g2	-0.192256712165998	NA	NA
TRINITY_DN2413_c0_g1	0.195212622717395	NA	NA
TRINITY_DN2413_c0_g2	0.202581533024647	NA	NA
TRINITY_DN2415_c0_g1	0.91450109249574	NA	NA
TRINITY_DN2415_c0_g2	-1.06595958102667	NA	NA
TRINITY_DN2416_c0_g1	-0.91778320550592	NA	NA
TRINITY_DN2416_c0_g2	-3.26002127092826	NA	NA
TRINITY_DN2417_c0_g1	0.989638988041202	NA	NA
TRINITY_DN2417_c0_g2	1.05489580794833	NA	NA
TRINITY_DN2417_c0_g3	2.41728063509254	NA	NA
TRINITY_DN2419_c0_g1	1.67340219059957	NA	NA
TRINITY_DN2419_c0_g2	-1.3538471505795	NA	NA
TRINITY_DN242_c0_g1	-0.32185924259868	0.999155368198447	NA
TRINITY_DN242_c0_g2	0.209410492524385	NA	NA
TRINITY_DN242_c1_g1	-1.83668997178928	NA	NA
TRINITY_DN2420_c0_g1	-1.1172512428295	NA	NA
TRINITY_DN2420_c0_g2	2.44725580814198	NA	NA
TRINITY_DN2422_c0_g1	0.579761304050871	NA	NA
TRINITY_DN2424_c0_g1	-1.5313999187686	NA	NA
TRINITY_DN2425_c0_g1	0.404168640827309	NA	NA
TRINITY_DN2428_c0_g2	0.796901218401693	NA	NA
TRINITY_DN243_c0_g1	-1.8009132010128	0.951303799648802	NA
TRINITY_DN243_c0_g2	-0.555698564392291	0.999155368198447	NA
TRINITY_DN243_c0_g2	-0.555698564392291	0.999155368198447	NA
TRINITY_DN243_c0_g2	-0.555698564392291	0.999155368198447	NA
TRINITY_DN243_c0_g2	-0.555698564392291	0.999155368198447	NA
TRINITY_DN243_c0_g2	-0.555698564392291	0.999155368198447	NA
TRINITY_DN243_c0_g2	-0.555698564392291	0.999155368198447	NA
TRINITY_DN243_c1_g1	-0.412964766664976	NA	NA
TRINITY_DN2430_c0_g1	2.42559656692623	NA	NA
TRINITY_DN2431_c0_g1	-0.165230699498146	NA	NA
TRINITY_DN2432_c0_g2	0.925165100807118	NA	NA
TRINITY_DN2433_c0_g1	1.12842614041863	NA	NA
TRINITY_DN2433_c0_g2	-0.190471890044722	NA	NA
TRINITY_DN2434_c0_g1	-1.49184250979268	NA	NA
TRINITY_DN2434_c0_g2	-2.46735772181048	NA	NA
TRINITY_DN2435_c0_g1	-0.538670594812103	NA	NA
TRINITY_DN2435_c0_g2	0.95970804710785	NA	NA
TRINITY_DN2436_c0_g1	0.645078694824007	0.999155368198447	NA
TRINITY_DN2437_c0_g1	-4.38966517121817	NA	NA
TRINITY_DN2437_c1_g1	-0.65306324228018	NA	NA
TRINITY_DN2438_c0_g1	2.11285626301298	NA	NA
TRINITY_DN2439_c0_g1	0.441994643746863	NA	NA
TRINITY_DN2439_c0_g2	-0.618481292297161	NA	NA
TRINITY_DN244_c0_g1	-0.143969829664861	0.999155368198447	NA
TRINITY_DN244_c0_g1	-0.143969829664861	0.999155368198447	NA
TRINITY_DN244_c0_g1	-0.143969829664861	0.999155368198447	NA
TRINITY_DN2440_c0_g1	-2.08892079613609	NA	NA
TRINITY_DN2441_c0_g1	-2.43088167917719	NA	NA
TRINITY_DN2441_c0_g2	0.274804468181285	NA	NA
TRINITY_DN2442_c0_g1	-2.52243225130954	NA	NA
TRINITY_DN2444_c0_g1	0.743918640068361	NA	NA
TRINITY_DN2444_c0_g1	0.743918640068361	NA	NA
TRINITY_DN2445_c0_g1	2.39439602029138	NA	NA
TRINITY_DN2446_c0_g1	2.39439602029138	NA	NA
TRINITY_DN2447_c0_g1	-2.41340458201845	NA	NA
TRINITY_DN2447_c0_g2	-0.768614095511196	NA	NA
TRINITY_DN2448_c0_g1	-0.0128612913329252	NA	NA
TRINITY_DN2448_c0_g2	-1.94406784040358	NA	NA
TRINITY_DN2449_c0_g1	-0.182660793548211	NA	NA
TRINITY_DN245_c0_g1	0.327983981455616	0.999155368198447	NA
TRINITY_DN2450_c0_g1	-1.0792929150434	NA	NA
TRINITY_DN2450_c0_g2	1.69825018079676	NA	NA
TRINITY_DN2451_c0_g1	-1.08915177945199	NA	NA
TRINITY_DN2451_c0_g2	-0.0435676766592576	NA	NA
TRINITY_DN2452_c0_g1	-1.154911570455	NA	NA
TRINITY_DN2452_c0_g2	-2.09302402147116	NA	NA
TRINITY_DN2453_c0_g1	-0.216226129162998	0.999155368198447	NA
TRINITY_DN2454_c0_g1	-1.12460985786572	NA	NA
TRINITY_DN2455_c0_g1	0.34873742558199	NA	NA
TRINITY_DN2455_c0_g2	1.41285667384323	NA	NA
TRINITY_DN2456_c0_g1	1.7483869705314	NA	NA
TRINITY_DN2457_c0_g1	0.936791312382563	NA	NA
TRINITY_DN2458_c0_g1	1.98260579062552	NA	NA
TRINITY_DN2459_c0_g1	-1.31507380060267	NA	NA
TRINITY_DN246_c0_g1	1.75896098492168	0.999155368198447	NA
TRINITY_DN246_c0_g1	1.75896098492168	0.999155368198447	NA
TRINITY_DN2460_c0_g1	1.37070790551069	NA	NA
TRINITY_DN2462_c0_g1	1.77405719973024	NA	NA
TRINITY_DN2462_c0_g2	-0.766969835633282	NA	NA
TRINITY_DN2463_c0_g1	0.37470054604006	NA	NA
TRINITY_DN2464_c0_g1	-1.51055012355871	NA	NA
TRINITY_DN2465_c0_g1	-0.48594899820435	NA	NA
TRINITY_DN2467_c0_g1	2.68967806471283	NA	NA
TRINITY_DN2468_c0_g1	1.12951729403447	NA	NA
TRINITY_DN247_c0_g1	-0.990610690972769	NA	NA
TRINITY_DN247_c0_g2	0.996524360092273	0.999155368198447	NA
TRINITY_DN2471_c0_g1	1.39159092000695	NA	NA
TRINITY_DN2473_c0_g1	-0.530099867656426	NA	NA
TRINITY_DN2474_c0_g1	-0.189853246902795	0.999155368198447	NA
TRINITY_DN2475_c0_g1	0.39899312446451	NA	NA
TRINITY_DN2475_c0_g2	0.42867485923309	NA	NA
TRINITY_DN2475_c0_g3	-2.34566157973115	NA	NA
TRINITY_DN2475_c1_g1	2.41911743801694	NA	NA
TRINITY_DN2477_c0_g1	0.408854601089849	NA	NA
TRINITY_DN2478_c0_g2	0.394786704168564	NA	NA
TRINITY_DN2479_c0_g1	-0.945895987093427	NA	NA
TRINITY_DN248_c0_g1	0.0918220548059286	0.999155368198447	NA
TRINITY_DN248_c0_g1	0.0918220548059286	0.999155368198447	NA
TRINITY_DN2480_c0_g1	-1.46525305730324	NA	NA
TRINITY_DN2481_c0_g1	0.403723183398333	NA	NA
TRINITY_DN2481_c0_g2	2.70998682388821	NA	NA
TRINITY_DN2482_c0_g1	-2.84539631200453	NA	NA
TRINITY_DN2485_c0_g2	-2.11003274646845	NA	NA
TRINITY_DN2487_c0_g1	2.39439602029138	NA	NA
TRINITY_DN2488_c0_g1	0.103156534552041	NA	NA
TRINITY_DN2488_c1_g1	-2.50207049340809	NA	NA
TRINITY_DN2489_c0_g1	0.209047215587858	NA	NA
TRINITY_DN249_c0_g1	-2.13940640954872	NA	NA
TRINITY_DN249_c0_g2	-0.0593012534733618	0.999155368198447	NA
TRINITY_DN2490_c0_g2	-0.319684212122912	NA	NA
TRINITY_DN2490_c0_g4	-0.975196123960766	0.999155368198447	NA
TRINITY_DN2490_c1_g1	0.771811347805336	0.999155368198447	NA
TRINITY_DN2490_c1_g1	0.771811347805336	0.999155368198447	NA
TRINITY_DN2490_c1_g1	0.771811347805336	0.999155368198447	NA
TRINITY_DN2491_c0_g2	1.72844271677504	NA	NA
TRINITY_DN2492_c0_g1	1.40103806157576	NA	NA
TRINITY_DN2494_c0_g1	-2.79104702021596	NA	NA
TRINITY_DN2494_c0_g2	-0.150981716884033	NA	NA
TRINITY_DN2494_c0_g3	0.941144289967844	0.999155368198447	NA
TRINITY_DN2494_c0_g3	0.941144289967844	0.999155368198447	NA
TRINITY_DN2495_c0_g1	0.085932039585971	0.999155368198447	NA
TRINITY_DN2496_c0_g2	1.66537609887724	NA	NA
TRINITY_DN2497_c0_g1	1.06505952317754	NA	NA
TRINITY_DN2497_c0_g2	-1.0236961663135	NA	NA
TRINITY_DN2498_c0_g1	2.39439602029138	NA	NA
TRINITY_DN2499_c0_g1	2.34479942720385	NA	NA
TRINITY_DN2499_c0_g2	1.76208259853803	NA	NA
TRINITY_DN25_c0_g1	0.789878239041489	0.633886881054736	NA
TRINITY_DN25_c0_g1	0.789878239041489	0.633886881054736	NA
TRINITY_DN25_c0_g1	0.789878239041489	0.633886881054736	NA
TRINITY_DN25_c0_g1	0.789878239041489	0.633886881054736	NA
TRINITY_DN250_c0_g1	0.475566463538247	0.999155368198447	NA
TRINITY_DN250_c0_g1	0.475566463538247	0.999155368198447	NA
TRINITY_DN250_c0_g1	0.475566463538247	0.999155368198447	NA
TRINITY_DN2501_c0_g1	0.391503982931285	NA	NA
TRINITY_DN2502_c0_g1	-1.47792077232971	NA	NA
TRINITY_DN2504_c0_g1	-0.600570478229225	NA	NA
TRINITY_DN2505_c0_g1	NA	NA	NA
TRINITY_DN2505_c0_g2	2.34479942720385	NA	NA
TRINITY_DN2506_c0_g1	-1.09606089116463	NA	NA
TRINITY_DN2508_c0_g1	1.66866518811531	NA	NA
TRINITY_DN2509_c0_g1	-2.76863270855839	NA	NA
TRINITY_DN251_c0_g1	-0.614809190124396	0.999155368198447	NA
TRINITY_DN251_c0_g1	-0.614809190124396	0.999155368198447	NA
TRINITY_DN2510_c0_g1	-1.8640735178669	NA	NA
TRINITY_DN2510_c0_g2	-1.20205558506631	NA	NA
TRINITY_DN2511_c0_g1	-0.540804307479104	NA	NA
TRINITY_DN2512_c0_g1	1.39630189774664	NA	NA
TRINITY_DN2513_c0_g1	0.613308518314524	0.999155368198447	NA
TRINITY_DN2514_c0_g1	1.68828175544729	NA	NA
TRINITY_DN2515_c0_g1	-1.10658839787285	NA	NA
TRINITY_DN2515_c0_g2	-0.768614095511196	NA	NA
TRINITY_DN2516_c0_g1	0.418000653752554	NA	NA
TRINITY_DN2517_c0_g1	-1.18202385802528	NA	NA
TRINITY_DN2517_c0_g2	-1.73152066171209	NA	NA
TRINITY_DN2517_c0_g3	-0.201325382302367	NA	NA
TRINITY_DN2518_c0_g1	-1.81699235117441	NA	NA
TRINITY_DN2519_c1_g1	-1.50952399553902	NA	NA
TRINITY_DN2519_c1_g2	-3.30084106106147	NA	NA
TRINITY_DN252_c0_g1	-0.893741728843971	0.999155368198447	NA
TRINITY_DN252_c0_g1	-0.893741728843971	0.999155368198447	NA
TRINITY_DN2523_c0_g1	2.37261408224264	NA	NA
TRINITY_DN2523_c0_g2	-0.627770131526616	NA	NA
TRINITY_DN2525_c0_g1	2.09298639205232	NA	NA
TRINITY_DN2526_c0_g1	0.952937431935421	NA	NA
TRINITY_DN2526_c0_g2	0.113922627389412	NA	NA
TRINITY_DN2528_c0_g1	-0.435322366484053	0.999155368198447	NA
TRINITY_DN2528_c0_g1	-0.435322366484053	0.999155368198447	NA
TRINITY_DN2529_c0_g1	1.62740717625122	NA	NA
TRINITY_DN253_c0_g1	-0.239030739690539	0.999155368198447	NA
TRINITY_DN2530_c0_g2	2.40350361493557	NA	NA
TRINITY_DN2531_c0_g1	1.6816385841998	NA	NA
TRINITY_DN2532_c0_g1	-3.51004668112479	NA	NA
TRINITY_DN2532_c0_g2	-0.521552117550327	NA	NA
TRINITY_DN2533_c0_g1	0.934540088600683	NA	NA
TRINITY_DN2533_c0_g2	-1.47666627941346	NA	NA
TRINITY_DN2535_c0_g1	-1.45746470731771	NA	NA
TRINITY_DN2535_c0_g2	2.42295270529176	NA	NA
TRINITY_DN2537_c0_g1	-0.234331927176562	NA	NA
TRINITY_DN2538_c0_g1	0.0845647245260343	NA	NA
TRINITY_DN254_c0_g1	-0.483469208255304	0.999155368198447	NA
TRINITY_DN254_c0_g1	-0.483469208255304	0.999155368198447	NA
TRINITY_DN254_c0_g2	-0.770433136358043	0.999155368198447	NA
TRINITY_DN254_c0_g3	-0.583127698796838	NA	NA
TRINITY_DN2540_c0_g1	2.34479942720385	NA	NA
TRINITY_DN2541_c0_g1	-1.83639625243961	NA	NA
TRINITY_DN2542_c0_g1	-2.67803832053083	NA	NA
TRINITY_DN2542_c0_g2	0.391437419419224	NA	NA
TRINITY_DN2544_c0_g1	2.77589200588675	NA	NA
TRINITY_DN2545_c0_g1	2.22701590727824	NA	NA
TRINITY_DN2545_c0_g1	2.22701590727824	NA	NA
TRINITY_DN2546_c0_g1	-0.54334955585412	NA	NA
TRINITY_DN2547_c0_g1	2.79549527594491	NA	NA
TRINITY_DN2549_c0_g1	-0.075915990859428	0.999155368198447	NA
TRINITY_DN2549_c0_g1	-0.075915990859428	0.999155368198447	NA
TRINITY_DN255_c0_g1	-0.614298093238195	0.999155368198447	NA
TRINITY_DN255_c0_g1	-0.614298093238195	0.999155368198447	NA
TRINITY_DN255_c0_g1	-0.614298093238195	0.999155368198447	NA
TRINITY_DN2550_c0_g1	-0.601086698948382	NA	NA
TRINITY_DN2550_c0_g2	2.1023527698666	NA	NA
TRINITY_DN2551_c0_g1	0.628992464837752	NA	NA
TRINITY_DN2553_c0_g1	0.253312710854915	NA	NA
TRINITY_DN2555_c0_g1	-0.161983912219328	0.999155368198447	NA
TRINITY_DN2555_c0_g1	-0.161983912219328	0.999155368198447	NA
TRINITY_DN2555_c0_g2	-0.596367345848258	0.999155368198447	NA
TRINITY_DN2556_c0_g1	0.425022136184383	NA	NA
TRINITY_DN2557_c0_g1	-3.32503896342794	NA	NA
TRINITY_DN2559_c0_g1	-1.44865544126394	NA	NA
TRINITY_DN2559_c0_g2	1.07595131066174	NA	NA
TRINITY_DN256_c0_g1	0.10339326327327	0.999155368198447	NA
TRINITY_DN2561_c0_g1	-3.44458681474003	NA	NA
TRINITY_DN2562_c0_g1	0.971463774517103	NA	NA
TRINITY_DN2563_c0_g1	-2.06986546473087	NA	NA
TRINITY_DN2563_c0_g2	-0.936112719931667	0.999155368198447	NA
TRINITY_DN2563_c0_g3	0.91450109249574	NA	NA
TRINITY_DN2565_c0_g1	-0.608152022470129	NA	NA
TRINITY_DN2568_c0_g1	0.365152820714915	NA	NA
TRINITY_DN2569_c0_g1	-1.99987284096263	NA	NA
TRINITY_DN257_c0_g1	-0.0674879951672571	NA	NA
TRINITY_DN257_c1_g1	0.143838726434921	0.999155368198447	NA
TRINITY_DN257_c2_g1	2.39439602029138	NA	NA
TRINITY_DN2570_c0_g1	-2.52644957687013	NA	NA
TRINITY_DN2571_c0_g1	-1.86374661531849	NA	NA
TRINITY_DN2571_c0_g2	-0.519963465469119	NA	NA
TRINITY_DN2572_c0_g1	1.61479372530089	NA	NA
TRINITY_DN2573_c0_g1	-0.199992481762739	NA	NA
TRINITY_DN2575_c0_g1	-1.50576064523823	NA	NA
TRINITY_DN2575_c0_g2	1.65793548112042	NA	NA
TRINITY_DN2576_c0_g1	-1.04998070313091	NA	NA
TRINITY_DN2576_c0_g2	0.391164844294175	NA	NA
TRINITY_DN2577_c0_g1	-1.513323391312	NA	NA
TRINITY_DN2577_c0_g2	2.34479942720385	NA	NA
TRINITY_DN2578_c0_g1	-1.10554985799237	NA	NA
TRINITY_DN2578_c0_g2	-0.495871266471905	NA	NA
TRINITY_DN2578_c0_g2	-0.495871266471905	NA	NA
TRINITY_DN2579_c0_g1	-0.342374835133244	NA	NA
TRINITY_DN258_c0_g1	0.42546205758415	0.999155368198447	NA
TRINITY_DN258_c0_g1	0.42546205758415	0.999155368198447	NA
TRINITY_DN2580_c0_g1	1.19438391907312	NA	NA
TRINITY_DN2582_c0_g1	0.96968840347764	NA	NA
TRINITY_DN2583_c0_g1	2.3898365606805	NA	NA
TRINITY_DN2585_c0_g1	-1.50622459374037	NA	NA
TRINITY_DN2585_c0_g2	0.190577608519471	0.999155368198447	NA
TRINITY_DN2585_c0_g2	0.190577608519471	0.999155368198447	NA
TRINITY_DN2586_c0_g1	-3.12698246159859	NA	NA
TRINITY_DN2587_c0_g1	-1.11560146941619	NA	NA
TRINITY_DN2587_c0_g2	-1.1736240084159	NA	NA
TRINITY_DN2588_c0_g1	-2.12599672253002	NA	NA
TRINITY_DN2589_c0_g1	-0.0304602599913272	NA	NA
TRINITY_DN259_c0_g1	0.359221465881378	NA	NA
TRINITY_DN259_c0_g2	1.12801500807558	NA	NA
TRINITY_DN2590_c0_g1	1.18010653794327	NA	NA
TRINITY_DN2590_c0_g2	0.390194757988503	NA	NA
TRINITY_DN2591_c0_g1	-2.5267151393928	NA	NA
TRINITY_DN2594_c0_g2	-2.84474008670839	NA	NA
TRINITY_DN2596_c0_g1	-0.768614095511196	NA	NA
TRINITY_DN2597_c0_g2	-2.67858698442525	NA	NA
TRINITY_DN2598_c0_g1	-2.12599672253002	NA	NA
TRINITY_DN2599_c0_g1	0.2020828186765	0.999155368198447	NA
TRINITY_DN26_c0_g1	0.20026311435038	0.999155368198447	NA
TRINITY_DN26_c0_g1	0.20026311435038	0.999155368198447	NA
TRINITY_DN260_c0_g1	-0.397190781041393	0.999155368198447	NA
TRINITY_DN2600_c0_g1	1.04231797243705	NA	NA
TRINITY_DN2600_c0_g2	-0.22263799105455	NA	NA
TRINITY_DN2601_c0_g1	NA	NA	NA
TRINITY_DN2601_c0_g2	1.6718380950119	NA	NA
TRINITY_DN2602_c0_g1	0.147405436508914	0.999155368198447	NA
TRINITY_DN2604_c0_g1	1.59615791964056	NA	NA
TRINITY_DN2605_c0_g1	-1.07175345448147	NA	NA
TRINITY_DN2606_c0_g1	0.383209741399457	NA	NA
TRINITY_DN2607_c0_g1	0.411531762186705	NA	NA
TRINITY_DN2607_c0_g2	-2.04417653186508	NA	NA
TRINITY_DN2608_c0_g1	0.375977247356757	NA	NA
TRINITY_DN2609_c0_g1	-0.0135536251680688	0.999155368198447	NA
TRINITY_DN261_c0_g1	-0.284015671731378	0.999155368198447	NA
TRINITY_DN261_c0_g1	-0.284015671731378	0.999155368198447	NA
TRINITY_DN261_c0_g1	-0.284015671731378	0.999155368198447	NA
TRINITY_DN261_c0_g1	-0.284015671731378	0.999155368198447	NA
TRINITY_DN261_c0_g1	-0.284015671731378	0.999155368198447	NA
TRINITY_DN2610_c0_g1	0.413291071812512	NA	NA
TRINITY_DN2610_c0_g2	0.0114659152873998	0.999155368198447	NA
TRINITY_DN2610_c0_g2	0.0114659152873998	0.999155368198447	NA
TRINITY_DN2611_c0_g1	0.441055824826256	NA	NA
TRINITY_DN2612_c0_g1	-0.16124700019868	NA	NA
TRINITY_DN2612_c0_g2	-2.85038247708745	NA	NA
TRINITY_DN2613_c0_g1	0.395963462304024	NA	NA
TRINITY_DN2613_c0_g2	1.9506428124513	NA	NA
TRINITY_DN2614_c0_g1	0.633280872427073	NA	NA
TRINITY_DN2615_c0_g1	-0.526198305524007	NA	NA
TRINITY_DN2615_c0_g2	1.14429843755222	NA	NA
TRINITY_DN2616_c0_g1	-0.258369271499343	0.999155368198447	NA
TRINITY_DN2616_c0_g1	-0.258369271499343	0.999155368198447	NA
TRINITY_DN2617_c0_g1	1.62374001564566	NA	NA
TRINITY_DN2617_c0_g2	0.401514185329158	NA	NA
TRINITY_DN2617_c0_g3	0.338048087958246	NA	NA
TRINITY_DN2618_c0_g1	-2.4964636238478	NA	NA
TRINITY_DN2619_c0_g1	-0.339241943491708	NA	NA
TRINITY_DN2619_c0_g2	-0.517480276025597	NA	NA
TRINITY_DN262_c0_g1	-0.0633714481638574	0.999155368198447	NA
TRINITY_DN262_c0_g1	-0.0633714481638574	0.999155368198447	NA
TRINITY_DN2620_c0_g1	1.66199294592527	NA	NA
TRINITY_DN2621_c0_g1	-0.768614095511196	NA	NA
TRINITY_DN2621_c0_g2	0.420629358844751	NA	NA
TRINITY_DN2621_c0_g3	-2.30690480225989	NA	NA
TRINITY_DN2622_c0_g1	-1.84602377566474	NA	NA
TRINITY_DN2622_c0_g2	-2.12599672253002	NA	NA
TRINITY_DN2622_c0_g3	1.80950231271155	NA	NA
TRINITY_DN2623_c0_g1	-0.768614095511196	NA	NA
TRINITY_DN2623_c0_g2	-2.48690612079234	NA	NA
TRINITY_DN2624_c0_g1	0.473766379938493	NA	NA
TRINITY_DN2625_c0_g1	-2.82793479137136	NA	NA
TRINITY_DN2627_c0_g1	-1.14298580475028	NA	NA
TRINITY_DN2628_c0_g1	-0.0450278776529606	NA	NA
TRINITY_DN2629_c1_g1	0.110498413458793	NA	NA
TRINITY_DN263_c0_g1	0.0166760983889079	0.999155368198447	NA
TRINITY_DN263_c0_g1	0.0166760983889079	0.999155368198447	NA
TRINITY_DN263_c0_g1	0.0166760983889079	0.999155368198447	NA
TRINITY_DN2630_c0_g1	0.943851985056386	NA	NA
TRINITY_DN2631_c0_g1	-0.0926431607074791	0.999155368198447	NA
TRINITY_DN2631_c0_g1	-0.0926431607074791	0.999155368198447	NA
TRINITY_DN2632_c0_g1	1.17346542442099	NA	NA
TRINITY_DN2632_c0_g2	-1.82513285681026	NA	NA
TRINITY_DN2633_c0_g1	-0.345307865538128	NA	NA
TRINITY_DN2636_c0_g1	1.65852491825896	NA	NA
TRINITY_DN2636_c0_g2	-2.04091539438375	NA	NA
TRINITY_DN2637_c0_g1	-3.6757977415877	NA	NA
TRINITY_DN2637_c0_g2	0.809794010901742	0.999155368198447	NA
TRINITY_DN2638_c0_g1	2.097348545322	NA	NA
TRINITY_DN2638_c0_g2	1.83483525224407	NA	NA
TRINITY_DN2639_c0_g1	0.293636144604824	0.999155368198447	NA
TRINITY_DN2639_c0_g2	-1.15517512093383	NA	NA
TRINITY_DN264_c0_g1	-0.119556886873161	0.999155368198447	NA
TRINITY_DN2640_c0_g1	2.82457370376404	NA	NA
TRINITY_DN2642_c0_g1	1.34633806759973	NA	NA
TRINITY_DN2642_c0_g2	-1.52237678933332	NA	NA
TRINITY_DN2642_c0_g3	-1.826144975839	NA	NA
TRINITY_DN2643_c0_g1	1.02829541036583	NA	NA
TRINITY_DN2644_c0_g1	-0.204117361328098	NA	NA
TRINITY_DN2645_c0_g1	-0.686160597188135	0.999155368198447	NA
TRINITY_DN2646_c0_g1	-1.77432627282186	NA	NA
TRINITY_DN2647_c0_g1	-1.51408937232975	NA	NA
TRINITY_DN2647_c0_g2	2.86279211382665	NA	NA
TRINITY_DN2648_c0_g1	2.86279211382665	NA	NA
TRINITY_DN2648_c0_g2	0.188725307379803	NA	NA
TRINITY_DN2648_c0_g3	0.099851731787348	NA	NA
TRINITY_DN2649_c0_g1	-0.845808378603088	NA	NA
TRINITY_DN265_c0_g1	0.611667947350976	0.999155368198447	NA
TRINITY_DN265_c0_g1	0.611667947350976	0.999155368198447	NA
TRINITY_DN2650_c0_g1	-0.171864126358491	NA	NA
TRINITY_DN2651_c0_g1	-0.851554304161809	0.999155368198447	NA
TRINITY_DN2651_c0_g2	-0.331010266935164	NA	NA
TRINITY_DN2652_c0_g1	-1.84779968916811	NA	NA
TRINITY_DN2653_c0_g2	-1.37119963841522	NA	NA
TRINITY_DN2654_c0_g1	-2.83698062521981	NA	NA
TRINITY_DN2655_c0_g1	-0.489462154012962	NA	NA
TRINITY_DN2655_c0_g2	-1.10936402933176	NA	NA
TRINITY_DN2656_c0_g1	-0.0282783545805471	NA	NA
TRINITY_DN2657_c0_g1	2.81098318544843	NA	NA
TRINITY_DN2658_c0_g1	1.38392116622253	NA	NA
TRINITY_DN2658_c0_g2	2.41769466210587	NA	NA
TRINITY_DN2659_c0_g1	-2.05236677802913	NA	NA
TRINITY_DN266_c0_g1	-0.570784771657973	0.999155368198447	NA
TRINITY_DN266_c0_g1	-0.570784771657973	0.999155368198447	NA
TRINITY_DN266_c0_g1	-0.570784771657973	0.999155368198447	NA
TRINITY_DN266_c0_g1	-0.570784771657973	0.999155368198447	NA
TRINITY_DN266_c0_g1	-0.570784771657973	0.999155368198447	NA
TRINITY_DN2661_c0_g1	2.81666920821917	NA	NA
TRINITY_DN2662_c0_g1	2.34479942720385	NA	NA
TRINITY_DN2662_c0_g2	-0.00650782936067306	NA	NA
TRINITY_DN2663_c0_g1	-1.40514937179812	NA	NA
TRINITY_DN2664_c0_g1	0.121805645651964	NA	NA
TRINITY_DN2665_c0_g2	-1.11756298174051	NA	NA
TRINITY_DN2666_c0_g1	-2.08134676973634	NA	NA
TRINITY_DN2667_c0_g1	1.24065920650503	NA	NA
TRINITY_DN2668_c0_g1	-0.0120816313845109	0.999155368198447	NA
TRINITY_DN2669_c0_g1	-0.900878057641213	NA	NA
TRINITY_DN2669_c0_g2	-0.282216317426985	0.999155368198447	NA
TRINITY_DN267_c0_g1	-0.792003032237681	0.999155368198447	NA
TRINITY_DN267_c0_g1	-0.792003032237681	0.999155368198447	NA
TRINITY_DN267_c0_g1	-0.792003032237681	0.999155368198447	NA
TRINITY_DN267_c0_g1	-0.792003032237681	0.999155368198447	NA
TRINITY_DN2670_c0_g1	0.174305267467321	NA	NA
TRINITY_DN2671_c0_g1	-2.52496739326071	NA	NA
TRINITY_DN2671_c0_g2	0.914501092495741	NA	NA
TRINITY_DN2672_c0_g1	2.39596766273368	NA	NA
TRINITY_DN2673_c0_g2	1.14821181267545	NA	NA
TRINITY_DN2674_c0_g1	0.459249339923264	0.999155368198447	NA
TRINITY_DN2674_c0_g2	1.69735421145402	NA	NA
TRINITY_DN2675_c0_g1	1.08565116511062	NA	NA
TRINITY_DN2675_c0_g2	0.646385756700986	NA	NA
TRINITY_DN2676_c0_g1	-1.87416619629316	NA	NA
TRINITY_DN2677_c0_g1	-0.461848218363692	NA	NA
TRINITY_DN2677_c0_g2	-0.828425089066652	NA	NA
TRINITY_DN2678_c0_g1	-0.561884919390889	NA	NA
TRINITY_DN2678_c0_g2	1.97218915130229	NA	NA
TRINITY_DN2679_c0_g1	0.815991434384338	0.999155368198447	NA
TRINITY_DN2679_c0_g1	0.815991434384338	0.999155368198447	NA
TRINITY_DN268_c0_g1	1.48375196082541	0.999155368198447	NA
TRINITY_DN2680_c0_g1	1.67147604683082	NA	NA
TRINITY_DN2681_c0_g1	0.967814360773364	NA	NA
TRINITY_DN2681_c0_g2	-1.45555818491083	NA	NA
TRINITY_DN2682_c0_g1	0.0496919563037136	NA	NA
TRINITY_DN2683_c0_g1	-0.610776848653086	NA	NA
TRINITY_DN2683_c0_g2	0.651860358089174	NA	NA
TRINITY_DN2685_c0_g1	-2.81170002975611	NA	NA
TRINITY_DN2686_c0_g1	-1.50319951623125	NA	NA
TRINITY_DN2687_c0_g1	-1.51486051719129	NA	NA
TRINITY_DN2688_c0_g1	-2.09999307534651	NA	NA
TRINITY_DN2688_c0_g2	1.38600434666115	NA	NA
TRINITY_DN269_c0_g1	-0.798907646178252	0.999155368198447	NA
TRINITY_DN2690_c0_g1	-0.0434255896570131	NA	NA
TRINITY_DN2692_c0_g1	0.789608644592082	NA	NA
TRINITY_DN2692_c0_g2	-0.351262767392507	NA	NA
TRINITY_DN2693_c0_g1	-2.6342269931691	NA	NA
TRINITY_DN2693_c0_g1	-2.6342269931691	NA	NA
TRINITY_DN2693_c0_g2	0.414716989576116	NA	NA
TRINITY_DN2693_c0_g3	0.723110811727556	NA	NA
TRINITY_DN2694_c0_g1	-1.92397411129445	NA	NA
TRINITY_DN2694_c0_g2	0.709635843853407	NA	NA
TRINITY_DN2695_c0_g1	-0.903474466394282	NA	NA
TRINITY_DN2696_c0_g1	0.607008336503865	0.999155368198447	NA
TRINITY_DN2696_c0_g1	0.607008336503865	0.999155368198447	NA
TRINITY_DN2696_c0_g2	-0.52148020047349	NA	NA
TRINITY_DN2697_c0_g1	3.10227196628077	NA	NA
TRINITY_DN2699_c0_g1	-2.82283191227678	NA	NA
TRINITY_DN27_c0_g1	0.296680275195217	0.999155368198447	NA
TRINITY_DN27_c0_g1	0.296680275195217	0.999155368198447	NA
TRINITY_DN270_c0_g1	0.402116671688371	0.999155368198447	NA
TRINITY_DN2701_c0_g1	0.385496287793178	NA	NA
TRINITY_DN2702_c0_g1	-0.924553798691278	NA	NA
TRINITY_DN2703_c0_g1	-1.10293054073326	NA	NA
TRINITY_DN2704_c0_g1	3.15504009354711	NA	NA
TRINITY_DN2706_c0_g1	-0.246623280744036	NA	NA
TRINITY_DN2706_c0_g2	0.205699651461866	NA	NA
TRINITY_DN2708_c0_g1	0.404959300736542	NA	NA
TRINITY_DN2708_c0_g2	0.91450109249574	NA	NA
TRINITY_DN2708_c0_g3	1.41957555469637	NA	NA
TRINITY_DN271_c0_g1	2.09896451730079	NA	NA
TRINITY_DN271_c0_g2	3.83337537796906	NA	NA
TRINITY_DN271_c0_g3	0.642019011343328	NA	NA
TRINITY_DN271_c0_g4	-0.460341392641061	0.999155368198447	NA
TRINITY_DN271_c1_g1	-0.919405993105435	0.999155368198447	NA
TRINITY_DN271_c2_g1	1.00048003561681	NA	NA
TRINITY_DN2710_c0_g1	-1.10337698787118	NA	NA
TRINITY_DN2710_c0_g2	0.339087570389588	NA	NA
TRINITY_DN2711_c0_g1	0.186292840257346	NA	NA
TRINITY_DN2711_c0_g2	-1.51800547229586	NA	NA
TRINITY_DN2712_c0_g1	-0.768614095511196	NA	NA
TRINITY_DN2712_c0_g2	1.05397661439308	NA	NA
TRINITY_DN2713_c0_g1	0.643333968482464	NA	NA
TRINITY_DN2713_c0_g2	1.40332803370499	NA	NA
TRINITY_DN2714_c0_g2	1.71147454147678	NA	NA
TRINITY_DN2715_c0_g1	-0.928229352693514	NA	NA
TRINITY_DN2715_c0_g2	0.837250182301156	NA	NA
TRINITY_DN2716_c0_g1	1.61958261548515	NA	NA
TRINITY_DN2717_c0_g1	0.403091127445874	0.999155368198447	NA
TRINITY_DN2717_c0_g1	0.403091127445874	0.999155368198447	NA
TRINITY_DN2718_c0_g1	0.379116680570434	NA	NA
TRINITY_DN2719_c0_g1	0.0301455891419004	0.999155368198447	NA
TRINITY_DN272_c0_g1	-0.914692363697956	NA	NA
TRINITY_DN2720_c0_g1	-0.114494508522717	NA	NA
TRINITY_DN2721_c0_g1	-1.45625163283306	NA	NA
TRINITY_DN2721_c0_g2	1.09439705421984	NA	NA
TRINITY_DN2722_c0_g1	0.958636139637495	NA	NA
TRINITY_DN2722_c0_g2	0.768569048652504	NA	NA
TRINITY_DN2723_c0_g1	0.989164380716174	NA	NA
TRINITY_DN2723_c0_g2	-0.85100600582439	NA	NA
TRINITY_DN2725_c0_g1	0.319550685256043	NA	NA
TRINITY_DN2726_c0_g1	0.233242938737484	0.999155368198447	NA
TRINITY_DN2726_c0_g1	0.233242938737484	0.999155368198447	NA
TRINITY_DN2727_c0_g1	-0.366775847267608	NA	NA
TRINITY_DN2728_c0_g1	0.367563166212569	NA	NA
TRINITY_DN2729_c0_g1	-0.174512137419274	NA	NA
TRINITY_DN2729_c0_g1	-0.174512137419274	NA	NA
TRINITY_DN273_c0_g1	-0.821692568624345	0.999155368198447	NA
TRINITY_DN273_c0_g1	-0.821692568624345	0.999155368198447	NA
TRINITY_DN273_c0_g1	-0.821692568624345	0.999155368198447	NA
TRINITY_DN2730_c0_g1	-1.05799248058011	NA	NA
TRINITY_DN2730_c0_g2	-0.608755625787749	NA	NA
TRINITY_DN2731_c0_g1	-0.137459104815773	NA	NA
TRINITY_DN2732_c0_g1	-1.1959949775416	NA	NA
TRINITY_DN2732_c0_g2	0.403243726960308	NA	NA
TRINITY_DN2733_c0_g1	1.96717244973186	NA	NA
TRINITY_DN2733_c0_g2	-0.405080326387362	NA	NA
TRINITY_DN2734_c0_g1	-1.19794115444735	NA	NA
TRINITY_DN2734_c0_g2	-3.91877880892828	NA	NA
TRINITY_DN2735_c0_g1	0.779972727556921	NA	NA
TRINITY_DN2735_c0_g2	-0.499810410843902	NA	NA
TRINITY_DN2737_c0_g1	2.44725580814198	NA	NA
TRINITY_DN2737_c0_g2	0.193972767358748	NA	NA
TRINITY_DN2738_c0_g1	0.0438663222419576	NA	NA
TRINITY_DN2738_c0_g2	-0.220869161270909	NA	NA
TRINITY_DN2739_c0_g1	-3.07259900590227	NA	NA
TRINITY_DN274_c0_g1	-0.191385033231761	0.999155368198447	NA
TRINITY_DN274_c0_g1	-0.191385033231761	0.999155368198447	NA
TRINITY_DN274_c0_g1	-0.191385033231761	0.999155368198447	NA
TRINITY_DN274_c0_g2	-2.4964636238478	NA	NA
TRINITY_DN274_c0_g3	0.0927388775773111	NA	NA
TRINITY_DN2740_c0_g1	-1.20450896564921	NA	NA
TRINITY_DN2741_c0_g1	-2.79864567731532	NA	NA
TRINITY_DN2742_c0_g1	0.407699195752352	NA	NA
TRINITY_DN2743_c0_g1	-0.464105510799535	NA	NA
TRINITY_DN2743_c0_g2	-1.50157437475028	NA	NA
TRINITY_DN2743_c0_g3	3.62521369786249	NA	NA
TRINITY_DN2743_c0_g4	-0.82618754941685	NA	NA
TRINITY_DN2744_c0_g1	0.355277095825896	NA	NA
TRINITY_DN2744_c0_g2	-0.942389001776972	NA	NA
TRINITY_DN2745_c0_g1	0.0450349596086096	NA	NA
TRINITY_DN2746_c0_g1	-1.29993086622055	NA	NA
TRINITY_DN2746_c0_g2	1.86008621251346	NA	NA
TRINITY_DN2746_c0_g3	-2.08182866299831	NA	NA
TRINITY_DN2747_c0_g1	1.74517812680532	NA	NA
TRINITY_DN2748_c0_g1	-3.66177594098665	NA	NA
TRINITY_DN2749_c0_g1	1.73744508819543	NA	NA
TRINITY_DN275_c0_g1	0.221157774042738	0.999155368198447	NA
TRINITY_DN275_c0_g1	0.221157774042738	0.999155368198447	NA
TRINITY_DN275_c0_g1	0.221157774042738	0.999155368198447	NA
TRINITY_DN2750_c0_g1	0.365369624095418	NA	NA
TRINITY_DN2750_c0_g2	1.09520077686699	NA	NA
TRINITY_DN2751_c0_g1	1.39317263066799	NA	NA
TRINITY_DN2752_c0_g1	0.934295799280962	NA	NA
TRINITY_DN2752_c0_g2	2.12776035054856	NA	NA
TRINITY_DN2752_c0_g3	-1.15762529659637	NA	NA
TRINITY_DN2753_c0_g1	-0.768614095511196	NA	NA
TRINITY_DN2753_c0_g2	0.377799812433289	NA	NA
TRINITY_DN2754_c0_g1	2.2006275746161	NA	NA
TRINITY_DN2755_c0_g1	0.426067020132909	NA	NA
TRINITY_DN2755_c0_g2	-1.29037967609307	NA	NA
TRINITY_DN2756_c0_g1	-2.02619632567536	NA	NA
TRINITY_DN2756_c0_g2	-0.341821704706062	NA	NA
TRINITY_DN2757_c0_g1	2.69989334568102	NA	NA
TRINITY_DN2758_c0_g1	-2.11018693273828	NA	NA
TRINITY_DN2759_c0_g1	2.71720411584184	NA	NA
TRINITY_DN276_c0_g1	-0.878611422039785	0.999155368198447	NA
TRINITY_DN276_c0_g1	-0.878611422039785	0.999155368198447	NA
TRINITY_DN276_c0_g1	-0.878611422039785	0.999155368198447	NA
TRINITY_DN276_c0_g1	-0.878611422039785	0.999155368198447	NA
TRINITY_DN2760_c0_g1	-2.49942183214103	NA	NA
TRINITY_DN2761_c0_g1	0.985202175194832	NA	NA
TRINITY_DN2762_c0_g1	-0.57918695875636	NA	NA
TRINITY_DN2764_c0_g1	-0.317245004930835	NA	NA
TRINITY_DN2765_c0_g1	-0.205532441467383	NA	NA
TRINITY_DN2766_c0_g1	0.615678384315618	0.999155368198447	NA
TRINITY_DN2767_c0_g1	-1.91735100938546	NA	NA
TRINITY_DN2768_c0_g1	-0.72507218482036	NA	NA
TRINITY_DN2769_c0_g1	1.80950231271155	NA	NA
TRINITY_DN277_c0_g1	1.09105851229526	NA	NA
TRINITY_DN277_c0_g2	-0.0180599652208319	0.999155368198447	NA
TRINITY_DN2772_c0_g1	-0.768614095511196	NA	NA
TRINITY_DN2772_c0_g2	-1.17382398858107	NA	NA
TRINITY_DN2773_c0_g1	2.42430864686736	NA	NA
TRINITY_DN2774_c0_g1	0.806103424026708	NA	NA
TRINITY_DN2777_c0_g1	0.394113348734265	NA	NA
TRINITY_DN2777_c0_g2	0.968364053783206	NA	NA
TRINITY_DN2778_c0_g1	-1.51408937232975	NA	NA
TRINITY_DN2778_c0_g2	-1.14200779398132	NA	NA
TRINITY_DN2778_c0_g3	0.184065596063234	NA	NA
TRINITY_DN2779_c0_g1	-1.4648220709781	NA	NA
TRINITY_DN2779_c0_g2	1.69482895037303	NA	NA
TRINITY_DN2779_c1_g1	-0.435549506236261	0.999155368198447	NA
TRINITY_DN278_c0_g1	0.188669101867774	0.999155368198447	NA
TRINITY_DN278_c0_g1	0.188669101867774	0.999155368198447	NA
TRINITY_DN2780_c0_g1	-1.02686316403987	NA	NA
TRINITY_DN2781_c0_g1	-0.487559557195911	NA	NA
TRINITY_DN2781_c0_g2	1.1024895707984	NA	NA
TRINITY_DN2782_c0_g1	-0.0376156472953943	NA	NA
TRINITY_DN2783_c0_g1	-2.07372617462043	NA	NA
TRINITY_DN2783_c0_g2	-2.68878804005779	NA	NA
TRINITY_DN2783_c0_g3	-1.03407399785516	0.999155368198447	NA
TRINITY_DN2783_c0_g4	-1.76323650761723	NA	NA
TRINITY_DN2785_c0_g1	1.70402460450653	NA	NA
TRINITY_DN2786_c0_g1	1.44122158961557	NA	NA
TRINITY_DN2788_c0_g1	1.86008621251346	NA	NA
TRINITY_DN2788_c0_g2	3.82670147485426	0.48480237489102	NA
TRINITY_DN2789_c0_g1	1.98204364160177	NA	NA
TRINITY_DN279_c0_g1	0.00802266736786896	0.999155368198447	NA
TRINITY_DN279_c0_g1	0.00802266736786896	0.999155368198447	NA
TRINITY_DN279_c0_g2	-1.43311105176479	0.999155368198447	NA
TRINITY_DN2791_c0_g1	-1.24308783002717	0.999155368198447	NA
TRINITY_DN2791_c1_g1	-2.28562008280298	NA	NA
TRINITY_DN2791_c2_g1	-2.05578156697333	NA	NA
TRINITY_DN2792_c0_g1	-1.42586137503436	0.999155368198447	NA
TRINITY_DN2792_c0_g1	-1.42586137503436	0.999155368198447	NA
TRINITY_DN2792_c0_g1	-1.42586137503436	0.999155368198447	NA
TRINITY_DN2793_c0_g1	1.6718656751998	NA	NA
TRINITY_DN2794_c0_g1	0.971328004563827	NA	NA
TRINITY_DN2795_c0_g1	0.27515074699294	0.999155368198447	NA
TRINITY_DN2795_c0_g1	0.27515074699294	0.999155368198447	NA
TRINITY_DN2795_c0_g1	0.27515074699294	0.999155368198447	NA
TRINITY_DN2795_c0_g1	0.27515074699294	0.999155368198447	NA
TRINITY_DN2795_c0_g1	0.27515074699294	0.999155368198447	NA
TRINITY_DN2795_c0_g2	0.884176646700512	0.999155368198447	NA
TRINITY_DN2795_c0_g2	0.884176646700512	0.999155368198447	NA
TRINITY_DN2795_c0_g2	0.884176646700512	0.999155368198447	NA
TRINITY_DN2795_c0_g3	-0.371729700478896	0.999155368198447	NA
TRINITY_DN2795_c0_g4	-0.13929089355656	0.999155368198447	NA
TRINITY_DN2795_c0_g4	-0.13929089355656	0.999155368198447	NA
TRINITY_DN2795_c1_g1	1.37781574981175	NA	NA
TRINITY_DN2795_c2_g1	-0.508908716348287	NA	NA
TRINITY_DN2796_c0_g1	-2.07120980146545	NA	NA
TRINITY_DN2796_c0_g2	2.40312155012335	NA	NA
TRINITY_DN2797_c0_g1	1.09945241490317	NA	NA
TRINITY_DN2797_c0_g2	-0.463064101516892	NA	NA
TRINITY_DN2798_c0_g1	1.43155234735661	NA	NA
TRINITY_DN2799_c0_g1	-1.59522552033498	NA	NA
TRINITY_DN2799_c0_g2	0.614925767815884	NA	NA
TRINITY_DN28_c0_g1	-0.512239232052364	0.95488985174235	NA
TRINITY_DN28_c0_g1	-0.512239232052364	0.95488985174235	NA
TRINITY_DN28_c0_g1	-0.512239232052364	0.95488985174235	NA
TRINITY_DN28_c0_g1	-0.512239232052364	0.95488985174235	NA
TRINITY_DN28_c0_g1	-0.512239232052364	0.95488985174235	NA
TRINITY_DN28_c0_g1	-0.512239232052364	0.95488985174235	NA
TRINITY_DN280_c0_g1	-1.78898428560588	NA	NA
TRINITY_DN280_c0_g2	0.190616872830946	NA	NA
TRINITY_DN2800_c0_g1	1.17204659147568	NA	NA
TRINITY_DN2801_c0_g1	2.20791771605385	NA	NA
TRINITY_DN2805_c0_g1	-2.51147251105149	NA	NA
TRINITY_DN2806_c0_g1	0.0569268632914158	NA	NA
TRINITY_DN2807_c0_g1	1.70714821515492	NA	NA
TRINITY_DN2807_c0_g2	-0.768614095511196	NA	NA
TRINITY_DN2808_c0_g1	0.386218748925483	NA	NA
TRINITY_DN2808_c0_g2	1.72883742479343	NA	NA
TRINITY_DN2809_c0_g1	2.1330031271208	NA	NA
TRINITY_DN281_c0_g1	0.471938074482072	0.999155368198447	NA
TRINITY_DN281_c0_g1	0.471938074482072	0.999155368198447	NA
TRINITY_DN281_c0_g1	0.471938074482072	0.999155368198447	NA
TRINITY_DN281_c1_g1	1.12863732257171	NA	NA
TRINITY_DN2810_c0_g1	-1.83547429147674	NA	NA
TRINITY_DN2811_c0_g2	-1.51130588034571	NA	NA
TRINITY_DN2812_c0_g1	-0.516569133371083	NA	NA
TRINITY_DN2812_c0_g2	0.772056518468332	NA	NA
TRINITY_DN2812_c0_g3	-2.80272588021287	NA	NA
TRINITY_DN2812_c0_g4	0.738294878161152	NA	NA
TRINITY_DN2813_c0_g1	0.398929508158583	NA	NA
TRINITY_DN2813_c0_g2	-0.455118391709954	0.999155368198447	NA
TRINITY_DN2813_c0_g2	-0.455118391709954	0.999155368198447	NA
TRINITY_DN2814_c0_g1	2.37541943698068	NA	NA
TRINITY_DN2815_c0_g2	2.39554390718039	NA	NA
TRINITY_DN2815_c0_g3	0.122220204717479	NA	NA
TRINITY_DN2817_c0_g1	0.415375590391631	NA	NA
TRINITY_DN2819_c0_g1	2.10056000357855	NA	NA
TRINITY_DN2819_c0_g2	-2.79885678735327	NA	NA
TRINITY_DN282_c0_g1	0.659565053133645	0.999155368198447	NA
TRINITY_DN2820_c0_g1	1.08926403898204	NA	NA
TRINITY_DN2822_c0_g1	-0.132455656220273	NA	NA
TRINITY_DN2823_c0_g1	-1.51185305557141	NA	NA
TRINITY_DN2823_c0_g2	-0.12355857565661	NA	NA
TRINITY_DN2823_c0_g3	1.60342252891558	NA	NA
TRINITY_DN2824_c0_g1	0.0881336953535837	0.999155368198447	NA
TRINITY_DN2824_c0_g1	0.0881336953535837	0.999155368198447	NA
TRINITY_DN2824_c0_g2	-0.0227099010814468	0.999155368198447	NA
TRINITY_DN2824_c0_g2	-0.0227099010814468	0.999155368198447	NA
TRINITY_DN2825_c0_g1	-0.0640979417838116	0.999155368198447	NA
TRINITY_DN2826_c0_g1	-0.580530432474284	NA	NA
TRINITY_DN2826_c0_g2	-2.12599672253002	NA	NA
TRINITY_DN2827_c0_g1	2.44725580814198	NA	NA
TRINITY_DN2828_c0_g1	2.34479942720385	NA	NA
TRINITY_DN2828_c0_g2	1.86008621251346	NA	NA
TRINITY_DN2828_c0_g3	-2.54158249550552	NA	NA
TRINITY_DN2829_c0_g1	1.08007603485355	NA	NA
TRINITY_DN283_c0_g1	0.914372512321858	0.999155368198447	NA
TRINITY_DN283_c0_g1	0.914372512321858	0.999155368198447	NA
TRINITY_DN283_c0_g1	0.914372512321858	0.999155368198447	NA
TRINITY_DN283_c0_g1	0.914372512321858	0.999155368198447	NA
TRINITY_DN283_c0_g1	0.914372512321858	0.999155368198447	NA
TRINITY_DN283_c0_g1	0.914372512321858	0.999155368198447	NA
TRINITY_DN283_c0_g1	0.914372512321858	0.999155368198447	NA
TRINITY_DN283_c0_g1	0.914372512321858	0.999155368198447	NA
TRINITY_DN283_c0_g2	2.39439602029138	NA	NA
TRINITY_DN283_c1_g1	1.14331945277395	NA	NA
TRINITY_DN2830_c0_g1	-0.0232559885307965	0.999155368198447	NA
TRINITY_DN2831_c0_g1	0.863638680253144	NA	NA
TRINITY_DN2832_c0_g1	-0.183162406685387	NA	NA
TRINITY_DN2833_c0_g1	0.620772210653508	NA	NA
TRINITY_DN2834_c0_g1	-0.943602423913125	NA	NA
TRINITY_DN2836_c0_g1	2.40079087713793	NA	NA
TRINITY_DN2836_c0_g2	-1.87526083492071	NA	NA
TRINITY_DN2837_c0_g1	-2.52913346291454	NA	NA
TRINITY_DN2838_c0_g1	0.50754253615323	0.999155368198447	NA
TRINITY_DN2838_c0_g1	0.50754253615323	0.999155368198447	NA
TRINITY_DN2839_c0_g1	-2.60910928165988	NA	NA
TRINITY_DN2839_c0_g1	-2.60910928165988	NA	NA
TRINITY_DN284_c0_g1	-0.0963939524805702	0.999155368198447	NA
TRINITY_DN2840_c0_g1	1.68215759182159	0.999155368198447	NA
TRINITY_DN2840_c0_g1	1.68215759182159	0.999155368198447	NA
TRINITY_DN2842_c0_g1	1.59341110222912	NA	NA
TRINITY_DN2842_c0_g1	1.59341110222912	NA	NA
TRINITY_DN2842_c0_g2	-2.05735512252797	NA	NA
TRINITY_DN2842_c0_g3	-1.53103153357875	NA	NA
TRINITY_DN2843_c0_g1	-0.20205762833275	NA	NA
TRINITY_DN2844_c0_g1	-0.0383450309662427	0.999155368198447	NA
TRINITY_DN2844_c0_g1	-0.0383450309662427	0.999155368198447	NA
TRINITY_DN2845_c0_g1	1.67903228486956	NA	NA
TRINITY_DN2845_c0_g2	-2.09302402147116	NA	NA
TRINITY_DN2845_c0_g3	-3.09340080949283	NA	NA
TRINITY_DN2845_c0_g4	2.78976433588686	NA	NA
TRINITY_DN2847_c0_g1	-2.09935766823577	NA	NA
TRINITY_DN2848_c0_g1	2.81102048453553	NA	NA
TRINITY_DN285_c0_g1	-0.12427836721633	0.999155368198447	NA
TRINITY_DN285_c0_g3	2.8426444506637	NA	NA
TRINITY_DN285_c1_g1	-1.02258468636439	0.999155368198447	NA
TRINITY_DN285_c1_g1	-1.02258468636439	0.999155368198447	NA
TRINITY_DN285_c1_g1	-1.02258468636439	0.999155368198447	NA
TRINITY_DN285_c1_g1	-1.02258468636439	0.999155368198447	NA
TRINITY_DN285_c1_g1	-1.02258468636439	0.999155368198447	NA
TRINITY_DN285_c1_g1	-1.02258468636439	0.999155368198447	NA
TRINITY_DN285_c1_g1	-1.02258468636439	0.999155368198447	NA
TRINITY_DN285_c1_g1	-1.02258468636439	0.999155368198447	NA
TRINITY_DN285_c1_g1	-1.02258468636439	0.999155368198447	NA
TRINITY_DN285_c1_g1	-1.02258468636439	0.999155368198447	NA
TRINITY_DN285_c1_g1	-1.02258468636439	0.999155368198447	NA
TRINITY_DN285_c2_g1	-0.36620585773522	NA	NA
TRINITY_DN285_c3_g1	1.80400402588883	0.999155368198447	NA
TRINITY_DN285_c4_g1	0.209192505950882	NA	NA
TRINITY_DN285_c4_g2	0.0714468232553918	NA	NA
TRINITY_DN2850_c0_g1	0.363014614074297	NA	NA
TRINITY_DN2852_c0_g1	-2.08134676973634	NA	NA
TRINITY_DN2853_c0_g1	1.13473633017818	NA	NA
TRINITY_DN2854_c0_g1	-0.337857837230903	NA	NA
TRINITY_DN2855_c0_g1	-0.0413220649508677	NA	NA
TRINITY_DN2856_c0_g1	0.360533991852898	NA	NA
TRINITY_DN286_c0_g1	-0.0232480056570321	0.999155368198447	NA
TRINITY_DN286_c0_g1	-0.0232480056570321	0.999155368198447	NA
TRINITY_DN286_c0_g2	-0.358135345789723	0.999155368198447	NA
TRINITY_DN2860_c0_g1	1.08479312970392	NA	NA
TRINITY_DN2860_c0_g2	1.80950231271155	NA	NA
TRINITY_DN2860_c0_g3	2.39439602029138	NA	NA
TRINITY_DN2861_c0_g1	0.251659073776719	NA	NA
TRINITY_DN2862_c0_g1	3.16593980341239	NA	NA
TRINITY_DN2863_c0_g1	1.62867741086887	NA	NA
TRINITY_DN2864_c0_g1	2.4115260928564	NA	NA
TRINITY_DN2865_c0_g1	-0.87058234192871	NA	NA
TRINITY_DN2866_c0_g1	-1.47907558500398	NA	NA
TRINITY_DN2866_c0_g2	-1.36827377418015	NA	NA
TRINITY_DN2867_c0_g1	0.640480524506017	NA	NA
TRINITY_DN2867_c0_g2	0.124091390100179	NA	NA
TRINITY_DN2868_c0_g1	-3.55435379200713	NA	NA
TRINITY_DN2868_c0_g1	-3.55435379200713	NA	NA
TRINITY_DN287_c0_g1	0.193781978047187	0.999155368198447	NA
TRINITY_DN2870_c0_g1	0.411533471517985	NA	NA
TRINITY_DN2871_c0_g1	1.20825289205521	0.999155368198447	NA
TRINITY_DN2871_c0_g2	1.38992619781082	NA	NA
TRINITY_DN2871_c0_g3	-0.0469786306273526	NA	NA
TRINITY_DN2873_c0_g1	-0.469367685862727	NA	NA
TRINITY_DN2873_c0_g2	-0.0474426060997977	NA	NA
TRINITY_DN2874_c0_g1	2.67275880728609	NA	NA
TRINITY_DN2875_c0_g1	2.2084558638052	NA	NA
TRINITY_DN2876_c0_g1	-2.02952658120492	NA	NA
TRINITY_DN2878_c0_g1	-1.81907172259627	NA	NA
TRINITY_DN2879_c0_g2	-2.83200483802666	NA	NA
TRINITY_DN288_c0_g1	-0.43406016682607	0.999155368198447	NA
TRINITY_DN2882_c0_g1	0.357690375065168	NA	NA
TRINITY_DN2883_c0_g1	2.86279211382665	NA	NA
TRINITY_DN2883_c0_g2	-2.06293296171561	NA	NA
TRINITY_DN2883_c0_g3	2.40901549244481	NA	NA
TRINITY_DN2884_c0_g1	-0.217276192954859	NA	NA
TRINITY_DN2884_c0_g2	-0.723798700227528	NA	NA
TRINITY_DN2885_c0_g1	-0.208259328245689	0.999155368198447	NA
TRINITY_DN2886_c0_g1	-1.04158703367788	NA	NA
TRINITY_DN2886_c0_g2	1.43537057587056	NA	NA
TRINITY_DN2887_c0_g1	-2.29139545668924	NA	NA
TRINITY_DN2887_c0_g1	-2.29139545668924	NA	NA
TRINITY_DN2887_c0_g2	2.79829305665939	NA	NA
TRINITY_DN2888_c0_g1	0.0955550683214567	NA	NA
TRINITY_DN2888_c0_g2	1.52645027709761	0.999155368198447	NA
TRINITY_DN2889_c0_g2	0.783959901545521	NA	NA
TRINITY_DN289_c0_g1	-0.165085126766066	0.999155368198447	NA
TRINITY_DN289_c0_g1	-0.165085126766066	0.999155368198447	NA
TRINITY_DN2891_c0_g1	-0.805126320406098	0.999155368198447	NA
TRINITY_DN2894_c0_g1	1.68245227344965	NA	NA
TRINITY_DN2896_c0_g1	1.70202714540525	NA	NA
TRINITY_DN2897_c0_g1	1.72420206962961	NA	NA
TRINITY_DN2898_c0_g1	1.11013693268196	NA	NA
TRINITY_DN2899_c0_g1	0.0704205931449097	0.999155368198447	NA
TRINITY_DN2899_c0_g1	0.0704205931449097	0.999155368198447	NA
TRINITY_DN2899_c0_g1	0.0704205931449097	0.999155368198447	NA
TRINITY_DN29_c0_g1	0.11853114585604	0.999155368198447	NA
TRINITY_DN290_c0_g1	-0.4123570867019	0.999155368198447	NA
TRINITY_DN2900_c0_g1	1.35539774674325	NA	NA
TRINITY_DN2901_c0_g1	1.86008621251346	NA	NA
TRINITY_DN2901_c0_g2	0.91450109249574	NA	NA
TRINITY_DN2902_c0_g2	-0.590696271800588	NA	NA
TRINITY_DN2903_c0_g1	-1.52952517278412	NA	NA
TRINITY_DN2905_c0_g1	-1.41503259874878	NA	NA
TRINITY_DN2906_c0_g1	1.11188936533175	NA	NA
TRINITY_DN2907_c0_g1	0.451982136123053	NA	NA
TRINITY_DN2907_c0_g2	-2.10522976127095	NA	NA
TRINITY_DN2908_c0_g1	-2.48072477861352	NA	NA
TRINITY_DN291_c0_g1	0.353095829735283	0.999155368198447	NA
TRINITY_DN291_c0_g1	0.353095829735283	0.999155368198447	NA
TRINITY_DN291_c0_g2	-2.33021028575226	0.327098437982623	NA
TRINITY_DN291_c0_g3	-0.08966109128465	0.999155368198447	NA
TRINITY_DN291_c1_g1	-1.04249732297437	NA	NA
TRINITY_DN291_c1_g2	0.0701091587182541	0.999155368198447	NA
TRINITY_DN291_c1_g3	-0.441653944617785	0.999155368198447	NA
TRINITY_DN291_c1_g4	-1.85219085272527	NA	NA
TRINITY_DN2910_c0_g1	-1.63593586477983	NA	NA
TRINITY_DN2911_c0_g1	-1.50776658900066	NA	NA
TRINITY_DN2912_c0_g1	-1.75730316479847	NA	NA
TRINITY_DN2912_c0_g2	2.80032146805016	NA	NA
TRINITY_DN2913_c0_g1	-0.30700726580749	NA	NA
TRINITY_DN2913_c0_g2	-0.560776322329066	NA	NA
TRINITY_DN2914_c0_g1	0.210571135530528	NA	NA
TRINITY_DN2914_c0_g2	1.01088567375442	NA	NA
TRINITY_DN2915_c0_g1	0.794309805944141	0.999155368198447	NA
TRINITY_DN2916_c0_g1	-0.403728913887675	NA	NA
TRINITY_DN2917_c0_g1	0.638462957417374	0.999155368198447	NA
TRINITY_DN2918_c0_g1	-0.433332102117116	NA	NA
TRINITY_DN2919_c0_g1	-2.2540427328422	NA	NA
TRINITY_DN292_c0_g1	-0.00398809348703289	0.999155368198447	NA
TRINITY_DN292_c0_g1	-0.00398809348703289	0.999155368198447	NA
TRINITY_DN292_c1_g1	-0.172417221093902	NA	NA
TRINITY_DN292_c1_g1	-0.172417221093902	NA	NA
TRINITY_DN2920_c0_g2	-1.47965604531254	NA	NA
TRINITY_DN2921_c0_g1	-3.08928028139727	NA	NA
TRINITY_DN2921_c0_g2	2.14015253271408	NA	NA
TRINITY_DN2921_c0_g3	-0.465601824728435	NA	NA
TRINITY_DN2922_c0_g1	1.39499554410928	NA	NA
TRINITY_DN2923_c0_g1	-0.127108928793564	0.999155368198447	NA
TRINITY_DN2924_c0_g1	0.416622992001694	NA	NA
TRINITY_DN2924_c0_g1	0.416622992001694	NA	NA
TRINITY_DN2926_c0_g1	0.185117596512896	NA	NA
TRINITY_DN2927_c0_g1	-1.60161782377916	NA	NA
TRINITY_DN2928_c0_g1	2.41346857581627	NA	NA
TRINITY_DN2929_c0_g1	0.813444641384105	NA	NA
TRINITY_DN2929_c0_g2	1.23299757252062	NA	NA
TRINITY_DN293_c0_g1	0.162196512976896	0.999155368198447	NA
TRINITY_DN293_c0_g1	0.162196512976896	0.999155368198447	NA
TRINITY_DN293_c0_g1	0.162196512976896	0.999155368198447	NA
TRINITY_DN2931_c0_g1	-0.918580519920849	NA	NA
TRINITY_DN2931_c0_g2	-2.06510406108479	NA	NA
TRINITY_DN2932_c0_g1	0.423522118420356	NA	NA
TRINITY_DN2933_c0_g1	-3.28005574359582	NA	NA
TRINITY_DN2936_c0_g1	0.119404315526377	0.999155368198447	NA
TRINITY_DN2936_c0_g2	-0.131667119208925	NA	NA
TRINITY_DN2937_c0_g1	-2.50430086142301	NA	NA
TRINITY_DN2938_c0_g1	0.183650991534383	NA	NA
TRINITY_DN2938_c0_g2	-2.50829056031268	NA	NA
TRINITY_DN2939_c0_g1	2.06146787027591	NA	NA
TRINITY_DN294_c0_g1	0.42667980928933	0.999155368198447	NA
TRINITY_DN2940_c0_g1	-2.49878724327699	NA	NA
TRINITY_DN2942_c0_g1	-3.10176657348054	NA	NA
TRINITY_DN2943_c0_g1	-1.81873065406565	NA	NA
TRINITY_DN2943_c0_g2	2.75905656485706	NA	NA
TRINITY_DN2943_c0_g3	-0.899957992335662	NA	NA
TRINITY_DN2944_c0_g1	-1.45178597703175	NA	NA
TRINITY_DN2945_c0_g1	0.91450109249574	NA	NA
TRINITY_DN2945_c0_g2	-2.51827940494219	NA	NA
TRINITY_DN2946_c0_g1	-3.4006969357801	0.571774256595496	NA
TRINITY_DN2947_c0_g1	-2.09066118928255	NA	NA
TRINITY_DN2948_c0_g2	-1.16083267624029	NA	NA
TRINITY_DN295_c0_g1	0.127841775104988	0.999155368198447	NA
TRINITY_DN2950_c0_g1	2.05075550933441	NA	NA
TRINITY_DN2951_c0_g1	-0.267927733251934	NA	NA
TRINITY_DN2953_c0_g1	1.69112762500784	NA	NA
TRINITY_DN2953_c0_g2	2.12798469736556	NA	NA
TRINITY_DN2955_c0_g1	-4.19306522185561	NA	NA
TRINITY_DN2956_c0_g1	1.78599155394587	NA	NA
TRINITY_DN2956_c0_g2	-1.02965294754495	NA	NA
TRINITY_DN2957_c0_g1	-0.407540868919513	NA	NA
TRINITY_DN2959_c0_g1	0.960672622786636	NA	NA
TRINITY_DN296_c0_g1	0.498264453285573	0.999155368198447	NA
TRINITY_DN2961_c0_g1	0.781927348211715	NA	NA
TRINITY_DN2961_c0_g2	-2.48016690640783	NA	NA
TRINITY_DN2962_c0_g1	-0.297283904971462	NA	NA
TRINITY_DN2962_c0_g2	-0.298933326049243	0.999155368198447	NA
TRINITY_DN2963_c0_g1	-1.04388179315826	NA	NA
TRINITY_DN2964_c0_g1	-2.84461454388356	NA	NA
TRINITY_DN2964_c0_g2	0.0377952943173694	NA	NA
TRINITY_DN2965_c0_g1	2.7141584696659	NA	NA
TRINITY_DN2966_c0_g1	-0.534458985798739	NA	NA
TRINITY_DN2967_c0_g1	0.392712439606452	NA	NA
TRINITY_DN2968_c0_g1	0.197338540489747	0.999155368198447	NA
TRINITY_DN2969_c0_g1	-1.5125005486833	NA	NA
TRINITY_DN2969_c0_g2	-0.473431582152675	NA	NA
TRINITY_DN2969_c0_g2	-0.473431582152675	NA	NA
TRINITY_DN2969_c0_g3	1.41080787391591	NA	NA
TRINITY_DN297_c0_g1	-0.548225171711111	0.999155368198447	NA
TRINITY_DN2970_c0_g1	1.38264016153406	NA	NA
TRINITY_DN2971_c0_g1	2.44861950762844	NA	NA
TRINITY_DN2971_c0_g2	-0.342219836525514	NA	NA
TRINITY_DN2972_c0_g1	-2.45150845681431	NA	NA
TRINITY_DN2972_c0_g2	0.856283969626746	NA	NA
TRINITY_DN2973_c0_g1	0.854953587337062	NA	NA
TRINITY_DN2973_c0_g1	0.854953587337062	NA	NA
TRINITY_DN2974_c0_g1	2.71193001778354	NA	NA
TRINITY_DN2975_c0_g1	0.392361578596895	NA	NA
TRINITY_DN2975_c0_g2	-2.48390713308638	NA	NA
TRINITY_DN2976_c0_g1	0.95076335506141	NA	NA
TRINITY_DN2977_c0_g1	2.42422755815213	NA	NA
TRINITY_DN2977_c0_g2	0.700238918016671	NA	NA
TRINITY_DN2978_c0_g1	-2.09893168612002	NA	NA
TRINITY_DN2978_c0_g2	4.1424700175623	NA	NA
TRINITY_DN2979_c0_g1	0.739231722236773	NA	NA
TRINITY_DN2979_c0_g1	0.739231722236773	NA	NA
TRINITY_DN298_c0_g1	2.8110349140035	NA	NA
TRINITY_DN298_c0_g2	0.435668122679276	NA	NA
TRINITY_DN2982_c0_g1	0.76301463364298	0.999155368198447	NA
TRINITY_DN2982_c0_g2	-2.82095111248209	NA	NA
TRINITY_DN2983_c0_g1	0.970733508726433	NA	NA
TRINITY_DN2984_c0_g1	-0.776078893579353	NA	NA
TRINITY_DN2985_c0_g1	1.13819586622714	NA	NA
TRINITY_DN2985_c0_g1	1.13819586622714	NA	NA
TRINITY_DN2986_c0_g1	-0.550611642621932	NA	NA
TRINITY_DN2987_c0_g1	-1.08765853640349	NA	NA
TRINITY_DN2988_c0_g1	2.28493425996391	NA	NA
TRINITY_DN2988_c0_g1	2.28493425996391	NA	NA
TRINITY_DN2988_c0_g2	0.0887172379736953	NA	NA
TRINITY_DN2989_c0_g1	-3.93771144594771	NA	NA
TRINITY_DN299_c0_g1	0.592633010406742	0.999155368198447	NA
TRINITY_DN2990_c0_g1	2.81843755829632	NA	NA
TRINITY_DN2992_c0_g1	-2.47162229763034	NA	NA
TRINITY_DN2993_c0_g1	-1.08878767608546	NA	NA
TRINITY_DN2995_c0_g1	-1.09153772039801	NA	NA
TRINITY_DN2996_c0_g1	-0.113954169153632	NA	NA
TRINITY_DN2997_c0_g1	2.83561628144675	NA	NA
TRINITY_DN2998_c0_g1	2.44725580814198	NA	NA
TRINITY_DN2999_c0_g1	-2.78837387092118	NA	NA
TRINITY_DN2999_c0_g2	-3.30706071315212	NA	NA
TRINITY_DN3_c0_g1	0.24426598104869	0.999155368198447	NA
TRINITY_DN3_c0_g1	0.24426598104869	0.999155368198447	NA
TRINITY_DN3_c0_g2	-1.51218099425669	NA	NA
TRINITY_DN3_c0_g3	2.72007668536265	NA	NA
TRINITY_DN30_c0_g1	1.13079132010323	0.999155368198447	NA
TRINITY_DN30_c1_g1	-1.51704633768309	NA	NA
TRINITY_DN300_c0_g1	0.130225727182249	0.999155368198447	NA
TRINITY_DN300_c0_g1	0.130225727182249	0.999155368198447	NA
TRINITY_DN300_c0_g1	0.130225727182249	0.999155368198447	NA
TRINITY_DN300_c0_g1	0.130225727182249	0.999155368198447	NA
TRINITY_DN300_c1_g1	4.03749505446631	0.0744581051111898	NA
TRINITY_DN300_c2_g1	0.0587352543929406	NA	NA
TRINITY_DN300_c2_g2	-0.00729849703011103	0.999155368198447	NA
TRINITY_DN300_c3_g1	1.00049483879424	NA	NA
TRINITY_DN3002_c0_g1	-0.196793694603846	NA	NA
TRINITY_DN3003_c0_g1	-2.52276414274706	NA	NA
TRINITY_DN3003_c0_g2	1.05911481589201	NA	NA
TRINITY_DN3004_c0_g1	NA	NA	NA
TRINITY_DN3004_c0_g2	-1.54832620326497	NA	NA
TRINITY_DN3004_c0_g3	-0.797787429658453	NA	NA
TRINITY_DN3005_c0_g1	-1.51648911535212	NA	NA
TRINITY_DN3006_c0_g1	1.12440739806407	NA	NA
TRINITY_DN3006_c0_g2	1.70040920587318	NA	NA
TRINITY_DN3007_c0_g1	-1.09758538535136	NA	NA
TRINITY_DN3007_c0_g2	0.682630493206497	NA	NA
TRINITY_DN3007_c0_g3	0.211348753123856	NA	NA
TRINITY_DN3008_c0_g1	1.3789835423907	NA	NA
TRINITY_DN3009_c0_g1	-0.92015275816122	NA	NA
TRINITY_DN3009_c0_g2	-3.49047973549562	NA	NA
TRINITY_DN301_c0_g1	-0.540838935030311	0.999155368198447	NA
TRINITY_DN3010_c0_g1	-2.31006948428476	NA	NA
TRINITY_DN3011_c0_g1	0.78212521166851	NA	NA
TRINITY_DN3012_c0_g1	-0.540637520197799	NA	NA
TRINITY_DN3012_c0_g2	-0.211367547932173	NA	NA
TRINITY_DN3013_c0_g1	-2.41340458201845	NA	NA
TRINITY_DN3014_c0_g1	-2.02906945608547	NA	NA
TRINITY_DN3015_c0_g1	0.971148311604227	NA	NA
TRINITY_DN3016_c0_g1	0.196170345465618	NA	NA
TRINITY_DN3016_c0_g2	-3.29753980932121	NA	NA
TRINITY_DN3017_c0_g1	-0.603027867255371	NA	NA
TRINITY_DN3018_c0_g1	-1.09156235239225	NA	NA
TRINITY_DN3019_c0_g1	0.373119875767262	NA	NA
TRINITY_DN302_c0_g1	0.62865443455824	NA	NA
TRINITY_DN3022_c0_g1	-1.07892891124672	NA	NA
TRINITY_DN3023_c0_g1	3.3510329224533	NA	NA
TRINITY_DN3024_c0_g1	-0.0786393472789785	NA	NA
TRINITY_DN3026_c0_g1	-3.06363286370022	NA	NA
TRINITY_DN3027_c0_g1	-0.182807116963309	NA	NA
TRINITY_DN3027_c0_g1	-0.182807116963309	NA	NA
TRINITY_DN303_c0_g1	-0.112655562574877	0.999155368198447	NA
TRINITY_DN303_c0_g1	-0.112655562574877	0.999155368198447	NA
TRINITY_DN303_c0_g1	-0.112655562574877	0.999155368198447	NA
TRINITY_DN3030_c0_g1	-3.31230989890894	NA	NA
TRINITY_DN3031_c0_g1	1.67507171220374	NA	NA
TRINITY_DN3033_c0_g1	0.389672636533358	NA	NA
TRINITY_DN3034_c0_g1	1.72083165511422	NA	NA
TRINITY_DN3034_c0_g2	1.27598281489272	NA	NA
TRINITY_DN3035_c0_g1	-1.5303310794282	NA	NA
TRINITY_DN3035_c0_g2	-0.56072901527921	NA	NA
TRINITY_DN3037_c0_g1	0.91450109249574	NA	NA
TRINITY_DN3037_c0_g2	0.812383602771131	NA	NA
TRINITY_DN3038_c0_g1	-3.91898134696925	NA	NA
TRINITY_DN304_c0_g1	-1.57954347772325	0.979696956929915	NA
TRINITY_DN304_c0_g1	-1.57954347772325	0.979696956929915	NA
TRINITY_DN304_c0_g1	-1.57954347772325	0.979696956929915	NA
TRINITY_DN304_c0_g2	0.403514701270566	NA	NA
TRINITY_DN3042_c0_g1	-2.12599672253002	NA	NA
TRINITY_DN3042_c0_g2	-0.386795344304557	NA	NA
TRINITY_DN3043_c0_g1	1.39952487050602	NA	NA
TRINITY_DN3044_c0_g1	-1.42006083937121	NA	NA
TRINITY_DN3044_c0_g2	0.173015278935322	NA	NA
TRINITY_DN3045_c0_g1	-1.17442631886114	NA	NA
TRINITY_DN3045_c0_g2	-2.02543604291671	NA	NA
TRINITY_DN3046_c0_g1	-1.93248847326913	NA	NA
TRINITY_DN3047_c0_g1	-0.0802515230791366	NA	NA
TRINITY_DN3049_c0_g1	0.0651024715102358	NA	NA
TRINITY_DN3049_c0_g2	-1.54898551438098	NA	NA
TRINITY_DN305_c0_g1	-0.216917837270921	0.999155368198447	NA
TRINITY_DN3050_c0_g1	-1.99987284096263	NA	NA
TRINITY_DN3053_c0_g1	-2.78892676827152	NA	NA
TRINITY_DN3053_c0_g2	0.960296433851067	NA	NA
TRINITY_DN3053_c0_g3	-1.40020072270328	NA	NA
TRINITY_DN3055_c0_g1	-2.50575883257752	NA	NA
TRINITY_DN3056_c0_g1	0.0376011671995723	0.999155368198447	NA
TRINITY_DN3057_c0_g1	2.39098761500084	NA	NA
TRINITY_DN3057_c0_g2	-2.78930504570774	NA	NA
TRINITY_DN3058_c0_g1	1.68107365708101	NA	NA
TRINITY_DN3058_c0_g2	-1.51710426233731	NA	NA
TRINITY_DN3059_c0_g1	-2.48894634055852	NA	NA
TRINITY_DN306_c0_g1	-0.169323370896318	0.999155368198447	NA
TRINITY_DN3060_c0_g1	0.0313022931340735	0.999155368198447	NA
TRINITY_DN3060_c0_g2	-0.215955717016836	0.999155368198447	NA
TRINITY_DN3060_c0_g2	-0.215955717016836	0.999155368198447	NA
TRINITY_DN3060_c0_g3	0.226559062656268	NA	NA
TRINITY_DN3060_c1_g1	0.490615632171506	0.999155368198447	NA
TRINITY_DN3060_c2_g1	0.18462454755769	0.999155368198447	NA
TRINITY_DN3061_c0_g1	0.926584859553365	NA	NA
TRINITY_DN3061_c0_g2	0.192715155598595	NA	NA
TRINITY_DN3062_c0_g1	0.772492466964676	NA	NA
TRINITY_DN3063_c0_g1	1.4263884646509	NA	NA
TRINITY_DN3065_c0_g1	-0.527324530308174	0.999155368198447	NA
TRINITY_DN3066_c0_g1	2.8388524989746	NA	NA
TRINITY_DN3067_c0_g1	-0.77769424026496	NA	NA
TRINITY_DN3067_c0_g1	-0.77769424026496	NA	NA
TRINITY_DN3068_c0_g1	2.91835062757724	NA	NA
TRINITY_DN3069_c0_g1	3.1577940772875	NA	NA
TRINITY_DN307_c0_g1	-0.632017826346656	NA	NA
TRINITY_DN3070_c0_g1	0.37746749923964	NA	NA
TRINITY_DN3070_c0_g2	-2.05682740468463	NA	NA
TRINITY_DN3071_c0_g1	3.12730559430756	NA	NA
TRINITY_DN3072_c0_g1	-2.82468904223586	NA	NA
TRINITY_DN3073_c0_g1	1.65282459770305	NA	NA
TRINITY_DN3073_c0_g2	3.16325127138304	NA	NA
TRINITY_DN3074_c0_g1	-1.15688041307526	NA	NA
TRINITY_DN3074_c0_g2	-1.19256102034867	NA	NA
TRINITY_DN3075_c0_g1	-1.51807154720192	NA	NA
TRINITY_DN3075_c0_g2	1.70390425581884	NA	NA
TRINITY_DN3076_c0_g1	0.186246409420964	NA	NA
TRINITY_DN3076_c0_g2	-2.48594295215023	NA	NA
TRINITY_DN3077_c0_g1	-1.45362915597376	0.999155368198447	NA
TRINITY_DN3078_c0_g1	0.567128814995609	NA	NA
TRINITY_DN3079_c0_g1	-1.08167375946819	NA	NA
TRINITY_DN308_c0_g1	0.87799124907261	NA	NA
TRINITY_DN308_c0_g2	-3.18324249284839	0.021187945148847	NA
TRINITY_DN308_c0_g2	-3.18324249284839	0.021187945148847	NA
TRINITY_DN3080_c0_g1	-2.43364992152296	NA	NA
TRINITY_DN3081_c0_g1	NA	NA	NA
TRINITY_DN3081_c0_g2	-2.81370042045105	NA	NA
TRINITY_DN3082_c0_g1	-1.82957483165541	NA	NA
TRINITY_DN3084_c0_g1	-0.573645059633512	NA	NA
TRINITY_DN3084_c0_g2	-3.08442598200255	NA	NA
TRINITY_DN3084_c0_g3	-1.51408937232975	NA	NA
TRINITY_DN3088_c0_g1	2.78502773053705	NA	NA
TRINITY_DN309_c0_g1	-0.113363479750394	0.999155368198447	NA
TRINITY_DN309_c0_g1	-0.113363479750394	0.999155368198447	NA
TRINITY_DN309_c0_g1	-0.113363479750394	0.999155368198447	NA
TRINITY_DN309_c0_g1	-0.113363479750394	0.999155368198447	NA
TRINITY_DN309_c0_g1	-0.113363479750394	0.999155368198447	NA
TRINITY_DN3090_c0_g1	-1.49988565422301	NA	NA
TRINITY_DN3092_c0_g2	-0.597350554777753	NA	NA
TRINITY_DN3093_c0_g1	-1.18308694220013	NA	NA
TRINITY_DN3095_c0_g1	-1.80103719800287	NA	NA
TRINITY_DN3096_c0_g1	-2.52576884567982	NA	NA
TRINITY_DN3097_c0_g1	-2.09550924780464	NA	NA
TRINITY_DN3098_c0_g1	0.930857339534848	NA	NA
TRINITY_DN31_c0_g1	0.805399065887848	0.999155368198447	NA
TRINITY_DN31_c0_g1	0.805399065887848	0.999155368198447	NA
TRINITY_DN31_c0_g1	0.805399065887848	0.999155368198447	NA
TRINITY_DN31_c0_g1	0.805399065887848	0.999155368198447	NA
TRINITY_DN31_c0_g1	0.805399065887848	0.999155368198447	NA
TRINITY_DN31_c0_g1	0.805399065887848	0.999155368198447	NA
TRINITY_DN310_c0_g1	-0.137218526178796	0.999155368198447	NA
TRINITY_DN310_c0_g1	-0.137218526178796	0.999155368198447	NA
TRINITY_DN3100_c0_g1	-1.08201282269141	NA	NA
TRINITY_DN3102_c0_g1	-1.57133007899598	NA	NA
TRINITY_DN3104_c0_g1	2.34479942720385	NA	NA
TRINITY_DN3105_c0_g1	-1.0485838358274	NA	NA
TRINITY_DN3106_c0_g1	0.816128024272138	0.999155368198447	NA
TRINITY_DN3107_c0_g1	-1.07749643819001	NA	NA
TRINITY_DN3108_c0_g1	0.209449183637648	NA	NA
TRINITY_DN3108_c0_g2	1.09538786065834	NA	NA
TRINITY_DN3109_c0_g1	-2.2868197610545	NA	NA
TRINITY_DN3109_c0_g2	-0.443025252701508	0.999155368198447	NA
TRINITY_DN311_c0_g1	-3.49941788136811	NA	NA
TRINITY_DN3110_c0_g1	-0.251386385695706	NA	NA
TRINITY_DN3111_c0_g1	-2.17216572099601	NA	NA
TRINITY_DN3112_c0_g1	2.44725580814198	NA	NA
TRINITY_DN3113_c0_g1	1.71042709492592	0.897209096405857	NA
TRINITY_DN3113_c0_g1	1.71042709492592	0.897209096405857	NA
TRINITY_DN3115_c0_g1	-0.463180350074537	NA	NA
TRINITY_DN3117_c0_g1	-2.09302402147116	NA	NA
TRINITY_DN3118_c0_g1	-0.597531068682488	NA	NA
TRINITY_DN3119_c0_g1	1.10956320251779	NA	NA
TRINITY_DN3119_c0_g2	0.511884553904451	0.999155368198447	NA
TRINITY_DN312_c0_g1	-0.534328753572683	0.999155368198447	NA
TRINITY_DN312_c0_g1	-0.534328753572683	0.999155368198447	NA
TRINITY_DN312_c0_g1	-0.534328753572683	0.999155368198447	NA
TRINITY_DN312_c0_g1	-0.534328753572683	0.999155368198447	NA
TRINITY_DN312_c0_g1	-0.534328753572683	0.999155368198447	NA
TRINITY_DN312_c0_g1	-0.534328753572683	0.999155368198447	NA
TRINITY_DN312_c0_g1	-0.534328753572683	0.999155368198447	NA
TRINITY_DN312_c0_g1	-0.534328753572683	0.999155368198447	NA
TRINITY_DN312_c0_g1	-0.534328753572683	0.999155368198447	NA
TRINITY_DN312_c0_g1	-0.534328753572683	0.999155368198447	NA
TRINITY_DN312_c0_g1	-0.534328753572683	0.999155368198447	NA
TRINITY_DN312_c0_g1	-0.534328753572683	0.999155368198447	NA
TRINITY_DN312_c0_g2	0.0731236200637553	0.999155368198447	NA
TRINITY_DN312_c1_g1	1.08586386093954	NA	NA
TRINITY_DN3120_c0_g1	-1.07240860816337	NA	NA
TRINITY_DN3121_c0_g1	3.42072201920825	NA	NA
TRINITY_DN3123_c0_g1	1.67360134451961	NA	NA
TRINITY_DN3123_c1_g1	1.65286802411092	0.979696956929915	NA
TRINITY_DN3124_c0_g1	1.67531644968944	NA	NA
TRINITY_DN3125_c0_g1	1.71512402106917	NA	NA
TRINITY_DN3126_c0_g1	-2.00696180197669	0.892511752226086	NA
TRINITY_DN3126_c0_g1	-2.00696180197669	0.892511752226086	NA
TRINITY_DN3127_c0_g1	-2.78964432193386	NA	NA
TRINITY_DN3128_c0_g1	1.66169176290396	NA	NA
TRINITY_DN313_c0_g1	-0.564121996919936	0.999155368198447	NA
TRINITY_DN313_c0_g1	-0.564121996919936	0.999155368198447	NA
TRINITY_DN3130_c0_g1	2.44725580814198	NA	NA
TRINITY_DN3131_c0_g1	0.188835156229973	NA	NA
TRINITY_DN3131_c0_g2	-0.289246031095376	NA	NA
TRINITY_DN3132_c0_g1	-1.19066901084137	NA	NA
TRINITY_DN3134_c0_g1	-0.449770382086724	0.999155368198447	NA
TRINITY_DN3135_c0_g1	1.76208259853803	NA	NA
TRINITY_DN3136_c0_g1	0.843121228100531	NA	NA
TRINITY_DN3138_c0_g1	-1.49718119989377	NA	NA
TRINITY_DN3139_c0_g1	0.966237636363396	NA	NA
TRINITY_DN314_c0_g1	-0.232291067859533	NA	NA
TRINITY_DN314_c0_g2	-2.50882042034478	NA	NA
TRINITY_DN314_c0_g3	1.39480469539304	NA	NA
TRINITY_DN314_c1_g1	0.368764537090453	0.999155368198447	NA
TRINITY_DN3140_c0_g1	-0.908391123908393	NA	NA
TRINITY_DN3142_c0_g1	0.175137927067631	0.999155368198447	NA
TRINITY_DN3142_c0_g1	0.175137927067631	0.999155368198447	NA
TRINITY_DN3144_c0_g1	1.12048107457961	NA	NA
TRINITY_DN3145_c0_g1	-0.502962286023033	NA	NA
TRINITY_DN3149_c0_g1	-0.272677854822376	NA	NA
TRINITY_DN315_c0_g1	-0.610823934485575	0.999155368198447	NA
TRINITY_DN3150_c0_g1	-2.10359635523795	NA	NA
TRINITY_DN3151_c0_g1	-4.10771817063203	NA	NA
TRINITY_DN3152_c0_g1	0.398827746679815	NA	NA
TRINITY_DN3153_c0_g1	-1.09566577627359	NA	NA
TRINITY_DN3154_c0_g1	-0.768614095511197	NA	NA
TRINITY_DN3155_c0_g2	-1.54282696585831	NA	NA
TRINITY_DN3155_c0_g2	-1.54282696585831	NA	NA
TRINITY_DN3157_c0_g1	-0.0484886358579669	NA	NA
TRINITY_DN3157_c0_g2	1.02160080960917	NA	NA
TRINITY_DN3158_c0_g1	2.12858836125916	NA	NA
TRINITY_DN3158_c0_g2	2.23349252158648	NA	NA
TRINITY_DN316_c0_g1	0.22763240867627	0.999155368198447	NA
TRINITY_DN316_c0_g1	0.22763240867627	0.999155368198447	NA
TRINITY_DN316_c0_g1	0.22763240867627	0.999155368198447	NA
TRINITY_DN3161_c0_g1	-1.04529215205195	NA	NA
TRINITY_DN3162_c0_g1	-0.0528785715443637	0.999155368198447	NA
TRINITY_DN3164_c0_g1	-3.69513525722739	NA	NA
TRINITY_DN3166_c0_g1	-3.29802463007189	NA	NA
TRINITY_DN3166_c0_g3	-1.79041530656141	NA	NA
TRINITY_DN3167_c0_g1	0.121092142066636	0.999155368198447	NA
TRINITY_DN3168_c0_g1	0.268570854526865	0.999155368198447	NA
TRINITY_DN3169_c0_g1	-2.07575178239691	NA	NA
TRINITY_DN317_c0_g1	-1.81173474664358	NA	NA
TRINITY_DN317_c0_g1	-1.81173474664358	NA	NA
TRINITY_DN3170_c0_g1	1.36758025770767	NA	NA
TRINITY_DN3170_c0_g2	-2.06982106633417	NA	NA
TRINITY_DN3171_c0_g1	1.60394639326358	NA	NA
TRINITY_DN3172_c0_g1	0.39378363899753	NA	NA
TRINITY_DN3173_c0_g1	-0.116669795806852	NA	NA
TRINITY_DN3175_c0_g1	-1.45746470731771	NA	NA
TRINITY_DN3176_c0_g1	1.67002906638902	NA	NA
TRINITY_DN3177_c0_g1	1.39967089979999	NA	NA
TRINITY_DN3177_c0_g2	-0.880064284568736	NA	NA
TRINITY_DN3178_c0_g1	-0.611482619745615	NA	NA
TRINITY_DN3178_c0_g2	-3.47310142152199	NA	NA
TRINITY_DN3179_c0_g2	2.01333125169908	NA	NA
TRINITY_DN318_c0_g1	0.00962174300430209	0.999155368198447	NA
TRINITY_DN318_c0_g1	0.00962174300430209	0.999155368198447	NA
TRINITY_DN318_c0_g1	0.00962174300430209	0.999155368198447	NA
TRINITY_DN3181_c0_g1	3.62002907707649	NA	NA
TRINITY_DN3181_c0_g2	1.7178261984168	NA	NA
TRINITY_DN3184_c0_g1	0.996550844860041	NA	NA
TRINITY_DN3184_c0_g2	-0.535500790113485	NA	NA
TRINITY_DN3185_c0_g1	0.479018821295888	0.999155368198447	NA
TRINITY_DN3186_c0_g1	-0.517784811724339	0.999155368198447	NA
TRINITY_DN3187_c0_g1	0.826006470491345	0.999155368198447	NA
TRINITY_DN3187_c0_g1	0.826006470491345	0.999155368198447	NA
TRINITY_DN3188_c0_g1	-0.433798656609994	NA	NA
TRINITY_DN319_c0_g1	0.269878933512031	0.999155368198447	NA
TRINITY_DN319_c0_g1	0.269878933512031	0.999155368198447	NA
TRINITY_DN319_c0_g1	0.269878933512031	0.999155368198447	NA
TRINITY_DN3190_c0_g1	-0.594994208916765	0.999155368198447	NA
TRINITY_DN3190_c0_g1	-0.594994208916765	0.999155368198447	NA
TRINITY_DN3190_c0_g1	-0.594994208916765	0.999155368198447	NA
TRINITY_DN3190_c0_g1	-0.594994208916765	0.999155368198447	NA
TRINITY_DN3191_c0_g1	-3.50043193918239	NA	NA
TRINITY_DN3191_c0_g2	-0.543900026769297	NA	NA
TRINITY_DN3192_c0_g1	0.658884761713818	NA	NA
TRINITY_DN3192_c0_g2	0.382968604071191	NA	NA
TRINITY_DN3193_c0_g1	-2.35426970514361	NA	NA
TRINITY_DN3193_c0_g1	-2.35426970514361	NA	NA
TRINITY_DN3193_c0_g1	-2.35426970514361	NA	NA
TRINITY_DN3194_c0_g1	0.712667331205515	NA	NA
TRINITY_DN3195_c0_g1	0.144711708250266	NA	NA
TRINITY_DN3196_c0_g1	-0.427974037210082	NA	NA
TRINITY_DN3197_c0_g1	1.1597366911489	0.999155368198447	NA
TRINITY_DN3197_c0_g1	1.1597366911489	0.999155368198447	NA
TRINITY_DN3198_c0_g1	-0.001725139250717	NA	NA
TRINITY_DN3199_c0_g1	2.0884371380583	NA	NA
TRINITY_DN32_c0_g1	0.418952321655684	NA	NA
TRINITY_DN32_c1_g1	-2.10227211628538	NA	NA
TRINITY_DN320_c0_g1	0.453776201841296	0.999155368198447	NA
TRINITY_DN320_c0_g1	0.453776201841296	0.999155368198447	NA
TRINITY_DN3200_c0_g1	-0.126699332908598	0.999155368198447	NA
TRINITY_DN3200_c0_g1	-0.126699332908598	0.999155368198447	NA
TRINITY_DN3200_c0_g1	-0.126699332908598	0.999155368198447	NA
TRINITY_DN3201_c0_g1	2.87054411907182	0.481011301020083	NA
TRINITY_DN3202_c0_g1	1.38750360429318	NA	NA
TRINITY_DN3202_c0_g2	0.364454349007998	NA	NA
TRINITY_DN3203_c0_g1	1.63074617016385	NA	NA
TRINITY_DN3203_c0_g2	-0.84041480688186	NA	NA
TRINITY_DN3204_c0_g1	-1.95307008227755	NA	NA
TRINITY_DN3205_c0_g1	-1.06986016991398	0.999155368198447	NA
TRINITY_DN3206_c0_g1	0.428430690494415	NA	NA
TRINITY_DN3206_c0_g2	0.370448609517319	NA	NA
TRINITY_DN3207_c0_g1	-0.331757496050479	0.999155368198447	NA
TRINITY_DN3208_c0_g1	1.66788415274411	NA	NA
TRINITY_DN3208_c0_g2	1.34983422489697	NA	NA
TRINITY_DN3209_c0_g1	-1.72632192033296	NA	NA
TRINITY_DN321_c0_g1	-0.58315508274892	0.999155368198447	NA
TRINITY_DN321_c0_g1	-0.58315508274892	0.999155368198447	NA
TRINITY_DN321_c0_g1	-0.58315508274892	0.999155368198447	NA
TRINITY_DN321_c0_g1	-0.58315508274892	0.999155368198447	NA
TRINITY_DN321_c0_g1	-0.58315508274892	0.999155368198447	NA
TRINITY_DN3210_c0_g1	-1.55703853249322	NA	NA
TRINITY_DN3210_c0_g2	2.82373008070747	NA	NA
TRINITY_DN3210_c0_g3	-1.52237678933332	NA	NA
TRINITY_DN3210_c0_g4	-2.50208301564696	NA	NA
TRINITY_DN3212_c0_g1	-0.883380947498466	NA	NA
TRINITY_DN3214_c0_g1	-0.696522006129786	0.999155368198447	NA
TRINITY_DN3215_c0_g1	-0.768614095511196	NA	NA
TRINITY_DN3215_c0_g2	1.69452006837544	NA	NA
TRINITY_DN3216_c0_g1	0.372065244925653	0.999155368198447	NA
TRINITY_DN3217_c0_g1	-0.768614095511196	NA	NA
TRINITY_DN3217_c0_g2	0.363850193737084	NA	NA
TRINITY_DN3218_c0_g1	0.374519905390025	NA	NA
TRINITY_DN3219_c0_g1	0.506753187206056	NA	NA
TRINITY_DN322_c0_g1	-0.539081745286931	0.999155368198447	NA
TRINITY_DN3220_c0_g1	1.71262254253728	NA	NA
TRINITY_DN3220_c0_g2	0.598005190893486	NA	NA
TRINITY_DN3221_c0_g1	-2.06520450761071	NA	NA
TRINITY_DN3221_c0_g2	0.388799156767428	NA	NA
TRINITY_DN3221_c0_g3	3.13844658689805	NA	NA
TRINITY_DN3223_c0_g1	-0.852594936188394	NA	NA
TRINITY_DN3223_c0_g2	0.421165895708847	NA	NA
TRINITY_DN3225_c0_g1	-2.43560636994268	NA	NA
TRINITY_DN3226_c0_g1	1.70096805606113	NA	NA
TRINITY_DN3226_c0_g2	0.286275653598857	0.999155368198447	NA
TRINITY_DN3227_c0_g1	-1.99987284096263	NA	NA
TRINITY_DN3227_c0_g2	-1.82508684412934	NA	NA
TRINITY_DN3228_c0_g1	-3.77293936702816	NA	NA
TRINITY_DN3229_c0_g1	0.765123949402199	NA	NA
TRINITY_DN323_c0_g1	-0.220888616242567	NA	NA
TRINITY_DN323_c1_g1	-0.0687289312599351	0.999155368198447	NA
TRINITY_DN3230_c0_g1	1.68429593122473	NA	NA
TRINITY_DN3231_c0_g1	2.00231743783183	NA	NA
TRINITY_DN3232_c0_g1	-1.52808507399823	0.999155368198447	NA
TRINITY_DN3232_c0_g2	0.659543361191124	0.999155368198447	NA
TRINITY_DN3233_c0_g1	2.12781620234266	NA	NA
TRINITY_DN3234_c0_g1	1.37917166273043	NA	NA
TRINITY_DN3237_c0_g1	0.174627215764917	NA	NA
TRINITY_DN3238_c0_g1	-0.496927607711533	0.999155368198447	NA
TRINITY_DN3238_c0_g2	-1.12042464461889	NA	NA
TRINITY_DN3238_c0_g3	0.24720850099911	NA	NA
TRINITY_DN3238_c1_g1	-2.84504007261119	NA	NA
TRINITY_DN3238_c2_g1	0.366582252675843	NA	NA
TRINITY_DN3239_c0_g1	-2.76998896301412	NA	NA
TRINITY_DN3239_c0_g2	-1.23990875480265	0.999155368198447	NA
TRINITY_DN324_c0_g1	-1.36624527349685	0.951303799648802	NA
TRINITY_DN324_c0_g1	-1.36624527349685	0.951303799648802	NA
TRINITY_DN3240_c0_g1	1.35120776514193	NA	NA
TRINITY_DN3241_c0_g1	1.36908823548001	NA	NA
TRINITY_DN3242_c0_g1	-1.5121363029682	NA	NA
TRINITY_DN3243_c0_g1	-3.18596099179787	NA	NA
TRINITY_DN3243_c0_g2	-2.09099983765304	NA	NA
TRINITY_DN3243_c0_g2	-2.09099983765304	NA	NA
TRINITY_DN3244_c0_g1	0.740251759578635	NA	NA
TRINITY_DN3245_c0_g1	0.84496863704135	0.999155368198447	NA
TRINITY_DN3246_c0_g1	-0.143507923370674	NA	NA
TRINITY_DN3246_c0_g2	2.10001404704999	NA	NA
TRINITY_DN3247_c0_g1	-3.04128057433235	NA	NA
TRINITY_DN3247_c0_g2	0.503968680955179	0.999155368198447	NA
TRINITY_DN3248_c0_g1	0.58323360505677	NA	NA
TRINITY_DN3248_c0_g2	-0.876927330454296	NA	NA
TRINITY_DN3249_c0_g1	-0.427578606274422	0.999155368198447	NA
TRINITY_DN325_c0_g1	0.411284112546608	0.999155368198447	NA
TRINITY_DN325_c0_g1	0.411284112546608	0.999155368198447	NA
TRINITY_DN325_c0_g1	0.411284112546608	0.999155368198447	NA
TRINITY_DN325_c0_g1	0.411284112546608	0.999155368198447	NA
TRINITY_DN325_c0_g1	0.411284112546608	0.999155368198447	NA
TRINITY_DN325_c0_g1	0.411284112546608	0.999155368198447	NA
TRINITY_DN325_c0_g1	0.411284112546608	0.999155368198447	NA
TRINITY_DN325_c0_g1	0.411284112546608	0.999155368198447	NA
TRINITY_DN325_c0_g1	0.411284112546608	0.999155368198447	NA
TRINITY_DN325_c0_g1	0.411284112546608	0.999155368198447	NA
TRINITY_DN325_c0_g1	0.411284112546608	0.999155368198447	NA
TRINITY_DN325_c0_g1	0.411284112546608	0.999155368198447	NA
TRINITY_DN325_c1_g1	2.40410275929054	NA	NA
TRINITY_DN325_c2_g1	1.05258842648935	NA	NA
TRINITY_DN3250_c0_g1	-0.95821074090894	NA	NA
TRINITY_DN3251_c0_g1	1.29786828805575	NA	NA
TRINITY_DN3251_c0_g2	-1.37956368554545	NA	NA
TRINITY_DN3252_c0_g1	-1.10873643375087	NA	NA
TRINITY_DN3253_c0_g1	0.509242021464239	NA	NA
TRINITY_DN3253_c0_g2	-1.00928037451809	0.999155368198447	NA
TRINITY_DN3253_c0_g2	-1.00928037451809	0.999155368198447	NA
TRINITY_DN3253_c0_g2	-1.00928037451809	0.999155368198447	NA
TRINITY_DN3253_c0_g2	-1.00928037451809	0.999155368198447	NA
TRINITY_DN3253_c0_g2	-1.00928037451809	0.999155368198447	NA
TRINITY_DN3255_c0_g1	-1.51807154720192	NA	NA
TRINITY_DN3255_c0_g2	0.408434061197708	NA	NA
TRINITY_DN3256_c0_g1	3.37848468787435	NA	NA
TRINITY_DN3256_c0_g2	1.66508092612895	NA	NA
TRINITY_DN3258_c0_g1	-0.352763908140293	NA	NA
TRINITY_DN3258_c0_g2	0.460577059897323	NA	NA
TRINITY_DN3258_c0_g3	-1.5824286960558	NA	NA
TRINITY_DN3259_c0_g1	-0.00909219996357947	NA	NA
TRINITY_DN326_c0_g1	-0.76986293902241	0.999155368198447	NA
TRINITY_DN3260_c0_g1	-1.10710630575372	NA	NA
TRINITY_DN3260_c0_g2	1.66976674433435	NA	NA
TRINITY_DN3260_c0_g3	2.3924062374727	NA	NA
TRINITY_DN3261_c0_g1	-0.938804059235973	NA	NA
TRINITY_DN3263_c0_g1	-0.594310803759328	0.999155368198447	NA
TRINITY_DN3264_c0_g2	3.38635947450496	NA	NA
TRINITY_DN3266_c0_g1	-0.167538552067769	NA	NA
TRINITY_DN3266_c0_g2	-1.14242812273753	NA	NA
TRINITY_DN3267_c0_g1	1.72626877224593	NA	NA
TRINITY_DN3267_c0_g2	-0.558820080819912	NA	NA
TRINITY_DN3268_c0_g1	1.0795940383072	NA	NA
TRINITY_DN327_c0_g1	0.413798093833239	0.999155368198447	NA
TRINITY_DN327_c0_g1	0.413798093833239	0.999155368198447	NA
TRINITY_DN327_c0_g1	0.413798093833239	0.999155368198447	NA
TRINITY_DN3270_c0_g1	0.377245001503787	NA	NA
TRINITY_DN3271_c0_g1	0.435266117760931	NA	NA
TRINITY_DN3272_c0_g1	2.81678114944959	NA	NA
TRINITY_DN3273_c0_g1	-0.340093835833782	NA	NA
TRINITY_DN3274_c0_g1	-2.54158249550552	NA	NA
TRINITY_DN3274_c0_g2	1.7222311792188	NA	NA
TRINITY_DN3275_c0_g1	1.86008621251346	NA	NA
TRINITY_DN3275_c0_g2	-1.50360488652614	NA	NA
TRINITY_DN3275_c0_g3	-2.83029658791708	NA	NA
TRINITY_DN3275_c0_g4	-0.566979193558225	NA	NA
TRINITY_DN3276_c0_g1	-0.2745780756869	NA	NA
TRINITY_DN3277_c0_g1	-0.541887138001502	NA	NA
TRINITY_DN3279_c0_g1	-2.066908228626	NA	NA
TRINITY_DN3279_c0_g2	2.10946816693689	NA	NA
TRINITY_DN328_c0_g1	0.314053304494353	0.999155368198447	NA
TRINITY_DN3280_c0_g1	0.91450109249574	NA	NA
TRINITY_DN3280_c0_g2	2.80941590716106	NA	NA
TRINITY_DN3281_c0_g3	-3.64285969560959	NA	NA
TRINITY_DN3282_c0_g1	0.600457002604701	NA	NA
TRINITY_DN3283_c0_g1	0.975398539118134	NA	NA
TRINITY_DN3284_c0_g1	3.67053816887466	NA	NA
TRINITY_DN3285_c0_g1	1.14585413988479	NA	NA
TRINITY_DN3286_c0_g2	-1.56384514130637	NA	NA
TRINITY_DN3287_c0_g1	-2.83131220913086	NA	NA
TRINITY_DN3287_c0_g2	1.4300512716059	NA	NA
TRINITY_DN3289_c0_g1	0.222838926080438	NA	NA
TRINITY_DN3289_c0_g2	2.12261200261887	NA	NA
TRINITY_DN329_c0_g1	-0.270250695884283	0.999155368198447	NA
TRINITY_DN329_c0_g1	-0.270250695884283	0.999155368198447	NA
TRINITY_DN329_c0_g1	-0.270250695884283	0.999155368198447	NA
TRINITY_DN329_c0_g1	-0.270250695884283	0.999155368198447	NA
TRINITY_DN3290_c0_g1	0.475765862182506	0.999155368198447	NA
TRINITY_DN3290_c0_g1	0.475765862182506	0.999155368198447	NA
TRINITY_DN3291_c0_g1	1.86008621251346	NA	NA
TRINITY_DN3291_c0_g2	0.967029342080881	NA	NA
TRINITY_DN3292_c0_g1	-0.195133615440421	NA	NA
TRINITY_DN3293_c0_g1	-2.30273062685064	NA	NA
TRINITY_DN3294_c0_g1	2.34479942720385	NA	NA
TRINITY_DN3295_c0_g1	-0.229682239155816	NA	NA
TRINITY_DN3296_c0_g1	-1.11513742732052	NA	NA
TRINITY_DN3297_c0_g1	-0.57220863095176	NA	NA
TRINITY_DN3298_c0_g1	0.347256586398961	NA	NA
TRINITY_DN3299_c0_g1	2.12002853058306	NA	NA
TRINITY_DN33_c0_g1	0.376821624543703	0.999155368198447	NA
TRINITY_DN330_c0_g1	-0.11027184776754	0.999155368198447	NA
TRINITY_DN330_c0_g1	-0.11027184776754	0.999155368198447	NA
TRINITY_DN3300_c0_g1	2.34479942720385	NA	NA
TRINITY_DN3301_c0_g1	-0.195001740920455	NA	NA
TRINITY_DN3303_c0_g1	0.380770911220253	NA	NA
TRINITY_DN3303_c0_g2	1.83481114468044	NA	NA
TRINITY_DN3303_c1_g1	3.39598650459092	NA	NA
TRINITY_DN3305_c0_g1	-1.94741604666243	NA	NA
TRINITY_DN3305_c0_g2	0.451159459087684	NA	NA
TRINITY_DN3306_c0_g1	0.424810304908704	NA	NA
TRINITY_DN3307_c0_g1	2.39439602029138	NA	NA
TRINITY_DN3308_c0_g1	0.916814098855114	NA	NA
TRINITY_DN3308_c0_g2	-1.51408937232975	NA	NA
TRINITY_DN3309_c0_g1	-2.19557316200653	NA	NA
TRINITY_DN3309_c0_g2	-0.605538832940051	NA	NA
TRINITY_DN331_c0_g1	-0.512126185866332	0.999155368198447	NA
TRINITY_DN3310_c0_g1	-2.34875079270175	NA	NA
TRINITY_DN3310_c0_g2	-1.18100542528302	NA	NA
TRINITY_DN3311_c0_g1	-0.34534082177757	NA	NA
TRINITY_DN3311_c0_g2	0.968682860688925	NA	NA
TRINITY_DN3312_c0_g1	2.75905656485706	NA	NA
TRINITY_DN3313_c0_g1	1.72997456262302	NA	NA
TRINITY_DN3314_c0_g1	-2.67924550952837	NA	NA
TRINITY_DN3315_c0_g1	0.823495611044727	NA	NA
TRINITY_DN3316_c0_g1	0.373598530952121	0.999155368198447	NA
TRINITY_DN3316_c0_g2	1.096438089048	NA	NA
TRINITY_DN3316_c0_g3	-0.235822379188944	NA	NA
TRINITY_DN3318_c0_g1	2.12424067569964	NA	NA
TRINITY_DN3319_c0_g1	-0.567407566455094	NA	NA
TRINITY_DN3319_c0_g2	0.91450109249574	NA	NA
TRINITY_DN332_c0_g1	-0.135812926018716	0.999155368198447	NA
TRINITY_DN332_c0_g1	-0.135812926018716	0.999155368198447	NA
TRINITY_DN332_c0_g2	0.448872493354207	0.999155368198447	NA
TRINITY_DN332_c0_g2	0.448872493354207	0.999155368198447	NA
TRINITY_DN332_c0_g3	0.0177198018721293	NA	NA
TRINITY_DN3320_c0_g1	-0.836908953430102	0.999155368198447	NA
TRINITY_DN3320_c0_g1	-0.836908953430102	0.999155368198447	NA
TRINITY_DN3321_c0_g1	-1.36220163128163	NA	NA
TRINITY_DN3322_c0_g1	-1.2323352279109	NA	NA
TRINITY_DN3323_c0_g1	0.99930691569867	NA	NA
TRINITY_DN3324_c0_g1	0.00643681967984779	NA	NA
TRINITY_DN3325_c0_g1	0.833490890521249	NA	NA
TRINITY_DN3326_c0_g1	2.41772606490435	NA	NA
TRINITY_DN3326_c0_g2	0.195195106085009	NA	NA
TRINITY_DN3328_c0_g1	2.40169627843867	NA	NA
TRINITY_DN3328_c0_g2	0.750613658035013	NA	NA
TRINITY_DN3329_c0_g1	-0.290776158512422	NA	NA
TRINITY_DN3329_c0_g2	-2.09279777411587	NA	NA
TRINITY_DN333_c0_g1	-0.291916036993575	0.999155368198447	NA
TRINITY_DN333_c0_g1	-0.291916036993575	0.999155368198447	NA
TRINITY_DN333_c0_g1	-0.291916036993575	0.999155368198447	NA
TRINITY_DN3330_c0_g1	0.966982080550517	NA	NA
TRINITY_DN3331_c0_g1	1.72206845060293	NA	NA
TRINITY_DN3331_c0_g2	-1.41929512882999	NA	NA
TRINITY_DN3331_c0_g3	-2.08897969484348	NA	NA
TRINITY_DN3334_c0_g2	0.390996192938735	NA	NA
TRINITY_DN3335_c0_g1	1.09614005655879	NA	NA
TRINITY_DN3335_c0_g2	0.139477170198163	NA	NA
TRINITY_DN3336_c0_g1	-0.471392665019268	0.999155368198447	NA
TRINITY_DN3336_c0_g2	0.0582002383983169	NA	NA
TRINITY_DN3337_c0_g1	2.52420672315434	NA	NA
TRINITY_DN3337_c0_g2	1.72527115828254	NA	NA
TRINITY_DN3337_c0_g3	-1.52237678933332	NA	NA
TRINITY_DN3339_c0_g1	-2.09062802692611	0.999155368198447	NA
TRINITY_DN3339_c0_g2	0.395232205188094	NA	NA
TRINITY_DN334_c0_g1	0.00984698767048666	0.999155368198447	NA
TRINITY_DN3340_c0_g1	1.39323064801743	NA	NA
TRINITY_DN3340_c0_g2	-0.26390170900685	NA	NA
TRINITY_DN3341_c0_g1	0.374873286932096	NA	NA
TRINITY_DN3343_c0_g1	0.76796725936455	NA	NA
TRINITY_DN3344_c0_g1	2.11003444744235	NA	NA
TRINITY_DN3344_c0_g2	-1.17198660993188	NA	NA
TRINITY_DN3345_c0_g1	1.41904887357489	NA	NA
TRINITY_DN3346_c0_g1	-0.619652181575764	NA	NA
TRINITY_DN3347_c0_g1	1.65197851588169	NA	NA
TRINITY_DN335_c0_g1	-0.0923499959187402	NA	NA
TRINITY_DN335_c0_g1	-0.0923499959187402	NA	NA
TRINITY_DN3350_c0_g1	-0.515514223248849	NA	NA
TRINITY_DN3351_c0_g1	-0.567541731313605	NA	NA
TRINITY_DN3352_c0_g1	2.57524503781635	NA	NA
TRINITY_DN3352_c0_g1	2.57524503781635	NA	NA
TRINITY_DN3353_c0_g1	-2.77253559869215	NA	NA
TRINITY_DN3354_c0_g1	-2.43618659789991	NA	NA
TRINITY_DN3354_c0_g2	-3.47587707401654	NA	NA
TRINITY_DN3354_c0_g3	2.36112104475009	NA	NA
TRINITY_DN3354_c0_g4	-3.21209847964453	0.629628642553115	NA
TRINITY_DN3355_c0_g1	-0.93137602855084	NA	NA
TRINITY_DN3358_c0_g1	2.86279211382665	NA	NA
TRINITY_DN3359_c0_g1	-1.09424553293565	NA	NA
TRINITY_DN336_c0_g1	-1.15798278759741	NA	NA
TRINITY_DN3360_c0_g1	-0.95057652956058	NA	NA
TRINITY_DN3360_c0_g1	-0.95057652956058	NA	NA
TRINITY_DN3362_c0_g1	-0.0882296753202626	NA	NA
TRINITY_DN3363_c0_g1	1.09187646865303	NA	NA
TRINITY_DN3363_c0_g2	-1.50381947345092	NA	NA
TRINITY_DN3364_c0_g1	-2.35436699613698	NA	NA
TRINITY_DN3364_c0_g2	-1.09643602748494	NA	NA
TRINITY_DN3365_c0_g1	1.60266331124851	0.999155368198447	NA
TRINITY_DN3368_c0_g1	-2.08254751687485	NA	NA
TRINITY_DN3368_c0_g2	2.12832927365189	NA	NA
TRINITY_DN3369_c0_g1	-3.10123218916817	NA	NA
TRINITY_DN337_c0_g1	-0.744515282332538	0.999155368198447	NA
TRINITY_DN337_c0_g1	-0.744515282332538	0.999155368198447	NA
TRINITY_DN337_c0_g1	-0.744515282332538	0.999155368198447	NA
TRINITY_DN337_c1_g1	-1.09350624669185	0.999155368198447	NA
TRINITY_DN337_c1_g1	-1.09350624669185	0.999155368198447	NA
TRINITY_DN337_c1_g1	-1.09350624669185	0.999155368198447	NA
TRINITY_DN337_c2_g1	0.433737546211022	0.999155368198447	NA
TRINITY_DN337_c2_g2	0.186469371646869	NA	NA
TRINITY_DN337_c2_g3	-2.09302402147116	NA	NA
TRINITY_DN337_c3_g1	-2.29409622466592	NA	NA
TRINITY_DN337_c3_g1	-2.29409622466592	NA	NA
TRINITY_DN337_c4_g1	-0.590221611099778	0.999155368198447	NA
TRINITY_DN337_c4_g1	-0.590221611099778	0.999155368198447	NA
TRINITY_DN337_c4_g1	-0.590221611099778	0.999155368198447	NA
TRINITY_DN337_c5_g1	-1.32869284672268	NA	NA
TRINITY_DN337_c6_g1	-0.523262019458443	0.999155368198447	NA
TRINITY_DN337_c7_g1	1.78598857894072	NA	NA
TRINITY_DN337_c8_g1	-1.52237678933332	NA	NA
TRINITY_DN3370_c0_g1	0.479322190117015	0.999155368198447	NA
TRINITY_DN3371_c0_g1	-0.098614665829224	NA	NA
TRINITY_DN3371_c0_g2	-0.00875672829522203	0.999155368198447	NA
TRINITY_DN3372_c0_g1	-0.62321646228115	NA	NA
TRINITY_DN3372_c0_g2	0.338014721288791	NA	NA
TRINITY_DN3373_c0_g1	-0.581968956782351	NA	NA
TRINITY_DN3374_c0_g1	-0.478227663038877	NA	NA
TRINITY_DN3374_c0_g2	-0.581892837079493	NA	NA
TRINITY_DN3376_c0_g1	0.0377118627643181	0.999155368198447	NA
TRINITY_DN3377_c0_g2	1.0066023965754	NA	NA
TRINITY_DN3378_c0_g1	0.0482718545587462	NA	NA
TRINITY_DN3379_c0_g1	-1.40329398976141	NA	NA
TRINITY_DN338_c0_g1	0.630995226970574	NA	NA
TRINITY_DN3380_c0_g1	-0.0380266184110352	NA	NA
TRINITY_DN3382_c0_g1	-1.47430868627787	NA	NA
TRINITY_DN3382_c0_g2	1.69541163118852	NA	NA
TRINITY_DN3382_c0_g3	-0.212829377606619	0.999155368198447	NA
TRINITY_DN3383_c0_g1	0.686974438656748	NA	NA
TRINITY_DN3384_c0_g1	NA	NA	NA
TRINITY_DN3384_c0_g2	-1.06582123248638	NA	NA
TRINITY_DN3386_c0_g1	-2.10737975473503	NA	NA
TRINITY_DN3386_c0_g2	0.209734568145885	NA	NA
TRINITY_DN3387_c0_g2	3.1484122816941	NA	NA
TRINITY_DN3388_c0_g1	-2.77382840710845	NA	NA
TRINITY_DN3389_c0_g1	-2.77161071988965	NA	NA
TRINITY_DN339_c0_g1	0.76341647531987	0.999155368198447	NA
TRINITY_DN339_c0_g1	0.76341647531987	0.999155368198447	NA
TRINITY_DN339_c0_g1	0.76341647531987	0.999155368198447	NA
TRINITY_DN3390_c0_g1	1.39668354476143	NA	NA
TRINITY_DN3391_c0_g1	-0.0167696229315246	NA	NA
TRINITY_DN3391_c0_g2	2.93637230529555	NA	NA
TRINITY_DN3391_c0_g3	-2.49811515032599	NA	NA
TRINITY_DN3391_c0_g4	0.373329696954436	NA	NA
TRINITY_DN3392_c0_g1	1.72462491171252	NA	NA
TRINITY_DN3393_c0_g1	-0.207493095260774	0.999155368198447	NA
TRINITY_DN3393_c0_g1	-0.207493095260774	0.999155368198447	NA
TRINITY_DN3396_c0_g1	3.13134408283979	NA	NA
TRINITY_DN3397_c0_g2	0.353387950720274	NA	NA
TRINITY_DN3398_c0_g1	-2.47980214770666	NA	NA
TRINITY_DN3398_c0_g2	-0.768614095511196	NA	NA
TRINITY_DN34_c0_g1	0.0446029873747733	0.999155368198447	NA
TRINITY_DN340_c0_g1	0.0186760181266247	0.999155368198447	NA
TRINITY_DN340_c0_g1	0.0186760181266247	0.999155368198447	NA
TRINITY_DN3400_c0_g1	-1.59358894753061	NA	NA
TRINITY_DN3400_c0_g1	-1.59358894753061	NA	NA
TRINITY_DN3403_c0_g1	-0.259667403105031	NA	NA
TRINITY_DN3404_c0_g1	1.04472322422477	NA	NA
TRINITY_DN3406_c0_g2	0.439958555070611	NA	NA
TRINITY_DN3407_c0_g1	-2.50943005873972	NA	NA
TRINITY_DN3409_c0_g1	-1.41168707971847	NA	NA
TRINITY_DN341_c0_g1	-0.79497408426307	0.999155368198447	NA
TRINITY_DN3410_c0_g1	-0.568131097747161	NA	NA
TRINITY_DN3410_c0_g2	0.214337211135476	NA	NA
TRINITY_DN3411_c0_g1	-0.524810750806772	NA	NA
TRINITY_DN3413_c0_g1	0.945395450646557	0.999155368198447	NA
TRINITY_DN3415_c0_g1	-2.5049473986572	NA	NA
TRINITY_DN3416_c0_g1	-0.522086996129073	NA	NA
TRINITY_DN3416_c0_g2	1.55483325520475	NA	NA
TRINITY_DN3417_c0_g1	-0.208001240762678	NA	NA
TRINITY_DN3418_c0_g1	3.39145367887928	NA	NA
TRINITY_DN3418_c0_g2	0.964545539720106	NA	NA
TRINITY_DN3419_c0_g1	0.367263629226923	NA	NA
TRINITY_DN3419_c0_g2	0.965535505989587	NA	NA
TRINITY_DN342_c0_g1	-0.149707881297836	0.999155368198447	NA
TRINITY_DN3421_c0_g1	-0.858800563799616	NA	NA
TRINITY_DN3422_c0_g1	-0.575296616123092	NA	NA
TRINITY_DN3422_c0_g2	-0.768614095511196	NA	NA
TRINITY_DN3424_c0_g1	-0.594729109125447	NA	NA
TRINITY_DN3425_c0_g1	-1.14611453649096	NA	NA
TRINITY_DN3427_c0_g1	-0.442590850141254	0.999155368198447	NA
TRINITY_DN3427_c0_g1	-0.442590850141254	0.999155368198447	NA
TRINITY_DN3428_c0_g1	-0.403786047040631	NA	NA
TRINITY_DN3428_c0_g2	-1.55007226629641	NA	NA
TRINITY_DN3429_c0_g1	2.43564806208585	NA	NA
TRINITY_DN343_c0_g1	0.16914993514059	0.999155368198447	NA
TRINITY_DN3430_c0_g1	-2.09302402147116	NA	NA
TRINITY_DN3430_c0_g2	0.91450109249574	NA	NA
TRINITY_DN3431_c0_g1	-1.50036792614136	NA	NA
TRINITY_DN3432_c0_g1	2.75905656485706	NA	NA
TRINITY_DN3433_c0_g1	0.390788982555904	NA	NA
TRINITY_DN3434_c0_g1	1.76208259853803	NA	NA
TRINITY_DN3434_c0_g2	1.08718867589755	NA	NA
TRINITY_DN3435_c0_g1	2.39439602029138	NA	NA
TRINITY_DN3436_c0_g1	0.00170866447259598	0.999155368198447	NA
TRINITY_DN3436_c0_g2	-1.38643137383274	NA	NA
TRINITY_DN3436_c0_g3	0.176650808348801	NA	NA
TRINITY_DN3437_c0_g1	-2.8243770576804	NA	NA
TRINITY_DN3438_c0_g1	0.0408128373261335	0.999155368198447	NA
TRINITY_DN3438_c0_g2	-0.820972882575889	0.999155368198447	NA
TRINITY_DN344_c0_g1	-3.31488320524428	NA	NA
TRINITY_DN344_c0_g2	-1.14674338361527	0.999155368198447	NA
TRINITY_DN344_c1_g1	-0.199415329654256	NA	NA
TRINITY_DN344_c1_g1	-0.199415329654256	NA	NA
TRINITY_DN3440_c0_g1	-2.12599672253002	NA	NA
TRINITY_DN3443_c0_g2	1.72097663850313	NA	NA
TRINITY_DN3444_c0_g1	-0.768614095511196	NA	NA
TRINITY_DN3444_c0_g2	-0.233273295141793	NA	NA
TRINITY_DN3445_c0_g1	2.40134728788283	NA	NA
TRINITY_DN3446_c0_g1	1.07697885075249	NA	NA
TRINITY_DN3447_c0_g1	-1.83870547038742	NA	NA
TRINITY_DN3448_c0_g1	1.66150248839658	NA	NA
TRINITY_DN3449_c0_g1	-0.823712661083026	NA	NA
TRINITY_DN3449_c0_g2	-0.601817839913197	NA	NA
TRINITY_DN345_c0_g1	0.841685963259121	NA	NA
TRINITY_DN345_c0_g2	0.214542752581918	NA	NA
TRINITY_DN345_c0_g3	-0.219586192749487	0.999155368198447	NA
TRINITY_DN345_c0_g3	-0.219586192749487	0.999155368198447	NA
TRINITY_DN345_c0_g3	-0.219586192749487	0.999155368198447	NA
TRINITY_DN345_c0_g3	-0.219586192749487	0.999155368198447	NA
TRINITY_DN3451_c0_g1	1.0909048861046	NA	NA
TRINITY_DN3452_c0_g1	1.36362100720693	NA	NA
TRINITY_DN3453_c0_g1	-2.44805900462893	NA	NA
TRINITY_DN3453_c0_g2	0.227385020130153	NA	NA
TRINITY_DN3454_c0_g1	-2.78948875714629	NA	NA
TRINITY_DN3454_c0_g2	-2.10048076837308	NA	NA
TRINITY_DN3455_c0_g1	-0.539544760180795	NA	NA
TRINITY_DN3455_c0_g2	-0.930227408020839	NA	NA
TRINITY_DN3456_c0_g1	-0.578891658485494	NA	NA
TRINITY_DN3457_c0_g1	1.07966286434852	NA	NA
TRINITY_DN3457_c0_g2	-0.768614095511196	NA	NA
TRINITY_DN3458_c0_g1	-3.45860039990242	NA	NA
TRINITY_DN346_c0_g1	0.878362977088958	0.999155368198447	NA
TRINITY_DN346_c0_g1	0.878362977088958	0.999155368198447	NA
TRINITY_DN346_c0_g1	0.878362977088958	0.999155368198447	NA
TRINITY_DN3460_c0_g1	-2.11086299424104	NA	NA
TRINITY_DN3461_c0_g1	-2.09302402147116	NA	NA
TRINITY_DN3463_c0_g1	-0.19418540968766	0.999155368198447	NA
TRINITY_DN3463_c0_g1	-0.19418540968766	0.999155368198447	NA
TRINITY_DN3463_c0_g1	-0.19418540968766	0.999155368198447	NA
TRINITY_DN3464_c0_g1	-3.06575310185824	NA	NA
TRINITY_DN3465_c0_g1	1.09105851229526	NA	NA
TRINITY_DN3465_c0_g2	-0.0404430773016	NA	NA
TRINITY_DN3465_c0_g3	-0.401141122264929	NA	NA
TRINITY_DN3467_c0_g1	1.12039731518152	NA	NA
TRINITY_DN3468_c0_g1	-2.47908021515473	NA	NA
TRINITY_DN3468_c0_g2	-0.58746121699062	NA	NA
TRINITY_DN3469_c0_g1	-0.626232009003176	NA	NA
TRINITY_DN347_c0_g1	-1.59434160195236	NA	NA
TRINITY_DN3470_c0_g1	0.374750043913237	NA	NA
TRINITY_DN3472_c0_g1	0.619456470271863	NA	NA
TRINITY_DN3472_c0_g2	0.184285278133068	NA	NA
TRINITY_DN3473_c0_g1	2.83623896410608	NA	NA
TRINITY_DN3474_c0_g1	-1.56665572736732	NA	NA
TRINITY_DN3475_c0_g1	0.180504623253838	NA	NA
TRINITY_DN3475_c0_g2	2.06054561395948	NA	NA
TRINITY_DN3476_c0_g1	-0.0775230147059179	NA	NA
TRINITY_DN3476_c0_g1	-0.0775230147059179	NA	NA
TRINITY_DN3476_c0_g1	-0.0775230147059179	NA	NA
TRINITY_DN3477_c0_g1	0.468757346574	0.999155368198447	NA
TRINITY_DN3478_c0_g1	1.37010269928847	NA	NA
TRINITY_DN3479_c0_g1	-2.73502693382069	NA	NA
TRINITY_DN348_c0_g1	-1.75712698764209	0.999155368198447	NA
TRINITY_DN348_c0_g2	-1.28681108512702	NA	NA
TRINITY_DN3481_c0_g1	2.83607581251362	NA	NA
TRINITY_DN3482_c0_g2	0.424400047725882	NA	NA
TRINITY_DN3484_c0_g1	0.413995382398837	NA	NA
TRINITY_DN3484_c0_g2	0.187781524617507	NA	NA
TRINITY_DN3485_c0_g1	0.373971614176771	NA	NA
TRINITY_DN3486_c0_g1	-1.02965294754495	NA	NA
TRINITY_DN3487_c0_g1	0.714311061050044	NA	NA
TRINITY_DN3489_c0_g1	NA	NA	NA
TRINITY_DN3489_c0_g2	-2.08915794339816	NA	NA
TRINITY_DN349_c0_g2	2.7151971683384	NA	NA
TRINITY_DN349_c1_g1	1.43151430484036	0.999155368198447	NA
TRINITY_DN349_c1_g1	1.43151430484036	0.999155368198447	NA
TRINITY_DN3491_c0_g1	2.09026170935142	NA	NA
TRINITY_DN3492_c0_g1	-2.12599672253002	NA	NA
TRINITY_DN3493_c0_g1	-5.61491417097566	NA	NA
TRINITY_DN3494_c0_g1	-3.06106865445402	NA	NA
TRINITY_DN3495_c0_g1	1.76208259853803	NA	NA
TRINITY_DN3497_c0_g1	-1.36162509332215	NA	NA
TRINITY_DN3499_c0_g1	1.09132085498616	NA	NA
TRINITY_DN35_c0_g1	0.0704841614348992	0.999155368198447	NA
TRINITY_DN350_c0_g1	-3.82344729485342	NA	NA
TRINITY_DN350_c0_g2	0.371539575439409	NA	NA
TRINITY_DN3500_c0_g1	-1.11805278475096	NA	NA
TRINITY_DN3501_c0_g1	-2.76832702793111	NA	NA
TRINITY_DN3502_c0_g1	0.368248240542141	0.999155368198447	NA
TRINITY_DN3502_c0_g1	0.368248240542141	0.999155368198447	NA
TRINITY_DN3506_c0_g1	-2.44951217335745	NA	NA
TRINITY_DN3507_c0_g1	-2.6152346902178	0.851749633218351	NA
TRINITY_DN3508_c0_g1	-3.47636775928392	NA	NA
TRINITY_DN3508_c0_g2	-1.63165131066382	NA	NA
TRINITY_DN3509_c0_g1	3.36035481217718	NA	NA
TRINITY_DN351_c0_g1	-1.25625628886051	NA	NA
TRINITY_DN3510_c0_g1	-0.839317978980742	NA	NA
TRINITY_DN3511_c0_g1	0.404006779201493	NA	NA
TRINITY_DN3512_c0_g1	2.39067807707489	NA	NA
TRINITY_DN3512_c0_g2	-2.08134676973634	NA	NA
TRINITY_DN3514_c0_g1	-0.211645596291081	NA	NA
TRINITY_DN3515_c0_g1	0.273464975697832	0.999155368198447	NA
TRINITY_DN3517_c0_g1	-0.671773242147124	NA	NA
TRINITY_DN3517_c0_g1	-0.671773242147124	NA	NA
TRINITY_DN3518_c0_g1	-2.82196114733446	NA	NA
TRINITY_DN3519_c0_g1	0.436552550876791	NA	NA
TRINITY_DN3519_c0_g2	1.13306173570371	NA	NA
TRINITY_DN352_c0_g1	0.345422038521952	0.999155368198447	NA
TRINITY_DN352_c0_g1	0.345422038521952	0.999155368198447	NA
TRINITY_DN352_c0_g1	0.345422038521952	0.999155368198447	NA
TRINITY_DN3523_c0_g1	-0.1850578276562	NA	NA
TRINITY_DN3524_c0_g1	1.86008621251346	NA	NA
TRINITY_DN3525_c0_g1	2.45666700367808	NA	NA
TRINITY_DN3526_c0_g1	-0.768614095511196	NA	NA
TRINITY_DN3526_c0_g2	2.0381550223921	NA	NA
TRINITY_DN3527_c0_g1	-3.68696057740861	NA	NA
TRINITY_DN3528_c0_g1	0.91450109249574	NA	NA
TRINITY_DN3529_c0_g1	-2.52519805332048	NA	NA
TRINITY_DN353_c0_g1	2.10106155965142	NA	NA
TRINITY_DN353_c0_g2	0.817073240126067	NA	NA
TRINITY_DN353_c0_g3	-0.141996694745552	0.999155368198447	NA
TRINITY_DN353_c0_g3	-0.141996694745552	0.999155368198447	NA
TRINITY_DN353_c0_g4	2.00445524199324	NA	NA
TRINITY_DN3530_c0_g1	2.09308308296348	NA	NA
TRINITY_DN3533_c0_g1	-1.42769953167923	NA	NA
TRINITY_DN3535_c0_g2	0.341364750673274	NA	NA
TRINITY_DN3536_c0_g1	0.258351307407488	NA	NA
TRINITY_DN3536_c0_g1	0.258351307407488	NA	NA
TRINITY_DN3537_c0_g1	-1.50576064523823	NA	NA
TRINITY_DN3539_c0_g1	-2.02596110568196	NA	NA
TRINITY_DN354_c0_g1	-1.50602028302415	0.999155368198447	NA
TRINITY_DN3540_c0_g1	-1.10621917882633	NA	NA
TRINITY_DN3542_c0_g1	0.386972993918854	NA	NA
TRINITY_DN3542_c0_g2	-2.11682788016881	NA	NA
TRINITY_DN3542_c0_g3	0.466242314604552	0.999155368198447	NA
TRINITY_DN3543_c0_g1	3.14130905979016	NA	NA
TRINITY_DN3544_c0_g1	-1.61127948534038	0.999155368198447	NA
TRINITY_DN3544_c0_g1	-1.61127948534038	0.999155368198447	NA
TRINITY_DN3544_c0_g2	-2.12599672253002	NA	NA
TRINITY_DN3545_c0_g1	1.63815026434262	NA	NA
TRINITY_DN3546_c0_g1	-1.29109200269636	0.999155368198447	NA
TRINITY_DN3547_c0_g1	-3.03046765432019	NA	NA
TRINITY_DN3548_c0_g1	-2.54158249550552	NA	NA
TRINITY_DN3549_c0_g1	-1.8356043011591	NA	NA
TRINITY_DN355_c0_g1	-0.0874275207181046	0.999155368198447	NA
TRINITY_DN3550_c0_g2	-1.10547262164928	NA	NA
TRINITY_DN3553_c0_g1	0.164278298013168	NA	NA
TRINITY_DN3554_c0_g1	1.39504478344788	NA	NA
TRINITY_DN3555_c0_g1	1.16579947868279	NA	NA
TRINITY_DN3556_c0_g3	3.36039905123042	NA	NA
TRINITY_DN3558_c0_g1	-0.141558627096509	NA	NA
TRINITY_DN3559_c0_g1	-2.51831393465144	NA	NA
TRINITY_DN3559_c0_g2	-0.630742532884154	0.999155368198447	NA
TRINITY_DN3559_c0_g3	0.649685271513329	NA	NA
TRINITY_DN356_c0_g1	-2.08913609485743	NA	NA
TRINITY_DN356_c0_g2	0.483903481922668	0.999155368198447	NA
TRINITY_DN3560_c0_g1	-2.8382046536249	NA	NA
TRINITY_DN3561_c0_g1	0.373939896166006	NA	NA
TRINITY_DN3562_c0_g1	0.400821170195141	NA	NA
TRINITY_DN3562_c0_g2	-1.84667635169883	NA	NA
TRINITY_DN3563_c0_g1	-0.509987426699847	0.999155368198447	NA
TRINITY_DN3564_c0_g1	0.559096215300723	NA	NA
TRINITY_DN3564_c0_g2	-2.52589119031987	NA	NA
TRINITY_DN3565_c0_g1	0.438289069177198	0.999155368198447	NA
TRINITY_DN3565_c0_g1	0.438289069177198	0.999155368198447	NA
TRINITY_DN3566_c0_g1	-2.50829056031268	NA	NA
TRINITY_DN3567_c0_g2	-0.629123946436944	NA	NA
TRINITY_DN3568_c0_g1	-1.33892459257304	NA	NA
TRINITY_DN3569_c0_g1	1.40467224066864	NA	NA
TRINITY_DN357_c0_g1	-0.579422426150538	NA	NA
TRINITY_DN357_c0_g2	-0.834384593798059	0.999155368198447	NA
TRINITY_DN357_c0_g2	-0.834384593798059	0.999155368198447	NA
TRINITY_DN3570_c0_g1	1.1573221054821	NA	NA
TRINITY_DN3570_c0_g2	0.906131090816784	NA	NA
TRINITY_DN3571_c0_g1	-3.09952365564369	NA	NA
TRINITY_DN3571_c0_g2	-2.29083900561111	NA	NA
TRINITY_DN3571_c0_g3	0.222613149133222	NA	NA
TRINITY_DN3572_c0_g1	-1.48067109165668	NA	NA
TRINITY_DN3574_c0_g1	-2.09302402147116	NA	NA
TRINITY_DN3575_c0_g1	-1.17637687667325	NA	NA
TRINITY_DN3576_c0_g1	1.70057399992427	NA	NA
TRINITY_DN3577_c0_g1	-0.233004405472322	NA	NA
TRINITY_DN3577_c0_g2	0.392420715497279	NA	NA
TRINITY_DN3578_c0_g1	NA	NA	NA
TRINITY_DN3579_c0_g1	-2.52118408536804	NA	NA
TRINITY_DN3579_c0_g2	-2.05940203091205	NA	NA
TRINITY_DN358_c0_g1	-0.728160070511534	NA	NA
TRINITY_DN3580_c0_g1	-2.36970933892759	NA	NA
TRINITY_DN3580_c0_g2	2.82625558401441	NA	NA
TRINITY_DN3580_c0_g3	-0.0822934445560523	NA	NA
TRINITY_DN3581_c0_g1	-1.04158012953236	NA	NA
TRINITY_DN3581_c0_g2	0.91450109249574	NA	NA
TRINITY_DN3582_c0_g1	-1.51390359352083	NA	NA
TRINITY_DN3582_c0_g2	0.117160610667722	0.999155368198447	NA
TRINITY_DN3582_c0_g2	0.117160610667722	0.999155368198447	NA
TRINITY_DN3582_c0_g3	0.651661973016387	0.999155368198447	NA
TRINITY_DN3582_c0_g4	1.71084957751567	NA	NA
TRINITY_DN3583_c0_g1	-0.408268875245235	NA	NA
TRINITY_DN3584_c0_g1	1.00182022144318	NA	NA
TRINITY_DN3584_c0_g2	0.759459551368687	NA	NA
TRINITY_DN3584_c0_g2	0.759459551368687	NA	NA
TRINITY_DN3585_c0_g1	0.914501092495741	NA	NA
TRINITY_DN3585_c0_g2	1.11507773541083	NA	NA
TRINITY_DN3587_c0_g1	0.997417267860322	NA	NA
TRINITY_DN3587_c0_g2	-0.180902033577291	NA	NA
TRINITY_DN3587_c1_g1	1.7954707800638	0.999155368198447	NA
TRINITY_DN3588_c0_g1	3.99261563066652	NA	NA
TRINITY_DN3589_c0_g1	0.399733070662009	NA	NA
TRINITY_DN359_c0_g1	-0.283694864023909	0.999155368198447	NA
TRINITY_DN359_c0_g1	-0.283694864023909	0.999155368198447	NA
TRINITY_DN359_c0_g1	-0.283694864023909	0.999155368198447	NA
TRINITY_DN3590_c0_g1	-1.60354430633401	NA	NA
TRINITY_DN3590_c0_g2	0.207278983359007	0.999155368198447	NA
TRINITY_DN3591_c0_g1	-0.564377023100594	0.999155368198447	NA
TRINITY_DN3592_c0_g1	-2.33796993601103	NA	NA
TRINITY_DN3593_c0_g1	-1.19423992218229	NA	NA
TRINITY_DN3594_c0_g1	-0.143075171551575	0.999155368198447	NA
TRINITY_DN3595_c0_g1	0.200136144448699	NA	NA
TRINITY_DN3596_c0_g1	0.173186110333812	NA	NA
TRINITY_DN3596_c0_g2	1.42868476207279	NA	NA
TRINITY_DN3597_c0_g1	-0.832101229161974	0.999155368198447	NA
TRINITY_DN3598_c0_g1	-0.230820082467779	NA	NA
TRINITY_DN3599_c0_g1	0.886656827190536	NA	NA
TRINITY_DN36_c0_g1	-5.75789971190186	0.48480237489102	NA
TRINITY_DN360_c0_g1	-0.172150248287828	0.999155368198447	NA
TRINITY_DN360_c0_g1	-0.172150248287828	0.999155368198447	NA
TRINITY_DN360_c0_g1	-0.172150248287828	0.999155368198447	NA
TRINITY_DN3600_c0_g1	2.25460165253294	NA	NA
TRINITY_DN3601_c0_g1	-1.02667705765292	NA	NA
TRINITY_DN3601_c0_g2	1.20983627796982	NA	NA
TRINITY_DN3602_c0_g1	-1.51722567054321	NA	NA
TRINITY_DN3604_c0_g1	0.63559533808566	0.999155368198447	NA
TRINITY_DN3605_c0_g1	-0.19552176841973	NA	NA
TRINITY_DN3605_c0_g2	2.13102492674	NA	NA
TRINITY_DN3606_c0_g1	-1.81443098562699	NA	NA
TRINITY_DN3606_c0_g2	-1.63966491660529	NA	NA
TRINITY_DN3607_c0_g1	-0.155360790442869	NA	NA
TRINITY_DN3608_c0_g1	1.09675062789083	NA	NA
TRINITY_DN3608_c0_g2	-1.06753563424291	NA	NA
TRINITY_DN3609_c0_g1	2.81743859947033	NA	NA
TRINITY_DN3609_c0_g2	1.09443700743848	NA	NA
TRINITY_DN361_c0_g1	-1.59990989754385	0.999155368198447	NA
TRINITY_DN361_c0_g1	-1.59990989754385	0.999155368198447	NA
TRINITY_DN3610_c0_g1	-2.52631769751393	NA	NA
TRINITY_DN3610_c0_g2	-1.474753183965	NA	NA
TRINITY_DN3611_c0_g1	0.0349372377087355	0.999155368198447	NA
TRINITY_DN3611_c0_g1	0.0349372377087355	0.999155368198447	NA
TRINITY_DN3611_c0_g1	0.0349372377087355	0.999155368198447	NA
TRINITY_DN3612_c0_g1	0.422991991538513	NA	NA
TRINITY_DN3612_c0_g2	0.0466329149941373	0.999155368198447	NA
TRINITY_DN3613_c0_g2	0.392758215250073	NA	NA
TRINITY_DN3614_c0_g1	0.91450109249574	NA	NA
TRINITY_DN3614_c0_g2	1.68928423284322	NA	NA
TRINITY_DN3615_c0_g1	-1.59654540727352	0.999155368198447	NA
TRINITY_DN3618_c0_g1	3.08086146207431	NA	NA
TRINITY_DN3619_c0_g1	-0.492121697364235	0.999155368198447	NA
TRINITY_DN3619_c0_g2	0.400034029221661	NA	NA
TRINITY_DN362_c0_g1	1.04296385393303	0.999155368198447	NA
TRINITY_DN362_c0_g1	1.04296385393303	0.999155368198447	NA
TRINITY_DN362_c0_g1	1.04296385393303	0.999155368198447	NA
TRINITY_DN3620_c0_g1	0.201078084593905	NA	NA
TRINITY_DN3620_c0_g2	1.71369287364627	NA	NA
TRINITY_DN3621_c0_g1	-1.51807154720192	NA	NA
TRINITY_DN3621_c0_g2	2.89038089779405	NA	NA
TRINITY_DN3622_c0_g1	-1.05247095828402	NA	NA
TRINITY_DN3622_c0_g1	-1.05247095828402	NA	NA
TRINITY_DN3622_c0_g2	-0.882847476126358	NA	NA
TRINITY_DN3624_c0_g1	2.80941590716106	NA	NA
TRINITY_DN3625_c0_g1	-3.61308618775839	NA	NA
TRINITY_DN3627_c0_g1	1.68420537428038	NA	NA
TRINITY_DN3627_c0_g2	1.12501946856748	NA	NA
TRINITY_DN3628_c0_g1	3.28105698151886	NA	NA
TRINITY_DN3628_c0_g2	-0.357796279257747	0.999155368198447	NA
TRINITY_DN3629_c0_g1	1.71034063555324	NA	NA
TRINITY_DN363_c0_g1	0.778709471838639	NA	NA
TRINITY_DN363_c0_g2	0.530703230001726	NA	NA
TRINITY_DN3630_c0_g1	-3.09340080949283	NA	NA
TRINITY_DN3631_c0_g1	-1.6290538361783	NA	NA
TRINITY_DN3631_c0_g1	-1.6290538361783	NA	NA
TRINITY_DN3631_c0_g2	-1.52235351726096	NA	NA
TRINITY_DN3632_c0_g1	-0.208803623157064	NA	NA
TRINITY_DN3633_c0_g1	-0.38327989720728	NA	NA
TRINITY_DN3634_c0_g1	-1.84857495215861	NA	NA
TRINITY_DN3634_c0_g2	0.414408377735519	NA	NA
TRINITY_DN3635_c0_g1	1.10345515448461	NA	NA
TRINITY_DN3638_c0_g1	-0.94220819485256	NA	NA
TRINITY_DN3639_c0_g2	1.69163477559593	NA	NA
TRINITY_DN364_c0_g1	0.0861201279912974	0.999155368198447	NA
TRINITY_DN364_c0_g1	0.0861201279912974	0.999155368198447	NA
TRINITY_DN364_c0_g1	0.0861201279912974	0.999155368198447	NA
TRINITY_DN364_c0_g3	0.233883115156895	NA	NA
TRINITY_DN364_c1_g1	0.310032704408228	0.999155368198447	NA
TRINITY_DN364_c1_g1	0.310032704408228	0.999155368198447	NA
TRINITY_DN3641_c0_g1	-2.51630098108184	NA	NA
TRINITY_DN3642_c0_g2	-2.43303893976539	NA	NA
TRINITY_DN3643_c0_g1	0.216443056120707	NA	NA
TRINITY_DN3644_c0_g1	-1.35902501682918	NA	NA
TRINITY_DN3645_c0_g1	0.400397344029949	NA	NA
TRINITY_DN3646_c0_g1	0.397302172174908	NA	NA
TRINITY_DN3646_c0_g2	0.0602787141948183	NA	NA
TRINITY_DN3648_c0_g1	-3.08033075632452	NA	NA
TRINITY_DN3648_c0_g2	-1.80330520536096	NA	NA
TRINITY_DN365_c0_g1	0.475469911514835	0.999155368198447	NA
TRINITY_DN3650_c0_g1	-3.49896500223094	NA	NA
TRINITY_DN3650_c0_g2	-1.47634691841954	NA	NA
TRINITY_DN3650_c0_g3	1.66652028535644	NA	NA
TRINITY_DN3651_c0_g1	0.203557982576232	NA	NA
TRINITY_DN3651_c0_g2	-2.11001941875707	NA	NA
TRINITY_DN3652_c0_g1	0.983955094303661	NA	NA
TRINITY_DN3653_c0_g1	2.42193122851394	NA	NA
TRINITY_DN3654_c0_g1	-0.630775866322033	NA	NA
TRINITY_DN3655_c0_g2	-0.0523090430425303	NA	NA
TRINITY_DN3656_c0_g1	2.12577657889705	NA	NA
TRINITY_DN3657_c0_g1	-6.2211648918444e-05	NA	NA
TRINITY_DN3657_c0_g2	-1.77763258011873	NA	NA
TRINITY_DN3658_c0_g1	-1.08474113581342	NA	NA
TRINITY_DN3659_c0_g1	0.558840678507148	NA	NA
TRINITY_DN366_c0_g1	0.0366620826572212	0.999155368198447	NA
TRINITY_DN366_c0_g1	0.0366620826572212	0.999155368198447	NA
TRINITY_DN366_c0_g1	0.0366620826572212	0.999155368198447	NA
TRINITY_DN3660_c0_g2	2.81389634994929	NA	NA
TRINITY_DN3661_c0_g1	1.68778197543465	NA	NA
TRINITY_DN3661_c0_g2	-0.589739957448525	NA	NA
TRINITY_DN3663_c0_g1	-0.21207692535629	NA	NA
TRINITY_DN3663_c0_g2	-0.839278843341322	NA	NA
TRINITY_DN3664_c0_g1	2.77086581452494	NA	NA
TRINITY_DN3665_c0_g1	-1.12903646640785	NA	NA
TRINITY_DN3665_c0_g2	-1.51199771187646	NA	NA
TRINITY_DN3666_c0_g1	-0.768614095511196	NA	NA
TRINITY_DN3666_c0_g2	1.07167951458351	NA	NA
TRINITY_DN3667_c0_g1	-2.54158249550552	NA	NA
TRINITY_DN3668_c0_g1	0.361471352894229	NA	NA
TRINITY_DN3669_c0_g1	0.389475457582512	NA	NA
TRINITY_DN3669_c0_g2	1.00623383929393	NA	NA
TRINITY_DN367_c0_g1	-0.720785226582548	0.999155368198447	NA
TRINITY_DN3670_c0_g2	1.86008621251346	NA	NA
TRINITY_DN3671_c0_g1	1.21970627476958	NA	NA
TRINITY_DN3672_c0_g1	0.220101136531635	NA	NA
TRINITY_DN3672_c0_g2	-2.4345385941197	NA	NA
TRINITY_DN3673_c0_g1	-1.01078064297481	NA	NA
TRINITY_DN3673_c0_g2	-0.0296519356392199	NA	NA
TRINITY_DN3674_c0_g1	0.384766168466838	NA	NA
TRINITY_DN3675_c0_g1	0.446984568366896	NA	NA
TRINITY_DN3676_c0_g1	-2.08685738614322	NA	NA
TRINITY_DN3678_c0_g1	0.164438432190871	NA	NA
TRINITY_DN3679_c0_g1	-2.76879642767135	NA	NA
TRINITY_DN368_c0_g1	0.577009884711249	0.999155368198447	NA
TRINITY_DN368_c0_g1	0.577009884711249	0.999155368198447	NA
TRINITY_DN3680_c0_g1	-0.383631132320937	0.999155368198447	NA
TRINITY_DN3681_c0_g1	-0.52989446693034	NA	NA
TRINITY_DN3682_c0_g1	2.13238440003378	NA	NA
TRINITY_DN3683_c0_g1	-0.0269416398667054	0.999155368198447	NA
TRINITY_DN3684_c0_g1	0.0500862548699402	NA	NA
TRINITY_DN3685_c0_g1	-0.387973637870491	NA	NA
TRINITY_DN3686_c0_g1	-1.50951731986817	NA	NA
TRINITY_DN3687_c0_g1	-1.15609769195689	NA	NA
TRINITY_DN3688_c0_g1	-2.12599672253002	NA	NA
TRINITY_DN3689_c0_g1	-0.512842529194498	NA	NA
TRINITY_DN369_c0_g1	-0.361964834804743	0.999155368198447	NA
TRINITY_DN369_c0_g1	-0.361964834804743	0.999155368198447	NA
TRINITY_DN369_c0_g1	-0.361964834804743	0.999155368198447	NA
TRINITY_DN369_c0_g2	0.600711275341645	NA	NA
TRINITY_DN3690_c0_g1	2.81418774167547	NA	NA
TRINITY_DN3691_c0_g1	1.68505666144329	NA	NA
TRINITY_DN3691_c0_g2	-0.768614095511196	NA	NA
TRINITY_DN3692_c0_g1	1.69022736815504	NA	NA
TRINITY_DN3692_c0_g2	1.71153230066636	NA	NA
TRINITY_DN3693_c0_g1	-1.4943735472135	NA	NA
TRINITY_DN3694_c0_g1	-1.12810724807211	NA	NA
TRINITY_DN3695_c0_g1	1.70854496405893	NA	NA
TRINITY_DN3696_c0_g1	-2.47881435284185	NA	NA
TRINITY_DN3696_c0_g2	2.44003246768031	NA	NA
TRINITY_DN3698_c0_g1	-0.437969670391148	NA	NA
TRINITY_DN3699_c0_g2	-1.11398957147405	NA	NA
TRINITY_DN37_c0_g1	-0.673156433125895	0.999155368198447	NA
TRINITY_DN37_c0_g1	-0.673156433125895	0.999155368198447	NA
TRINITY_DN37_c0_g1	-0.673156433125895	0.999155368198447	NA
TRINITY_DN37_c0_g1	-0.673156433125895	0.999155368198447	NA
TRINITY_DN37_c0_g1	-0.673156433125895	0.999155368198447	NA
TRINITY_DN37_c0_g1	-0.673156433125895	0.999155368198447	NA
TRINITY_DN37_c0_g1	-0.673156433125895	0.999155368198447	NA
TRINITY_DN37_c0_g1	-0.673156433125895	0.999155368198447	NA
TRINITY_DN37_c0_g1	-0.673156433125895	0.999155368198447	NA
TRINITY_DN370_c0_g1	-0.211324239192757	0.999155368198447	NA
TRINITY_DN370_c0_g2	0.210421574070466	0.999155368198447	NA
TRINITY_DN3700_c0_g1	1.68821565595921	NA	NA
TRINITY_DN3700_c0_g1	1.68821565595921	NA	NA
TRINITY_DN3702_c0_g1	-0.197240176323926	NA	NA
TRINITY_DN3703_c0_g1	-0.215599854658615	NA	NA
TRINITY_DN3703_c0_g2	-1.50576064523823	NA	NA
TRINITY_DN3704_c0_g2	0.0620851530186606	NA	NA
TRINITY_DN3705_c0_g1	0.930064233314507	NA	NA
TRINITY_DN3706_c0_g1	-0.617353538461663	NA	NA
TRINITY_DN3707_c0_g1	-1.62193284797361	NA	NA
TRINITY_DN3707_c0_g2	0.0546602348187137	NA	NA
TRINITY_DN3708_c0_g1	1.1281521378417	NA	NA
TRINITY_DN3709_c0_g1	0.9069061126488	NA	NA
TRINITY_DN371_c0_g1	0.471891124809826	0.999155368198447	NA
TRINITY_DN3710_c0_g1	0.0692458933834767	NA	NA
TRINITY_DN3710_c0_g2	-1.09440673736404	NA	NA
TRINITY_DN3713_c0_g1	1.42462196262714	NA	NA
TRINITY_DN3714_c0_g2	2.45389554828667	NA	NA
TRINITY_DN3715_c0_g1	-2.51499713252198	NA	NA
TRINITY_DN3716_c0_g1	2.81794347416506	NA	NA
TRINITY_DN3716_c0_g2	0.914501092495741	NA	NA
TRINITY_DN3716_c0_g3	-2.27575931544269	NA	NA
TRINITY_DN3716_c0_g4	-0.523822511965377	NA	NA
TRINITY_DN3717_c0_g1	2.83574675800193	NA	NA
TRINITY_DN3717_c0_g2	2.41579965904016	NA	NA
TRINITY_DN3718_c0_g1	-0.64133302614031	NA	NA
TRINITY_DN3719_c0_g1	0.341631731396203	NA	NA
TRINITY_DN372_c0_g1	1.18267036775483	NA	NA
TRINITY_DN3721_c0_g1	1.65311761564014	NA	NA
TRINITY_DN3722_c0_g1	-3.66529409918887	NA	NA
TRINITY_DN3724_c0_g1	0.434915453398865	NA	NA
TRINITY_DN3726_c0_g1	-0.631286152495222	NA	NA
TRINITY_DN3726_c0_g2	3.13663348101572	NA	NA
TRINITY_DN3727_c0_g1	-1.99987284096263	NA	NA
TRINITY_DN3728_c0_g1	-0.546223813434404	NA	NA
TRINITY_DN373_c0_g1	-0.0707064792312632	0.999155368198447	NA
TRINITY_DN373_c0_g10	1.86008621251346	NA	NA
TRINITY_DN373_c0_g2	-1.51408937232975	NA	NA
TRINITY_DN373_c0_g3	0.91450109249574	NA	NA
TRINITY_DN373_c0_g4	-0.286210883302811	0.999155368198447	NA
TRINITY_DN373_c0_g5	0.913559056350139	0.721939793464008	NA
TRINITY_DN373_c0_g5	0.913559056350139	0.721939793464008	NA
TRINITY_DN373_c0_g5	0.913559056350139	0.721939793464008	NA
TRINITY_DN373_c0_g6	2.39439602029138	NA	NA
TRINITY_DN373_c0_g7	2.07300107581206	0.155361069526317	NA
TRINITY_DN373_c0_g7	2.07300107581206	0.155361069526317	NA
TRINITY_DN373_c0_g9	-0.897292846344337	0.999155368198447	NA
TRINITY_DN373_c0_g9	-0.897292846344337	0.999155368198447	NA
TRINITY_DN373_c1_g1	0.94210454986371	NA	NA
TRINITY_DN373_c1_g2	-0.768614095511196	NA	NA
TRINITY_DN373_c2_g1	2.20599711463207	NA	NA
TRINITY_DN373_c3_g1	-1.27616494593683	NA	NA
TRINITY_DN3733_c0_g1	-1.12465314122122	NA	NA
TRINITY_DN3734_c0_g1	-2.12599672253002	NA	NA
TRINITY_DN3735_c0_g1	2.39081638684079	NA	NA
TRINITY_DN3735_c0_g2	-3.10348333659169	NA	NA
TRINITY_DN3736_c0_g1	0.972354717888873	NA	NA
TRINITY_DN3737_c0_g1	1.12200863051706	NA	NA
TRINITY_DN3738_c0_g1	2.09773307339731	NA	NA
TRINITY_DN3738_c0_g1	2.09773307339731	NA	NA
TRINITY_DN3739_c0_g1	-1.16992717572131	NA	NA
TRINITY_DN3739_c0_g2	1.81436093402771	NA	NA
TRINITY_DN374_c0_g1	0.0592585595628214	0.999155368198447	NA
TRINITY_DN374_c1_g1	-0.637630314982329	0.999155368198447	NA
TRINITY_DN3740_c0_g1	0.399753737520047	NA	NA
TRINITY_DN3741_c0_g1	-2.43254183321829	NA	NA
TRINITY_DN3741_c0_g2	-2.09302402147116	NA	NA
TRINITY_DN3742_c0_g1	0.444250422472106	NA	NA
TRINITY_DN3744_c0_g1	-2.79903144176689	NA	NA
TRINITY_DN3746_c0_g1	-1.12828922732258	NA	NA
TRINITY_DN3747_c0_g1	-1.99987284096263	NA	NA
TRINITY_DN3747_c0_g2	1.76208259853803	NA	NA
TRINITY_DN3749_c0_g2	-2.8191200608004	NA	NA
TRINITY_DN375_c0_g1	1.25561344141381	0.999155368198447	NA
TRINITY_DN375_c0_g2	1.57331972385046	NA	NA
TRINITY_DN3750_c0_g1	-0.27356352111166	NA	NA
TRINITY_DN3751_c0_g1	-2.12599672253002	NA	NA
TRINITY_DN3752_c0_g1	-2.12599672253002	NA	NA
TRINITY_DN3753_c0_g1	-1.84778922738097	NA	NA
TRINITY_DN3754_c0_g1	1.66698606811487	NA	NA
TRINITY_DN3756_c0_g1	2.77645891031518	NA	NA
TRINITY_DN3758_c0_g1	-0.366224824674133	NA	NA
TRINITY_DN3758_c0_g2	-1.4706688053382	NA	NA
TRINITY_DN3759_c0_g1	0.401421098422234	NA	NA
TRINITY_DN376_c0_g1	0.33690680144416	NA	NA
TRINITY_DN3760_c0_g1	-2.8356764910079	NA	NA
TRINITY_DN3760_c0_g2	0.369015038186227	NA	NA
TRINITY_DN3762_c0_g1	0.535017073602346	NA	NA
TRINITY_DN3765_c0_g1	1.39018503284375	NA	NA
TRINITY_DN3767_c0_g1	-1.99987284096263	NA	NA
TRINITY_DN3768_c0_g1	-1.12664503197367	NA	NA
TRINITY_DN3769_c0_g1	1.0128009852135	NA	NA
TRINITY_DN377_c0_g1	-1.0147730839391	0.999155368198447	NA
TRINITY_DN3770_c0_g1	-0.514361992996409	NA	NA
TRINITY_DN3771_c0_g1	2.70033090379104	NA	NA
TRINITY_DN3772_c0_g1	1.7160508564243	NA	NA
TRINITY_DN3773_c0_g1	0.718711666719148	NA	NA
TRINITY_DN3773_c0_g2	-0.909012467950356	NA	NA
TRINITY_DN3774_c0_g1	1.68508688011176	NA	NA
TRINITY_DN3774_c0_g2	-1.49764496074461	NA	NA
TRINITY_DN3775_c0_g1	-0.811872882135111	NA	NA
TRINITY_DN3775_c0_g2	0.429537942297083	NA	NA
TRINITY_DN3777_c0_g1	1.07878485727037	NA	NA
TRINITY_DN378_c0_g1	0.672401065739926	0.999155368198447	NA
TRINITY_DN3780_c0_g1	-1.11396232677015	NA	NA
TRINITY_DN3782_c0_g1	-1.27447463584891	NA	NA
TRINITY_DN3782_c0_g1	-1.27447463584891	NA	NA
TRINITY_DN3783_c0_g1	-1.13500810736858	NA	NA
TRINITY_DN3784_c0_g1	2.11635884519906	NA	NA
TRINITY_DN3785_c0_g1	1.06314621506337	NA	NA
TRINITY_DN3787_c0_g1	0.386526743717751	NA	NA
TRINITY_DN3789_c0_g1	-2.84443967130957	NA	NA
TRINITY_DN379_c0_g1	0.0657411681657445	0.999155368198447	NA
TRINITY_DN379_c0_g1	0.0657411681657445	0.999155368198447	NA
TRINITY_DN379_c0_g1	0.0657411681657445	0.999155368198447	NA
TRINITY_DN3790_c0_g1	1.7081478768581	NA	NA
TRINITY_DN3791_c0_g1	0.798474053903845	NA	NA
TRINITY_DN3792_c0_g1	2.12178486969267	NA	NA
TRINITY_DN3792_c0_g2	-0.736308972682438	NA	NA
TRINITY_DN3793_c0_g1	2.41621938741284	NA	NA
TRINITY_DN3793_c0_g2	-2.10982709393191	NA	NA
TRINITY_DN3795_c0_g1	-0.31103189176501	NA	NA
TRINITY_DN3795_c0_g2	-1.07149251003165	NA	NA
TRINITY_DN3797_c0_g1	1.37156927776599	NA	NA
TRINITY_DN3798_c0_g1	0.91450109249574	NA	NA
TRINITY_DN3798_c0_g2	-0.496571102358703	NA	NA
TRINITY_DN3799_c0_g1	-1.39716775747815	NA	NA
TRINITY_DN38_c0_g1	-0.337287708143046	0.999155368198447	NA
TRINITY_DN38_c0_g1	-0.337287708143046	0.999155368198447	NA
TRINITY_DN38_c0_g1	-0.337287708143046	0.999155368198447	NA
TRINITY_DN38_c0_g1	-0.337287708143046	0.999155368198447	NA
TRINITY_DN38_c0_g1	-0.337287708143046	0.999155368198447	NA
TRINITY_DN380_c0_g1	1.38515912865171	0.999155368198447	NA
TRINITY_DN3800_c0_g1	-0.903933373336767	NA	NA
TRINITY_DN3801_c0_g1	1.65448074761864	NA	NA
TRINITY_DN3802_c0_g1	3.08086146207431	NA	NA
TRINITY_DN3803_c0_g1	0.471560424587903	0.999155368198447	NA
TRINITY_DN3804_c0_g1	2.77674711667715	NA	NA
TRINITY_DN3805_c0_g1	0.233630703608234	NA	NA
TRINITY_DN3807_c0_g1	-2.4964636238478	NA	NA
TRINITY_DN3808_c0_g1	-0.992297258663171	NA	NA
TRINITY_DN3808_c0_g1	-0.992297258663171	NA	NA
TRINITY_DN381_c0_g1	-2.50235536148433	0.327098437982623	NA
TRINITY_DN381_c0_g1	-2.50235536148433	0.327098437982623	NA
TRINITY_DN3810_c0_g2	0.46195071566628	0.999155368198447	NA
TRINITY_DN3810_c0_g3	1.07517321436008	NA	NA
TRINITY_DN3811_c0_g1	0.928395337502301	NA	NA
TRINITY_DN3812_c0_g1	0.0119498759355501	NA	NA
TRINITY_DN3813_c0_g1	3.12317055568828	NA	NA
TRINITY_DN3814_c0_g1	-0.927957047800902	NA	NA
TRINITY_DN3815_c0_g1	-0.5912398906243	NA	NA
TRINITY_DN3816_c0_g1	-2.82133457154163	NA	NA
TRINITY_DN3817_c0_g1	0.230297143214509	NA	NA
TRINITY_DN3819_c0_g1	-2.11596062539838	NA	NA
TRINITY_DN382_c0_g1	-0.635480542769887	NA	NA
TRINITY_DN382_c0_g2	-3.28480634400987	NA	NA
TRINITY_DN382_c0_g3	0.372680656224382	NA	NA
TRINITY_DN3820_c0_g1	-0.768614095511196	NA	NA
TRINITY_DN3820_c0_g2	-2.08156159637456	NA	NA
TRINITY_DN3820_c0_g3	-3.34956377730858	NA	NA
TRINITY_DN3821_c0_g1	-1.51408937232975	NA	NA
TRINITY_DN3821_c0_g2	-2.04342252158218	NA	NA
TRINITY_DN3822_c0_g1	0.726353859440569	NA	NA
TRINITY_DN3823_c0_g1	-0.808111396854081	NA	NA
TRINITY_DN3825_c0_g1	-0.520369289627396	NA	NA
TRINITY_DN3826_c0_g1	-0.482932995792627	NA	NA
TRINITY_DN3827_c0_g1	-3.04108287760532	NA	NA
TRINITY_DN3828_c0_g1	0.939796851920958	NA	NA
TRINITY_DN3829_c0_g2	2.78488852024101	NA	NA
TRINITY_DN383_c0_g1	0.123982506153445	0.999155368198447	NA
TRINITY_DN3830_c0_g1	0.164007107402795	NA	NA
TRINITY_DN3831_c0_g2	-1.07195194896228	NA	NA
TRINITY_DN3831_c0_g3	0.352266806645229	NA	NA
TRINITY_DN3832_c0_g1	-0.0242895413801167	NA	NA
TRINITY_DN3832_c0_g2	NA	NA	NA
TRINITY_DN3833_c0_g1	0.98318301097115	NA	NA
TRINITY_DN3835_c0_g1	-0.863724607046119	NA	NA
TRINITY_DN3836_c0_g1	-1.52237678933332	NA	NA
TRINITY_DN3837_c0_g1	2.13244040306072	NA	NA
TRINITY_DN3838_c0_g1	-0.158027846568495	NA	NA
TRINITY_DN384_c0_g1	-0.448660694890313	0.999155368198447	NA
TRINITY_DN3840_c0_g1	-0.587824916633418	NA	NA
TRINITY_DN3840_c0_g2	0.382944455838038	NA	NA
TRINITY_DN3841_c0_g1	1.04536567453681	NA	NA
TRINITY_DN3842_c0_g1	-0.587565947080279	NA	NA
TRINITY_DN3842_c0_g2	-0.140164015292821	NA	NA
TRINITY_DN3842_c0_g3	-0.598518325799305	NA	NA
TRINITY_DN3843_c0_g1	2.77580506785433	NA	NA
TRINITY_DN3843_c0_g2	-0.109071088698416	NA	NA
TRINITY_DN3844_c0_g1	-2.49855413129737	NA	NA
TRINITY_DN3846_c0_g1	-1.80309643687209	NA	NA
TRINITY_DN3846_c0_g2	-2.51131416287238	NA	NA
TRINITY_DN3847_c0_g1	1.12464862177915	NA	NA
TRINITY_DN3848_c0_g1	0.645485062153385	NA	NA
TRINITY_DN3849_c0_g1	-0.520257470807525	NA	NA
TRINITY_DN3849_c0_g2	1.97157736499615	NA	NA
TRINITY_DN385_c0_g1	-1.81795317495514	NA	NA
TRINITY_DN3850_c0_g1	0.965089437398663	NA	NA
TRINITY_DN3851_c0_g1	3.39555882426028	NA	NA
TRINITY_DN3851_c0_g2	0.0632845014731178	NA	NA
TRINITY_DN3853_c0_g1	-0.191292823625764	NA	NA
TRINITY_DN3854_c0_g1	3.12818244969397	NA	NA
TRINITY_DN3854_c0_g2	0.403479311734111	NA	NA
TRINITY_DN3856_c0_g1	-0.419817162800411	NA	NA
TRINITY_DN3857_c0_g1	0.00249924943844577	NA	NA
TRINITY_DN3858_c0_g1	1.80950231271155	NA	NA
TRINITY_DN3858_c0_g2	-1.50952548281813	NA	NA
TRINITY_DN386_c0_g1	-0.465819733521668	0.999155368198447	NA
TRINITY_DN3860_c0_g1	-0.593841268854031	NA	NA
TRINITY_DN3861_c0_g1	-2.46256194134447	NA	NA
TRINITY_DN3861_c0_g2	0.936158555480599	NA	NA
TRINITY_DN3862_c0_g1	-2.8637419385562	NA	NA
TRINITY_DN3862_c0_g2	-3.51604854160237	NA	NA
TRINITY_DN3863_c0_g1	1.72362737842232	NA	NA
TRINITY_DN3863_c0_g2	-0.768614095511196	NA	NA
TRINITY_DN3864_c0_g1	2.42015736905152	NA	NA
TRINITY_DN3864_c0_g2	1.41418490531598	NA	NA
TRINITY_DN3865_c0_g1	-0.371312866702668	0.999155368198447	NA
TRINITY_DN3865_c0_g2	0.400579923482607	NA	NA
TRINITY_DN3866_c0_g1	-0.0529894175243771	NA	NA
TRINITY_DN3866_c0_g2	2.41787083213965	NA	NA
TRINITY_DN3867_c0_g1	-1.86733679054198	NA	NA
TRINITY_DN3868_c0_g1	1.12878433121528	NA	NA
TRINITY_DN3869_c0_g1	-2.84696341565935	NA	NA
TRINITY_DN387_c0_g1	4.67840592751268	0.155361069526317	NA
TRINITY_DN3870_c0_g1	1.10243821512539	NA	NA
TRINITY_DN3870_c0_g1	1.10243821512539	NA	NA
TRINITY_DN3872_c0_g1	-2.1070547606183	NA	NA
TRINITY_DN3873_c0_g1	-1.33133424477615	NA	NA
TRINITY_DN3874_c0_g1	1.12130296683954	NA	NA
TRINITY_DN3874_c0_g2	0.181153709163525	NA	NA
TRINITY_DN3875_c0_g1	0.376305168116089	NA	NA
TRINITY_DN3875_c0_g2	3.04574176398286	NA	NA
TRINITY_DN3875_c0_g2	3.04574176398286	NA	NA
TRINITY_DN3875_c0_g3	0.0144832105692059	NA	NA
TRINITY_DN3876_c0_g1	0.237708435746266	NA	NA
TRINITY_DN3876_c0_g1	0.237708435746266	NA	NA
TRINITY_DN3876_c0_g2	0.407189457906248	NA	NA
TRINITY_DN3879_c0_g1	2.13560856710722	NA	NA
TRINITY_DN388_c0_g1	0.913891166207623	0.999155368198447	NA
TRINITY_DN3880_c0_g1	-2.99040606458724	NA	NA
TRINITY_DN3881_c0_g1	1.98200958981307	NA	NA
TRINITY_DN3881_c0_g2	-1.33436858277834	NA	NA
TRINITY_DN3882_c0_g1	-1.42257068578065	NA	NA
TRINITY_DN3882_c0_g2	0.47206613622713	NA	NA
TRINITY_DN3883_c0_g1	-2.4344990475928	NA	NA
TRINITY_DN3885_c0_g1	0.212536853611428	NA	NA
TRINITY_DN3885_c0_g2	-0.380082993208797	NA	NA
TRINITY_DN3886_c0_g1	0.102862222035525	NA	NA
TRINITY_DN3887_c0_g1	3.12193684067155	NA	NA
TRINITY_DN3887_c0_g2	0.0312305799875011	NA	NA
TRINITY_DN3888_c0_g1	-1.01081311867752	NA	NA
TRINITY_DN3889_c0_g1	0.380617922431175	NA	NA
TRINITY_DN3889_c0_g2	1.65277428079374	NA	NA
TRINITY_DN389_c0_g1	0.208692480229301	0.999155368198447	NA
TRINITY_DN3890_c0_g1	-0.78904815920409	NA	NA
TRINITY_DN3891_c0_g1	-0.579154768746136	NA	NA
TRINITY_DN3893_c0_g1	-0.232352418553684	NA	NA
TRINITY_DN3893_c0_g2	-1.5200653787397	NA	NA
TRINITY_DN3893_c0_g3	-0.273556447654268	0.999155368198447	NA
TRINITY_DN3893_c1_g1	-0.359692033520705	0.999155368198447	NA
TRINITY_DN3893_c2_g1	0.91450109249574	NA	NA
TRINITY_DN3893_c2_g2	0.188187932289427	NA	NA
TRINITY_DN3894_c0_g1	0.394833139694144	NA	NA
TRINITY_DN3894_c0_g2	-0.287990559880834	NA	NA
TRINITY_DN3898_c0_g1	-2.12599672253002	NA	NA
TRINITY_DN3898_c0_g2	1.11297848816603	NA	NA
TRINITY_DN3899_c0_g1	-2.46251247119789	NA	NA
TRINITY_DN3899_c0_g2	-2.19722545524328	NA	NA
TRINITY_DN39_c0_g1	0.975203812216768	0.595032176901299	NA
TRINITY_DN39_c0_g1	0.975203812216768	0.595032176901299	NA
TRINITY_DN39_c0_g1	0.975203812216768	0.595032176901299	NA
TRINITY_DN39_c0_g1	0.975203812216768	0.595032176901299	NA
TRINITY_DN39_c0_g1	0.975203812216768	0.595032176901299	NA
TRINITY_DN39_c0_g2	-0.168001169925133	0.999155368198447	NA
TRINITY_DN39_c0_g3	-1.24693144083762	0.999155368198447	NA
TRINITY_DN390_c0_g1	-1.11195999056316	0.951303799648802	NA
TRINITY_DN390_c0_g1	-1.11195999056316	0.951303799648802	NA
TRINITY_DN390_c0_g1	-1.11195999056316	0.951303799648802	NA
TRINITY_DN3900_c0_g1	1.69819784356945	NA	NA
TRINITY_DN3900_c0_g2	-2.11471302757298	NA	NA
TRINITY_DN3901_c0_g1	2.39135524841167	NA	NA
TRINITY_DN3902_c0_g1	-0.183527174876832	NA	NA
TRINITY_DN3904_c0_g1	0.58235460080087	NA	NA
TRINITY_DN3905_c0_g1	0.914501092495741	NA	NA
TRINITY_DN3905_c0_g2	0.388201571920198	NA	NA
TRINITY_DN3906_c0_g1	0.947912314891646	NA	NA
TRINITY_DN3907_c0_g1	0.407545736594752	NA	NA
TRINITY_DN3907_c0_g2	-3.12698246159859	NA	NA
TRINITY_DN3909_c0_g1	2.72745736883289	NA	NA
TRINITY_DN391_c0_g1	-0.0756899652547341	0.999155368198447	NA
TRINITY_DN391_c0_g1	-0.0756899652547341	0.999155368198447	NA
TRINITY_DN391_c0_g1	-0.0756899652547341	0.999155368198447	NA
TRINITY_DN3911_c0_g1	-0.208610719851783	NA	NA
TRINITY_DN3913_c0_g1	-0.925330814811842	NA	NA
TRINITY_DN3914_c0_g1	0.0854271625310968	0.999155368198447	NA
TRINITY_DN3914_c0_g1	0.0854271625310968	0.999155368198447	NA
TRINITY_DN3915_c0_g1	-0.190077632102412	NA	NA
TRINITY_DN3916_c0_g1	0.814751019602369	NA	NA
TRINITY_DN3917_c0_g1	0.164746256373492	0.999155368198447	NA
TRINITY_DN3917_c0_g2	2.67324690290126	NA	NA
TRINITY_DN3918_c0_g1	-2.43270950662911	NA	NA
TRINITY_DN3918_c0_g2	-2.83029658791708	NA	NA
TRINITY_DN3919_c0_g1	1.86008621251346	NA	NA
TRINITY_DN3919_c0_g2	2.08785331497259	NA	NA
TRINITY_DN392_c0_g1	-0.389504130303498	0.999155368198447	NA
TRINITY_DN392_c0_g2	-2.16951878416953	NA	NA
TRINITY_DN392_c1_g1	-0.434164342234427	0.999155368198447	NA
TRINITY_DN392_c2_g1	-1.54713505835116	0.999155368198447	NA
TRINITY_DN392_c2_g1	-1.54713505835116	0.999155368198447	NA
TRINITY_DN392_c2_g2	-2.4964636238478	NA	NA
TRINITY_DN392_c2_g4	-0.305294364342495	NA	NA
TRINITY_DN392_c2_g5	-0.157092504373592	NA	NA
TRINITY_DN392_c2_g6	-0.482061600620741	NA	NA
TRINITY_DN392_c4_g1	-0.0403177861488655	NA	NA
TRINITY_DN3920_c0_g1	-3.10320588306638	NA	NA
TRINITY_DN3922_c0_g1	-0.260123081262147	0.999155368198447	NA
TRINITY_DN3924_c0_g1	-0.57135591452461	NA	NA
TRINITY_DN3925_c0_g1	NA	NA	NA
TRINITY_DN3925_c0_g2	-1.49732178827872	NA	NA
TRINITY_DN3927_c0_g1	0.986975851852994	NA	NA
TRINITY_DN3927_c0_g2	-2.08621650435236	NA	NA
TRINITY_DN3928_c0_g1	0.146112124327251	NA	NA
TRINITY_DN3929_c0_g1	-2.33157100313443	NA	NA
TRINITY_DN3929_c0_g2	-3.81433810986004	NA	NA
TRINITY_DN393_c0_g1	-0.131936296294027	0.999155368198447	NA
TRINITY_DN393_c0_g1	-0.131936296294027	0.999155368198447	NA
TRINITY_DN3930_c0_g1	-0.255343454255926	NA	NA
TRINITY_DN3931_c0_g1	-1.14440920179087	NA	NA
TRINITY_DN3932_c0_g1	1.13192903092664	NA	NA
TRINITY_DN3932_c0_g2	2.695509468267	NA	NA
TRINITY_DN3933_c0_g1	2.21301435794472	NA	NA
TRINITY_DN3934_c0_g1	3.18486576126646	NA	NA
TRINITY_DN3934_c0_g2	-0.102107703209741	NA	NA
TRINITY_DN3935_c0_g1	-1.57522070941441	NA	NA
TRINITY_DN3937_c0_g1	0.347550642805512	NA	NA
TRINITY_DN3937_c0_g2	0.195086196765467	NA	NA
TRINITY_DN3937_c0_g3	2.89683712845289	NA	NA
TRINITY_DN3938_c0_g1	0.146899855062641	0.999155368198447	NA
TRINITY_DN3938_c0_g2	0.841781272874371	NA	NA
TRINITY_DN3939_c0_g1	1.38130008488104	NA	NA
TRINITY_DN394_c0_g1	0.14517853618709	0.999155368198447	NA
TRINITY_DN394_c0_g1	0.14517853618709	0.999155368198447	NA
TRINITY_DN394_c0_g1	0.14517853618709	0.999155368198447	NA
TRINITY_DN394_c0_g1	0.14517853618709	0.999155368198447	NA
TRINITY_DN3940_c0_g1	-0.493588272346151	0.999155368198447	NA
TRINITY_DN3942_c0_g1	0.971020177701394	NA	NA
TRINITY_DN3943_c0_g1	0.959385972871256	NA	NA
TRINITY_DN3944_c0_g1	-2.81841741559871	NA	NA
TRINITY_DN3945_c0_g1	0.254563060785066	0.999155368198447	NA
TRINITY_DN3945_c0_g1	0.254563060785066	0.999155368198447	NA
TRINITY_DN3945_c0_g2	-0.229817787421563	NA	NA
TRINITY_DN3946_c0_g1	-0.513998676111802	NA	NA
TRINITY_DN3947_c0_g1	0.412090876207478	NA	NA
TRINITY_DN3948_c0_g1	-1.09432578773695	NA	NA
TRINITY_DN395_c0_g1	-0.742087535074717	NA	NA
TRINITY_DN395_c0_g1	-0.742087535074717	NA	NA
TRINITY_DN3952_c0_g1	-3.31590887522203	NA	NA
TRINITY_DN3953_c0_g1	0.788296767934191	NA	NA
TRINITY_DN3955_c0_g1	1.8347875215793	NA	NA
TRINITY_DN3955_c0_g2	-0.561102131633717	NA	NA
TRINITY_DN3957_c0_g1	-0.510605945351005	NA	NA
TRINITY_DN3957_c0_g2	1.76208259853803	NA	NA
TRINITY_DN396_c0_g1	-0.00728700857071432	NA	NA
TRINITY_DN396_c0_g1	-0.00728700857071432	NA	NA
TRINITY_DN3960_c0_g1	0.399592641472156	NA	NA
TRINITY_DN3960_c0_g2	1.40432656973144	NA	NA
TRINITY_DN3961_c0_g1	-2.41340458201845	NA	NA
TRINITY_DN3962_c0_g1	-0.279852970079862	NA	NA
TRINITY_DN3963_c0_g1	2.41527916180936	NA	NA
TRINITY_DN3964_c0_g1	1.81095996499708	NA	NA
TRINITY_DN3964_c0_g2	-2.47990697647117	NA	NA
TRINITY_DN3965_c0_g1	2.39439602029138	NA	NA
TRINITY_DN3966_c0_g1	-3.30876751212185	NA	NA
TRINITY_DN3967_c0_g1	-1.15708522801239	NA	NA
TRINITY_DN3968_c0_g1	-1.51896651145679	NA	NA
TRINITY_DN3968_c0_g2	1.80950231271155	NA	NA
TRINITY_DN3969_c0_g1	0.368047850239534	NA	NA
TRINITY_DN397_c0_g1	-3.04081262864115	0.0416451830743012	NA
TRINITY_DN397_c0_g1	-3.04081262864115	0.0416451830743012	NA
TRINITY_DN397_c0_g1	-3.04081262864115	0.0416451830743012	NA
TRINITY_DN397_c0_g1	-3.04081262864115	0.0416451830743012	NA
TRINITY_DN397_c0_g1	-3.04081262864115	0.0416451830743012	NA
TRINITY_DN397_c0_g1	-3.04081262864115	0.0416451830743012	NA
TRINITY_DN3971_c0_g1	1.07603216840558	NA	NA
TRINITY_DN3971_c0_g1	1.07603216840558	NA	NA
TRINITY_DN3973_c0_g1	3.12454288652907	NA	NA
TRINITY_DN3974_c0_g1	-0.877745994252565	NA	NA
TRINITY_DN3974_c0_g2	-0.910671159908757	NA	NA
TRINITY_DN3976_c0_g1	-1.99987284096263	NA	NA
TRINITY_DN3977_c0_g1	-1.14354858115791	NA	NA
TRINITY_DN3978_c0_g1	0.412541401906145	NA	NA
TRINITY_DN398_c0_g1	0.219097179205189	0.999155368198447	NA
TRINITY_DN3980_c0_g1	2.82408873733391	NA	NA
TRINITY_DN3980_c0_g2	-0.768614095511196	NA	NA
TRINITY_DN3981_c0_g1	0.914501092495741	NA	NA
TRINITY_DN3981_c0_g2	-0.0558110350851762	NA	NA
TRINITY_DN3983_c0_g1	2.86279211382665	NA	NA
TRINITY_DN3983_c0_g2	-0.768614095511196	NA	NA
TRINITY_DN3984_c0_g1	3.08086146207431	NA	NA
TRINITY_DN3985_c0_g1	1.08076883187921	NA	NA
TRINITY_DN3987_c0_g1	-2.09275732787387	NA	NA
TRINITY_DN3987_c0_g2	-1.82108071101701	NA	NA
TRINITY_DN399_c0_g1	0.850275605771771	0.999155368198447	NA
TRINITY_DN399_c0_g1	0.850275605771771	0.999155368198447	NA
TRINITY_DN399_c0_g1	0.850275605771771	0.999155368198447	NA
TRINITY_DN399_c0_g2	2.90739566275139	NA	NA
TRINITY_DN3991_c0_g1	-0.768614095511196	NA	NA
TRINITY_DN3991_c0_g2	-0.578473773995617	NA	NA
TRINITY_DN3993_c0_g1	-0.172664096315148	NA	NA
TRINITY_DN3994_c0_g1	-0.0574941547886611	NA	NA
TRINITY_DN3996_c0_g1	-1.06566078729555	NA	NA
TRINITY_DN3999_c0_g1	-3.10183320769978	NA	NA
TRINITY_DN4_c0_g1	-0.248370125419716	0.999155368198447	NA
TRINITY_DN4_c0_g1	-0.248370125419716	0.999155368198447	NA
TRINITY_DN4_c0_g1	-0.248370125419716	0.999155368198447	NA
TRINITY_DN40_c0_g1	0.329035697107641	0.999155368198447	NA
TRINITY_DN40_c0_g1	0.329035697107641	0.999155368198447	NA
TRINITY_DN400_c0_g1	-2.27813038489953	NA	NA
TRINITY_DN400_c0_g2	-0.0629343347561352	0.999155368198447	NA
TRINITY_DN4000_c0_g1	-2.09302402147116	NA	NA
TRINITY_DN4001_c0_g1	-2.50206782632535	NA	NA
TRINITY_DN4003_c0_g1	0.95455069113753	NA	NA
TRINITY_DN4003_c0_g1	0.95455069113753	NA	NA
TRINITY_DN4006_c0_g1	1.26922699529072	0.999155368198447	NA
TRINITY_DN4007_c0_g1	1.85940984752962	NA	NA
TRINITY_DN4008_c0_g1	1.6904746248652	NA	NA
TRINITY_DN4009_c0_g1	1.54741412133581	0.999155368198447	NA
TRINITY_DN401_c0_g1	0.129590740050909	0.999155368198447	NA
TRINITY_DN4010_c0_g1	1.89791580663616	0.951303799648802	NA
TRINITY_DN4011_c0_g1	2.66972574604861	NA	NA
TRINITY_DN4012_c0_g1	-0.19740324927055	0.999155368198447	NA
TRINITY_DN4012_c0_g1	-0.19740324927055	0.999155368198447	NA
TRINITY_DN4014_c0_g1	-0.82680290549628	NA	NA
TRINITY_DN4014_c0_g2	0.774269675318224	NA	NA
TRINITY_DN4015_c0_g1	0.0695515160713816	NA	NA
TRINITY_DN4016_c0_g1	1.118268876497	NA	NA
TRINITY_DN402_c0_g1	-0.0533559197885743	0.999155368198447	NA
TRINITY_DN402_c0_g1	-0.0533559197885743	0.999155368198447	NA
TRINITY_DN402_c0_g1	-0.0533559197885743	0.999155368198447	NA
TRINITY_DN402_c0_g1	-0.0533559197885743	0.999155368198447	NA
TRINITY_DN402_c0_g1	-0.0533559197885743	0.999155368198447	NA
TRINITY_DN4020_c0_g1	2.39439602029138	NA	NA
TRINITY_DN4020_c0_g2	-0.223222933270633	NA	NA
TRINITY_DN4022_c0_g1	1.6958247068986	NA	NA
TRINITY_DN4023_c0_g1	0.210799748255216	NA	NA
TRINITY_DN4024_c0_g1	-0.213212476726767	NA	NA
TRINITY_DN4026_c0_g1	1.76208259853803	NA	NA
TRINITY_DN4026_c0_g2	0.931954166193119	NA	NA
TRINITY_DN4028_c0_g1	3.64780356298088	NA	NA
TRINITY_DN4029_c0_g1	-1.42196441879136	NA	NA
TRINITY_DN4029_c0_g2	2.41498774592406	NA	NA
TRINITY_DN403_c0_g1	0.52159978586695	0.999155368198447	NA
TRINITY_DN4030_c0_g1	0.422863427019193	NA	NA
TRINITY_DN4031_c0_g1	-1.1046326258616	NA	NA
TRINITY_DN4031_c0_g2	-2.51378558456204	NA	NA
TRINITY_DN4032_c0_g1	-1.11994937793201	NA	NA
TRINITY_DN4032_c0_g2	2.34479942720385	NA	NA
TRINITY_DN4033_c0_g1	-1.55274509829406	NA	NA
TRINITY_DN4035_c0_g1	-2.3270808505974	NA	NA
TRINITY_DN4036_c0_g1	-0.957891287020077	NA	NA
TRINITY_DN4038_c0_g1	1.06251376818283	0.999155368198447	NA
TRINITY_DN404_c0_g1	0.738126864785713	0.999155368198447	NA
TRINITY_DN4040_c0_g1	-0.611318743823778	NA	NA
TRINITY_DN4042_c0_g1	0.0857109541227147	0.999155368198447	NA
TRINITY_DN4044_c0_g1	-1.10954468474345	NA	NA
TRINITY_DN4044_c0_g2	1.03470984625754	NA	NA
TRINITY_DN4045_c0_g2	-2.79849568919057	NA	NA
TRINITY_DN4046_c0_g1	-1.8418165725897	NA	NA
TRINITY_DN4046_c0_g2	-0.697483019730217	0.999155368198447	NA
TRINITY_DN4047_c0_g1	0.859198806648597	NA	NA
TRINITY_DN4047_c0_g2	2.42676087489623	NA	NA
TRINITY_DN4048_c0_g1	-0.548222142885051	0.999155368198447	NA
TRINITY_DN4048_c0_g1	-0.548222142885051	0.999155368198447	NA
TRINITY_DN4049_c0_g1	1.25417362488416	NA	NA
TRINITY_DN4049_c0_g2	0.186724190452317	0.999155368198447	NA
TRINITY_DN405_c0_g1	2.67330199774948	NA	NA
TRINITY_DN405_c0_g2	-1.47735468430503	NA	NA
TRINITY_DN405_c0_g3	-4.32460299194649	NA	NA
TRINITY_DN4051_c0_g1	0.648761161341483	NA	NA
TRINITY_DN4052_c0_g1	-2.50572031817616	NA	NA
TRINITY_DN4054_c0_g1	-1.47466780886455	NA	NA
TRINITY_DN4054_c0_g2	-2.48110460926343	NA	NA
TRINITY_DN4055_c0_g1	0.0638568424556423	NA	NA
TRINITY_DN4055_c0_g2	0.0989308787003778	NA	NA
TRINITY_DN4057_c0_g1	-3.4981833140509	NA	NA
TRINITY_DN4058_c0_g1	1.11894583925734	0.999155368198447	NA
TRINITY_DN4059_c0_g1	-1.39152209862648	NA	NA
TRINITY_DN4059_c0_g2	-2.45667679790764	NA	NA
TRINITY_DN406_c0_g1	-0.433869841934079	NA	NA
TRINITY_DN4060_c0_g1	1.0239867303374	NA	NA
TRINITY_DN4061_c0_g1	-1.09259399813875	NA	NA
TRINITY_DN4061_c0_g2	0.393535096807518	NA	NA
TRINITY_DN4063_c0_g1	2.86279211382665	NA	NA
TRINITY_DN4064_c0_g1	0.257782945825682	0.999155368198447	NA
TRINITY_DN4064_c0_g2	0.611439954611104	NA	NA
TRINITY_DN4065_c0_g1	-1.45746470731771	NA	NA
TRINITY_DN4066_c0_g1	-0.939078800544052	NA	NA
TRINITY_DN4066_c0_g2	-1.50928905240934	NA	NA
TRINITY_DN4066_c0_g3	-2.95728661409363	NA	NA
TRINITY_DN4068_c0_g1	0.482834164011365	NA	NA
TRINITY_DN407_c0_g1	-0.0319146471926948	0.999155368198447	NA
TRINITY_DN4070_c0_g1	2.81021793128752	NA	NA
TRINITY_DN4073_c0_g1	1.11346187967141	NA	NA
TRINITY_DN4075_c0_g1	1.38540892512044	NA	NA
TRINITY_DN4077_c0_g1	-0.288597543788486	0.999155368198447	NA
TRINITY_DN4077_c0_g2	0.878413505699044	NA	NA
TRINITY_DN408_c0_g1	0.941404845482985	NA	NA
TRINITY_DN4080_c0_g1	2.42289873577942	NA	NA
TRINITY_DN4082_c0_g1	-2.49046874067935	NA	NA
TRINITY_DN4083_c0_g1	1.63482277998532	NA	NA
TRINITY_DN4083_c0_g1	1.63482277998532	NA	NA
TRINITY_DN4085_c0_g1	-0.573936663242287	NA	NA
TRINITY_DN4086_c0_g1	-2.08202199728964	NA	NA
TRINITY_DN4087_c0_g1	-1.00023303197433	NA	NA
TRINITY_DN4089_c0_g1	-0.768614095511196	NA	NA
TRINITY_DN4089_c0_g2	-2.84699577097376	NA	NA
TRINITY_DN409_c0_g1	0.153908247361203	0.999155368198447	NA
TRINITY_DN409_c0_g1	0.153908247361203	0.999155368198447	NA
TRINITY_DN409_c0_g1	0.153908247361203	0.999155368198447	NA
TRINITY_DN4091_c0_g1	-1.79970437634219	NA	NA
TRINITY_DN4094_c0_g1	-2.08763992956205	NA	NA
TRINITY_DN4095_c0_g1	-2.53975099135532	0.473130272804515	NA
TRINITY_DN4097_c0_g1	-0.776855669435259	NA	NA
TRINITY_DN4098_c0_g1	0.914501092495741	NA	NA
TRINITY_DN4098_c0_g2	1.62648889091017	NA	NA
TRINITY_DN4099_c0_g1	0.311761021374287	NA	NA
TRINITY_DN4099_c0_g2	-0.0508145025943311	NA	NA
TRINITY_DN41_c0_g1	0.47188050828745	0.999155368198447	NA
TRINITY_DN41_c0_g2	0.362803696259519	NA	NA
TRINITY_DN41_c0_g3	0.545652050278185	NA	NA
TRINITY_DN41_c0_g4	-0.369244625753939	0.999155368198447	NA
TRINITY_DN41_c1_g1	0.17714979380575	0.999155368198447	NA
TRINITY_DN41_c1_g1	0.17714979380575	0.999155368198447	NA
TRINITY_DN41_c1_g2	-0.00599361107664281	0.999155368198447	NA
TRINITY_DN41_c1_g2	-0.00599361107664281	0.999155368198447	NA
TRINITY_DN41_c1_g2	-0.00599361107664281	0.999155368198447	NA
TRINITY_DN41_c2_g1	0.420905922036353	NA	NA
TRINITY_DN41_c2_g2	1.66319904343509	NA	NA
TRINITY_DN41_c2_g3	-0.195238257091562	NA	NA
TRINITY_DN41_c2_g4	-2.6390071416496	NA	NA
TRINITY_DN41_c2_g5	-1.52237678933332	NA	NA
TRINITY_DN41_c3_g1	1.74854850906884	NA	NA
TRINITY_DN41_c3_g2	0.672887361642659	NA	NA
TRINITY_DN41_c4_g1	0.279707415064164	NA	NA
TRINITY_DN41_c5_g1	-0.591298945068715	NA	NA
TRINITY_DN41_c6_g1	1.76208259853803	NA	NA
TRINITY_DN410_c0_g1	-0.042494135990769	0.999155368198447	NA
TRINITY_DN410_c0_g1	-0.042494135990769	0.999155368198447	NA
TRINITY_DN4101_c0_g1	-1.50576064523823	NA	NA
TRINITY_DN4101_c0_g2	-0.961005647713622	NA	NA
TRINITY_DN4103_c0_g1	0.395152892740508	NA	NA
TRINITY_DN4105_c0_g1	-2.52699075349037	NA	NA
TRINITY_DN4106_c0_g1	-1.52237678933332	NA	NA
TRINITY_DN4106_c0_g2	-1.51312110319191	NA	NA
TRINITY_DN4109_c0_g1	-1.56407147039151	NA	NA
TRINITY_DN411_c0_g1	-2.51821403270989	NA	NA
TRINITY_DN411_c1_g1	1.06265417816929	NA	NA
TRINITY_DN4110_c0_g1	0.388739283730825	NA	NA
TRINITY_DN4111_c0_g1	-1.0892877750414	NA	NA
TRINITY_DN4112_c0_g1	-0.376679456098866	NA	NA
TRINITY_DN4112_c1_g1	-2.0852158165734	NA	NA
TRINITY_DN4115_c0_g1	1.0996414740625	NA	NA
TRINITY_DN4115_c0_g2	-0.898745225160356	NA	NA
TRINITY_DN4116_c0_g1	3.18486576126646	NA	NA
TRINITY_DN4119_c0_g1	-2.04361144397819	NA	NA
TRINITY_DN412_c0_g1	0.592996839448238	0.999155368198447	NA
TRINITY_DN4121_c0_g1	0.387518126810969	NA	NA
TRINITY_DN4123_c0_g1	-0.624131701153681	0.999155368198447	NA
TRINITY_DN4126_c0_g1	0.759726950088236	0.999155368198447	NA
TRINITY_DN4126_c1_g1	-0.255526926715953	0.999155368198447	NA
TRINITY_DN4126_c1_g1	-0.255526926715953	0.999155368198447	NA
TRINITY_DN4126_c2_g1	1.12299271055963	NA	NA
TRINITY_DN4126_c2_g2	-2.83928917093118	NA	NA
TRINITY_DN4126_c2_g3	1.12884199259637	NA	NA
TRINITY_DN4126_c3_g1	-2.58702272776739	NA	NA
TRINITY_DN4126_c3_g1	-2.58702272776739	NA	NA
TRINITY_DN4126_c3_g2	-3.10026390872468	NA	NA
TRINITY_DN4126_c3_g3	0.366408397734353	NA	NA
TRINITY_DN4126_c4_g1	-1.05249713696159	0.999155368198447	NA
TRINITY_DN4126_c4_g1	-1.05249713696159	0.999155368198447	NA
TRINITY_DN4127_c0_g1	2.39439602029138	NA	NA
TRINITY_DN4127_c0_g2	-1.61120410801149	NA	NA
TRINITY_DN413_c0_g1	-0.118944890273374	NA	NA
TRINITY_DN413_c0_g1	-0.118944890273374	NA	NA
TRINITY_DN4130_c0_g1	-2.50207805349679	NA	NA
TRINITY_DN4132_c0_g1	-1.10566881692481	NA	NA
TRINITY_DN4134_c0_g1	-1.60860138383978	NA	NA
TRINITY_DN4135_c0_g1	-0.011629886293018	NA	NA
TRINITY_DN414_c0_g1	0.0776583761622356	0.999155368198447	NA
TRINITY_DN414_c0_g2	0.76491289783463	0.999155368198447	NA
TRINITY_DN414_c0_g3	0.695349810639215	0.999155368198447	NA
TRINITY_DN4140_c0_g1	0.438486971991946	NA	NA
TRINITY_DN4146_c0_g1	0.0699722643442142	NA	NA
TRINITY_DN4148_c0_g1	1.7014506158716	NA	NA
TRINITY_DN4149_c0_g1	-0.420477910240451	NA	NA
TRINITY_DN415_c0_g1	-1.12825432358317	NA	NA
TRINITY_DN415_c1_g1	-0.609191897877179	0.999155368198447	NA
TRINITY_DN415_c1_g1	-0.609191897877179	0.999155368198447	NA
TRINITY_DN415_c1_g4	0.672294428980964	0.999155368198447	NA
TRINITY_DN415_c1_g5	0.711633030096061	0.999155368198447	NA
TRINITY_DN4151_c0_g1	-2.08552194607099	NA	NA
TRINITY_DN4151_c0_g2	-2.04366895220298	NA	NA
TRINITY_DN4152_c0_g1	-1.50592284686962	NA	NA
TRINITY_DN4155_c0_g1	-1.83192054334292	NA	NA
TRINITY_DN4155_c0_g2	0.81113804953334	NA	NA
TRINITY_DN4156_c0_g1	2.07394521260193	NA	NA
TRINITY_DN4156_c0_g2	-1.14455465448581	NA	NA
TRINITY_DN4157_c0_g1	1.35819856854631	NA	NA
TRINITY_DN4158_c0_g1	-1.50576064523823	NA	NA
TRINITY_DN4159_c0_g2	3.39437804996292	NA	NA
TRINITY_DN416_c0_g1	2.51248903499288	0.892511752226086	NA
TRINITY_DN416_c0_g1	2.51248903499288	0.892511752226086	NA
TRINITY_DN4160_c0_g1	-0.127607639796426	NA	NA
TRINITY_DN4161_c0_g1	0.3580326441649	NA	NA
TRINITY_DN4163_c0_g1	0.804123327181383	0.999155368198447	NA
TRINITY_DN4163_c0_g1	0.804123327181383	0.999155368198447	NA
TRINITY_DN4167_c0_g1	1.0603958346535	NA	NA
TRINITY_DN4168_c0_g1	-0.638425435725096	NA	NA
TRINITY_DN4169_c0_g1	-0.114878590304485	NA	NA
TRINITY_DN417_c0_g1	0.211407072095021	NA	NA
TRINITY_DN4171_c0_g2	-0.20634903910125	NA	NA
TRINITY_DN4175_c0_g1	-3.80438175234075	NA	NA
TRINITY_DN4178_c0_g1	0.391189206113359	NA	NA
TRINITY_DN4178_c0_g2	1.76208259853803	NA	NA
TRINITY_DN4178_c0_g3	-3.06663776918011	NA	NA
TRINITY_DN418_c0_g1	-0.809066229776873	0.999155368198447	NA
TRINITY_DN418_c0_g1	-0.809066229776873	0.999155368198447	NA
TRINITY_DN418_c0_g1	-0.809066229776873	0.999155368198447	NA
TRINITY_DN418_c0_g1	-0.809066229776873	0.999155368198447	NA
TRINITY_DN418_c0_g1	-0.809066229776873	0.999155368198447	NA
TRINITY_DN418_c0_g1	-0.809066229776873	0.999155368198447	NA
TRINITY_DN4181_c0_g1	0.326499427521063	NA	NA
TRINITY_DN4182_c0_g1	-2.50218031085283	NA	NA
TRINITY_DN4182_c0_g2	-0.736244126329197	NA	NA
TRINITY_DN4183_c0_g1	0.384276481365774	NA	NA
TRINITY_DN4183_c0_g2	0.408216588348791	NA	NA
TRINITY_DN4183_c0_g3	-2.12599672253002	NA	NA
TRINITY_DN4184_c0_g1	-2.13615587987125	NA	NA
TRINITY_DN4185_c0_g1	-0.562353163885374	NA	NA
TRINITY_DN4185_c0_g2	1.10274171068909	NA	NA
TRINITY_DN4185_c0_g3	1.67020773428505	NA	NA
TRINITY_DN4186_c0_g1	-0.537732061057345	NA	NA
TRINITY_DN4189_c0_g1	-2.84157559549191	NA	NA
TRINITY_DN4189_c0_g2	-1.94382310874415	NA	NA
TRINITY_DN4189_c0_g3	1.65510501333424	NA	NA
TRINITY_DN419_c0_g1	0.217800408407524	0.999155368198447	NA
TRINITY_DN4190_c0_g1	1.80950231271155	NA	NA
TRINITY_DN4190_c0_g2	-0.894193065114094	NA	NA
TRINITY_DN4192_c0_g1	0.809094780301403	NA	NA
TRINITY_DN4192_c0_g2	-2.0316663710961	NA	NA
TRINITY_DN4192_c0_g3	-0.201813879945985	0.999155368198447	NA
TRINITY_DN4192_c0_g3	-0.201813879945985	0.999155368198447	NA
TRINITY_DN4192_c0_g3	-0.201813879945985	0.999155368198447	NA
TRINITY_DN4194_c0_g1	1.14432649987002	NA	NA
TRINITY_DN4194_c0_g2	3.11502214808447	NA	NA
TRINITY_DN4195_c0_g1	-1.06241713220999	NA	NA
TRINITY_DN4198_c0_g1	0.411193567671302	NA	NA
TRINITY_DN42_c0_g1	-0.979743698505252	0.951303799648802	NA
TRINITY_DN420_c0_g1	-0.629336207987172	0.999155368198447	NA
TRINITY_DN420_c0_g1	-0.629336207987172	0.999155368198447	NA
TRINITY_DN4203_c0_g1	0.396538285998118	NA	NA
TRINITY_DN4206_c0_g1	-2.82000449971171	NA	NA
TRINITY_DN4207_c0_g1	2.37482778780666	NA	NA
TRINITY_DN4209_c0_g1	-1.52237678933332	NA	NA
TRINITY_DN421_c0_g1	1.21694715709866	0.215207173249908	NA
TRINITY_DN421_c0_g1	1.21694715709866	0.215207173249908	NA
TRINITY_DN421_c0_g1	1.21694715709866	0.215207173249908	NA
TRINITY_DN4210_c0_g2	-2.09938813127762	NA	NA
TRINITY_DN4212_c0_g1	-1.1043904215871	NA	NA
TRINITY_DN4212_c0_g2	0.432917788023691	NA	NA
TRINITY_DN4213_c0_g1	1.12298086734631	NA	NA
TRINITY_DN4216_c0_g1	NA	NA	NA
TRINITY_DN4216_c0_g2	-2.51110217101512	NA	NA
TRINITY_DN4217_c0_g1	0.37903918829043	NA	NA
TRINITY_DN4218_c0_g1	-1.46106632306883	NA	NA
TRINITY_DN4218_c0_g2	0.00607926489798773	NA	NA
TRINITY_DN4219_c0_g1	2.81110452329789	NA	NA
TRINITY_DN4219_c0_g2	-1.50576064523823	NA	NA
TRINITY_DN422_c0_g1	-0.0648210779527208	0.999155368198447	NA
TRINITY_DN4222_c0_g2	-2.1099899363761	NA	NA
TRINITY_DN4225_c0_g1	-0.604683196736556	NA	NA
TRINITY_DN4229_c0_g1	-1.51591970346954	NA	NA
TRINITY_DN4229_c0_g2	-0.167608700252483	NA	NA
TRINITY_DN423_c1_g1	0.542889707813234	NA	NA
TRINITY_DN4231_c0_g1	0.368825978213459	NA	NA
TRINITY_DN4232_c0_g1	-1.76990800634229	NA	NA
TRINITY_DN4235_c0_g1	2.8318810240141	NA	NA
TRINITY_DN4236_c0_g1	-2.48335671795282	NA	NA
TRINITY_DN4239_c0_g1	-0.0159847191975783	NA	NA
TRINITY_DN424_c0_g1	-0.312433679659844	0.999155368198447	NA
TRINITY_DN4240_c0_g1	-2.31173378262207	NA	NA
TRINITY_DN4241_c0_g1	0.962883025130572	NA	NA
TRINITY_DN4243_c0_g1	0.447805149734029	0.999155368198447	NA
TRINITY_DN4245_c0_g1	-2.02610751460644	NA	NA
TRINITY_DN4246_c0_g1	2.11884618479367	NA	NA
TRINITY_DN4247_c0_g1	2.44725580814198	NA	NA
TRINITY_DN425_c0_g1	0.359915915397985	0.999155368198447	NA
TRINITY_DN425_c0_g1	0.359915915397985	0.999155368198447	NA
TRINITY_DN425_c0_g1	0.359915915397985	0.999155368198447	NA
TRINITY_DN4250_c0_g1	-3.29655941669693	NA	NA
TRINITY_DN4253_c0_g1	-0.158678735349132	NA	NA
TRINITY_DN4253_c0_g2	-1.50510257819975	NA	NA
TRINITY_DN4254_c0_g1	-2.54158249550552	NA	NA
TRINITY_DN4259_c0_g1	1.04025875656981	NA	NA
TRINITY_DN4259_c0_g2	-0.768614095511196	NA	NA
TRINITY_DN426_c0_g1	0.964864052360266	0.999155368198447	NA
TRINITY_DN426_c0_g1	0.964864052360266	0.999155368198447	NA
TRINITY_DN426_c1_g1	1.84284209754392	0.999155368198447	NA
TRINITY_DN4260_c0_g1	1.12351482928312	NA	NA
TRINITY_DN4262_c0_g2	-1.1502699188886	NA	NA
TRINITY_DN4263_c0_g1	2.39025632514435	NA	NA
TRINITY_DN4268_c0_g1	-0.80167048561437	NA	NA
TRINITY_DN427_c0_g1	0.271131090494383	0.999155368198447	NA
TRINITY_DN427_c0_g1	0.271131090494383	0.999155368198447	NA
TRINITY_DN427_c0_g1	0.271131090494383	0.999155368198447	NA
TRINITY_DN427_c0_g1	0.271131090494383	0.999155368198447	NA
TRINITY_DN427_c0_g1	0.271131090494383	0.999155368198447	NA
TRINITY_DN427_c0_g1	0.271131090494383	0.999155368198447	NA
TRINITY_DN4276_c0_g1	0.0607949430472988	NA	NA
TRINITY_DN4276_c0_g2	-0.23899364654837	NA	NA
TRINITY_DN4279_c0_g1	1.76208259853803	NA	NA
TRINITY_DN4279_c0_g2	1.05833237998663	NA	NA
TRINITY_DN428_c0_g1	4.07912073305788	NA	NA
TRINITY_DN428_c0_g1	4.07912073305788	NA	NA
TRINITY_DN4280_c0_g1	1.71937213669546	NA	NA
TRINITY_DN4281_c0_g1	2.83220882032741	NA	NA
TRINITY_DN4282_c0_g1	3.11551542817946	NA	NA
TRINITY_DN4283_c0_g1	-0.900002992099519	NA	NA
TRINITY_DN4284_c0_g1	0.418880165165034	NA	NA
TRINITY_DN4287_c0_g1	0.88711200464767	NA	NA
TRINITY_DN429_c0_g1	4.12927119944524	0.325373141912262	NA
TRINITY_DN429_c0_g1	4.12927119944524	0.325373141912262	NA
TRINITY_DN429_c0_g2	0.382715759086716	0.999155368198447	NA
TRINITY_DN4290_c0_g1	1.83297451180041	0.999155368198447	NA
TRINITY_DN4292_c0_g1	-1.77747664332448	NA	NA
TRINITY_DN4293_c0_g1	-0.452959166626958	NA	NA
TRINITY_DN4293_c0_g2	-0.867031083357269	0.999155368198447	NA
TRINITY_DN4295_c0_g1	-0.545677137606102	NA	NA
TRINITY_DN43_c0_g1	0.12691324599965	0.999155368198447	NA
TRINITY_DN430_c0_g1	1.22622079632542	NA	NA
TRINITY_DN4301_c0_g1	-0.215203564653605	NA	NA
TRINITY_DN4302_c0_g1	2.09745047697487	NA	NA
TRINITY_DN4302_c0_g2	-3.65234610092869	NA	NA
TRINITY_DN4303_c0_g1	-1.52237678933332	NA	NA
TRINITY_DN4304_c0_g1	2.44725580814198	NA	NA
TRINITY_DN4308_c0_g1	0.31386282379453	0.999155368198447	NA
TRINITY_DN4309_c0_g1	-0.300106568862336	0.999155368198447	NA
TRINITY_DN431_c0_g1	-3.30907106147427	NA	NA
TRINITY_DN4310_c0_g1	-0.553141505986941	NA	NA
TRINITY_DN4310_c1_g1	-1.14887493789895	NA	NA
TRINITY_DN4311_c0_g1	-2.10757414894631	NA	NA
TRINITY_DN4313_c0_g1	-0.587812304431004	NA	NA
TRINITY_DN4317_c0_g1	0.959547454224653	NA	NA
TRINITY_DN4319_c0_g1	3.13134408283979	NA	NA
TRINITY_DN432_c0_g1	-1.53491225852263	NA	NA
TRINITY_DN432_c0_g2	0.14277071609624	0.999155368198447	NA
TRINITY_DN432_c0_g2	0.14277071609624	0.999155368198447	NA
TRINITY_DN432_c0_g2	0.14277071609624	0.999155368198447	NA
TRINITY_DN4321_c0_g1	-0.768614095511196	NA	NA
TRINITY_DN4321_c0_g2	2.08106223415668	NA	NA
TRINITY_DN4322_c0_g1	-0.619042120796776	NA	NA
TRINITY_DN4323_c0_g1	-2.47105425400701	NA	NA
TRINITY_DN4323_c0_g2	1.67412453729244	NA	NA
TRINITY_DN4325_c0_g1	-2.05575761827875	NA	NA
TRINITY_DN4327_c0_g1	2.13972449225693	NA	NA
TRINITY_DN4328_c0_g1	1.11282868613953	NA	NA
TRINITY_DN4329_c0_g1	3.83174131793265	NA	NA
TRINITY_DN4329_c0_g2	4.30149385830894	NA	NA
TRINITY_DN433_c0_g1	-0.220178558529874	0.999155368198447	NA
TRINITY_DN4333_c0_g1	-1.51408937232975	NA	NA
TRINITY_DN4334_c0_g2	3.46143103739116	NA	NA
TRINITY_DN4335_c0_g1	-2.51748388559379	NA	NA
TRINITY_DN4335_c0_g2	0.781978776964922	NA	NA
TRINITY_DN4336_c0_g1	0.957927335707929	NA	NA
TRINITY_DN4339_c0_g1	1.10308182932971	NA	NA
TRINITY_DN434_c0_g1	-0.460117856711547	0.999155368198447	NA
TRINITY_DN434_c0_g1	-0.460117856711547	0.999155368198447	NA
TRINITY_DN4342_c0_g1	0.43615205226297	NA	NA
TRINITY_DN4344_c0_g1	-0.184396680465298	NA	NA
TRINITY_DN4345_c0_g1	2.420496762147	NA	NA
TRINITY_DN4346_c0_g1	3.15574692513912	NA	NA
TRINITY_DN4347_c0_g1	0.373901061129711	NA	NA
TRINITY_DN435_c0_g1	0.528475343547867	0.999155368198447	NA
TRINITY_DN435_c0_g1	0.528475343547867	0.999155368198447	NA
TRINITY_DN4352_c0_g1	0.0235349526071609	NA	NA
TRINITY_DN4353_c0_g1	-2.51327924841444	NA	NA
TRINITY_DN4354_c0_g1	2.09457992226546	NA	NA
TRINITY_DN4356_c0_g1	-0.0673675435736639	0.999155368198447	NA
TRINITY_DN4357_c0_g1	-0.486437203938209	NA	NA
TRINITY_DN4357_c0_g2	1.76208259853803	NA	NA
TRINITY_DN436_c0_g1	-2.04951369686847	0.999155368198447	NA
TRINITY_DN436_c0_g1	-2.04951369686847	0.999155368198447	NA
TRINITY_DN436_c0_g1	-2.04951369686847	0.999155368198447	NA
TRINITY_DN4361_c0_g1	2.37307365883983	NA	NA
TRINITY_DN4363_c0_g1	0.354448052384558	NA	NA
TRINITY_DN4364_c0_g1	-0.333460386691748	NA	NA
TRINITY_DN4365_c0_g1	-2.47162229763034	NA	NA
TRINITY_DN4366_c0_g2	0.405346697865785	NA	NA
TRINITY_DN4368_c0_g1	2.37233603121238	NA	NA
TRINITY_DN437_c0_g1	0.71096138710021	0.999155368198447	NA
TRINITY_DN4370_c0_g1	-2.08134676973634	NA	NA
TRINITY_DN4371_c0_g1	-2.10730277781583	NA	NA
TRINITY_DN4372_c0_g1	1.09156974337963	NA	NA
TRINITY_DN4373_c0_g1	2.12757646362613	NA	NA
TRINITY_DN438_c0_g1	-1.08109970893115	0.95488985174235	NA
TRINITY_DN438_c0_g1	-1.08109970893115	0.95488985174235	NA
TRINITY_DN438_c0_g1	-1.08109970893115	0.95488985174235	NA
TRINITY_DN438_c0_g1	-1.08109970893115	0.95488985174235	NA
TRINITY_DN438_c0_g1	-1.08109970893115	0.95488985174235	NA
TRINITY_DN438_c0_g1	-1.08109970893115	0.95488985174235	NA
TRINITY_DN438_c0_g1	-1.08109970893115	0.95488985174235	NA
TRINITY_DN438_c0_g1	-1.08109970893115	0.95488985174235	NA
TRINITY_DN438_c0_g2	3.15666243456219	NA	NA
TRINITY_DN438_c1_g1	1.86008621251346	NA	NA
TRINITY_DN4380_c0_g1	2.78504194671775	NA	NA
TRINITY_DN4383_c0_g1	-2.04114033462975	NA	NA
TRINITY_DN4384_c0_g1	0.91450109249574	NA	NA
TRINITY_DN4384_c0_g2	1.53178758977375	NA	NA
TRINITY_DN4384_c0_g3	1.19772620193095	NA	NA
TRINITY_DN4386_c0_g1	2.3903586699377	NA	NA
TRINITY_DN4387_c0_g1	0.397184192982913	NA	NA
TRINITY_DN4388_c0_g1	2.10984405761924	NA	NA
TRINITY_DN4389_c0_g1	-0.52637991496354	NA	NA
TRINITY_DN439_c0_g1	-1.17040024437772	0.999155368198447	NA
TRINITY_DN4392_c0_g1	0.370582976152383	NA	NA
TRINITY_DN4393_c0_g1	2.83566146179739	NA	NA
TRINITY_DN4393_c0_g2	-1.14855276375013	NA	NA
TRINITY_DN4394_c0_g1	-0.225472644912913	NA	NA
TRINITY_DN4395_c0_g1	3.637761875067	NA	NA
TRINITY_DN4396_c0_g1	-0.192722825406798	NA	NA
TRINITY_DN4397_c0_g1	-0.849384963872531	NA	NA
TRINITY_DN4398_c0_g1	0.413284333417588	NA	NA
TRINITY_DN4399_c0_g1	3.10136546222686	NA	NA
TRINITY_DN44_c0_g1	-0.222602188724878	0.999155368198447	NA
TRINITY_DN440_c0_g1	0.30212128644848	0.999155368198447	NA
TRINITY_DN4400_c0_g2	-1.09303506087376	NA	NA
TRINITY_DN4401_c0_g1	1.14021287507745	NA	NA
TRINITY_DN4403_c0_g1	2.83530267426554	NA	NA
TRINITY_DN4404_c0_g1	-1.67315378346029	0.999155368198447	NA
TRINITY_DN4404_c0_g1	-1.67315378346029	0.999155368198447	NA
TRINITY_DN4404_c0_g1	-1.67315378346029	0.999155368198447	NA
TRINITY_DN441_c0_g1	0.435895678386692	0.999155368198447	NA
TRINITY_DN441_c0_g1	0.435895678386692	0.999155368198447	NA
TRINITY_DN441_c1_g1	-1.93420309735824	NA	NA
TRINITY_DN4413_c0_g1	-1.07806767705731	NA	NA
TRINITY_DN4414_c0_g1	-0.213329826400664	NA	NA
TRINITY_DN4416_c0_g1	-2.54158249550552	NA	NA
TRINITY_DN4417_c0_g1	1.20533099706619	NA	NA
TRINITY_DN4418_c0_g1	1.04773382877393	0.999155368198447	NA
TRINITY_DN4419_c0_g1	1.33189337074637	0.999155368198447	NA
TRINITY_DN442_c0_g1	1.34077825105501	NA	NA
TRINITY_DN442_c0_g2	-0.194545131422392	NA	NA
TRINITY_DN442_c0_g3	0.314497378924003	0.999155368198447	NA
TRINITY_DN442_c0_g4	0.054819224759989	0.999155368198447	NA
TRINITY_DN442_c0_g4	0.054819224759989	0.999155368198447	NA
TRINITY_DN442_c1_g1	1.73507757141629	NA	NA
TRINITY_DN4421_c0_g1	-0.220464285713994	NA	NA
TRINITY_DN4422_c0_g1	0.850319170746642	0.999155368198447	NA
TRINITY_DN4423_c0_g1	0.940945148278234	NA	NA
TRINITY_DN4426_c0_g1	1.70898149381189	NA	NA
TRINITY_DN4428_c0_g1	-2.46850118592242	NA	NA
TRINITY_DN4428_c0_g2	-2.69779975990656	NA	NA
TRINITY_DN4429_c0_g1	-2.803867299289	NA	NA
TRINITY_DN443_c0_g1	-0.0247230048303924	NA	NA
TRINITY_DN443_c0_g1	-0.0247230048303924	NA	NA
TRINITY_DN4431_c0_g1	-0.515929934810784	0.999155368198447	NA
TRINITY_DN4431_c0_g1	-0.515929934810784	0.999155368198447	NA
TRINITY_DN4435_c0_g1	1.70940073983362	NA	NA
TRINITY_DN4435_c0_g2	-0.146289723602913	NA	NA
TRINITY_DN4436_c0_g1	1.12587985860259	NA	NA
TRINITY_DN4438_c0_g1	0.0199295249656768	0.999155368198447	NA
TRINITY_DN4439_c0_g1	-0.225999826904859	0.999155368198447	NA
TRINITY_DN444_c0_g1	-0.416722069382566	0.999155368198447	NA
TRINITY_DN444_c0_g1	-0.416722069382566	0.999155368198447	NA
TRINITY_DN444_c0_g2	1.04287139539382	0.999155368198447	NA
TRINITY_DN444_c0_g2	1.04287139539382	0.999155368198447	NA
TRINITY_DN4440_c0_g1	-1.06719380954165	NA	NA
TRINITY_DN4443_c0_g1	0.37310844848927	NA	NA
TRINITY_DN4444_c0_g1	0.370563369524877	NA	NA
TRINITY_DN4445_c0_g1	-2.4565879374614	NA	NA
TRINITY_DN4447_c0_g1	-1.4446474806398	NA	NA
TRINITY_DN4447_c0_g1	-1.4446474806398	NA	NA
TRINITY_DN445_c0_g1	0.0626500233233229	0.999155368198447	NA
TRINITY_DN445_c0_g1	0.0626500233233229	0.999155368198447	NA
TRINITY_DN445_c0_g1	0.0626500233233229	0.999155368198447	NA
TRINITY_DN445_c0_g1	0.0626500233233229	0.999155368198447	NA
TRINITY_DN445_c0_g1	0.0626500233233229	0.999155368198447	NA
TRINITY_DN445_c0_g1	0.0626500233233229	0.999155368198447	NA
TRINITY_DN445_c0_g1	0.0626500233233229	0.999155368198447	NA
TRINITY_DN445_c0_g2	-3.72997719616371	0.021187945148847	NA
TRINITY_DN445_c0_g2	-3.72997719616371	0.021187945148847	NA
TRINITY_DN445_c0_g2	-3.72997719616371	0.021187945148847	NA
TRINITY_DN445_c1_g1	1.12484406428443	NA	NA
TRINITY_DN4451_c0_g1	-0.820449432061477	NA	NA
TRINITY_DN4454_c0_g1	-2.48587130253228	NA	NA
TRINITY_DN4458_c0_g1	2.39439602029138	NA	NA
TRINITY_DN4459_c0_g1	1.04295944543403	NA	NA
TRINITY_DN4459_c0_g2	-1.51332473130192	NA	NA
TRINITY_DN446_c0_g1	0.284095370208411	0.999155368198447	NA
TRINITY_DN446_c0_g3	-0.00368831449575247	NA	NA
TRINITY_DN446_c0_g3	-0.00368831449575247	NA	NA
TRINITY_DN446_c0_g4	-0.640389818009585	0.999155368198447	NA
TRINITY_DN446_c0_g4	-0.640389818009585	0.999155368198447	NA
TRINITY_DN446_c0_g4	-0.640389818009585	0.999155368198447	NA
TRINITY_DN446_c0_g4	-0.640389818009585	0.999155368198447	NA
TRINITY_DN446_c0_g4	-0.640389818009585	0.999155368198447	NA
TRINITY_DN446_c0_g4	-0.640389818009585	0.999155368198447	NA
TRINITY_DN446_c1_g1	0.392413262681279	0.999155368198447	NA
TRINITY_DN446_c1_g1	0.392413262681279	0.999155368198447	NA
TRINITY_DN4460_c0_g1	-1.52237678933332	NA	NA
TRINITY_DN4462_c0_g1	0.959180961855902	NA	NA
TRINITY_DN4463_c0_g1	-2.10959450801746	NA	NA
TRINITY_DN4463_c0_g1	-2.10959450801746	NA	NA
TRINITY_DN4464_c0_g1	1.71143629700992	NA	NA
TRINITY_DN4467_c0_g1	1.76208259853803	NA	NA
TRINITY_DN4468_c0_g1	-2.41340458201845	NA	NA
TRINITY_DN4469_c0_g1	1.81103342978223	NA	NA
TRINITY_DN4469_c0_g2	1.59672042988263	NA	NA
TRINITY_DN447_c0_g1	0.221438399115279	0.999155368198447	NA
TRINITY_DN447_c0_g1	0.221438399115279	0.999155368198447	NA
TRINITY_DN447_c0_g1	0.221438399115279	0.999155368198447	NA
TRINITY_DN4471_c0_g1	1.62904179010218	NA	NA
TRINITY_DN4474_c0_g1	-2.83455745175563	NA	NA
TRINITY_DN4476_c0_g1	-2.08484401414487	NA	NA
TRINITY_DN4477_c0_g2	2.36280047339445	NA	NA
TRINITY_DN4478_c0_g1	-2.51832979059325	NA	NA
TRINITY_DN448_c0_g1	-0.540977297099094	0.999155368198447	NA
TRINITY_DN448_c0_g1	-0.540977297099094	0.999155368198447	NA
TRINITY_DN448_c0_g2	2.37877070857426	NA	NA
TRINITY_DN4483_c0_g1	1.11520630342447	NA	NA
TRINITY_DN4487_c0_g1	0.99835326132451	NA	NA
TRINITY_DN449_c0_g1	-0.341697475316027	NA	NA
TRINITY_DN4491_c0_g1	-1.56216919871419	NA	NA
TRINITY_DN4493_c0_g1	-1.8777152386098	NA	NA
TRINITY_DN4496_c0_g1	-1.02844489733874	NA	NA
TRINITY_DN4497_c0_g1	-0.192298969231293	NA	NA
TRINITY_DN4498_c0_g1	1.71737926195181	NA	NA
TRINITY_DN45_c0_g1	0.342729818617915	0.999155368198447	NA
TRINITY_DN45_c0_g1	0.342729818617915	0.999155368198447	NA
TRINITY_DN45_c0_g1	0.342729818617915	0.999155368198447	NA
TRINITY_DN45_c0_g1	0.342729818617915	0.999155368198447	NA
TRINITY_DN45_c0_g1	0.342729818617915	0.999155368198447	NA
TRINITY_DN45_c0_g1	0.342729818617915	0.999155368198447	NA
TRINITY_DN45_c0_g1	0.342729818617915	0.999155368198447	NA
TRINITY_DN45_c0_g2	-0.768614095511196	NA	NA
TRINITY_DN450_c0_g1	0.398411526480211	0.999155368198447	NA
TRINITY_DN450_c0_g1	0.398411526480211	0.999155368198447	NA
TRINITY_DN4500_c0_g1	1.76208259853803	NA	NA
TRINITY_DN4501_c0_g1	1.05759496249466	NA	NA
TRINITY_DN4506_c0_g1	-2.84754524996126	NA	NA
TRINITY_DN4506_c0_g2	-2.02603510525778	NA	NA
TRINITY_DN4507_c0_g1	-2.48471611145447	NA	NA
TRINITY_DN4507_c0_g1	-2.48471611145447	NA	NA
TRINITY_DN4509_c0_g1	-3.07604727155207	NA	NA
TRINITY_DN451_c0_g1	0.71494873952099	NA	NA
TRINITY_DN451_c0_g1	0.71494873952099	NA	NA
TRINITY_DN4512_c0_g1	2.8163944204519	NA	NA
TRINITY_DN4514_c0_g1	-1.52237678933332	NA	NA
TRINITY_DN4514_c0_g2	-2.51829803237894	NA	NA
TRINITY_DN4515_c0_g1	3.39904397442548	NA	NA
TRINITY_DN4516_c0_g1	2.34479942720385	NA	NA
TRINITY_DN4516_c0_g2	2.70196992799612	NA	NA
TRINITY_DN4517_c0_g1	2.39967776597615	NA	NA
TRINITY_DN4517_c0_g2	-1.03345644871118	NA	NA
TRINITY_DN452_c0_g1	1.45837662670245	0.609065681102997	NA
TRINITY_DN4522_c0_g1	-0.511480167062495	NA	NA
TRINITY_DN4523_c0_g2	1.642720949562	NA	NA
TRINITY_DN4524_c0_g1	3.13946403611759	NA	NA
TRINITY_DN4526_c0_g1	2.39439602029138	NA	NA
TRINITY_DN4527_c0_g1	-2.10743878182174	NA	NA
TRINITY_DN4529_c0_g1	-0.0132561663215013	NA	NA
TRINITY_DN453_c0_g1	-0.0222117588371746	0.999155368198447	NA
TRINITY_DN4530_c0_g1	-0.0544949421401703	NA	NA
TRINITY_DN4531_c0_g1	3.12412981066163	NA	NA
TRINITY_DN4531_c0_g2	3.13823490604894	NA	NA
TRINITY_DN4532_c0_g1	0.422897904004229	NA	NA
TRINITY_DN4533_c0_g1	0.132056038029559	0.999155368198447	NA
TRINITY_DN4533_c0_g1	0.132056038029559	0.999155368198447	NA
TRINITY_DN4534_c0_g1	1.76208259853803	NA	NA
TRINITY_DN4535_c0_g1	-2.09302402147116	NA	NA
TRINITY_DN454_c0_g1	0.612115061975563	0.999155368198447	NA
TRINITY_DN454_c0_g1	0.612115061975563	0.999155368198447	NA
TRINITY_DN454_c0_g2	0.712904513455098	NA	NA
TRINITY_DN4540_c0_g1	0.00253070514929889	NA	NA
TRINITY_DN4543_c0_g1	2.81098503176776	NA	NA
TRINITY_DN4544_c0_g1	0.989217318736891	NA	NA
TRINITY_DN4545_c0_g1	2.72214241668371	NA	NA
TRINITY_DN4546_c0_g1	1.08850081394449	NA	NA
TRINITY_DN4548_c0_g1	0.367375841488398	NA	NA
TRINITY_DN4549_c0_g1	-1.50576064523823	NA	NA
TRINITY_DN455_c0_g1	3.08600594784076	NA	NA
TRINITY_DN455_c0_g1	3.08600594784076	NA	NA
TRINITY_DN455_c0_g1	3.08600594784076	NA	NA
TRINITY_DN455_c0_g1	3.08600594784076	NA	NA
TRINITY_DN4550_c0_g2	-2.84902626926185	NA	NA
TRINITY_DN4552_c0_g2	-0.623544549328836	NA	NA
TRINITY_DN4553_c0_g1	2.84099526366881	NA	NA
TRINITY_DN4554_c0_g1	0.989842805604505	NA	NA
TRINITY_DN4555_c0_g1	-2.83617857775862	NA	NA
TRINITY_DN4556_c0_g1	0.392545618475705	NA	NA
TRINITY_DN4557_c0_g1	1.76208259853803	NA	NA
TRINITY_DN4559_c0_g1	-2.08859512569113	NA	NA
TRINITY_DN4559_c0_g2	1.10913504942354	NA	NA
TRINITY_DN456_c0_g1	0.259779717126369	0.999155368198447	NA
TRINITY_DN456_c0_g1	0.259779717126369	0.999155368198447	NA
TRINITY_DN456_c0_g1	0.259779717126369	0.999155368198447	NA
TRINITY_DN456_c0_g1	0.259779717126369	0.999155368198447	NA
TRINITY_DN456_c0_g1	0.259779717126369	0.999155368198447	NA
TRINITY_DN4560_c0_g1	2.37249941759427	NA	NA
TRINITY_DN4561_c0_g1	1.76208259853803	NA	NA
TRINITY_DN4563_c0_g1	-0.5090870040443	NA	NA
TRINITY_DN4564_c0_g1	0.670133856748579	NA	NA
TRINITY_DN4565_c0_g1	-1.50576064523823	NA	NA
TRINITY_DN4569_c0_g1	-0.450664213054624	0.999155368198447	NA
TRINITY_DN4569_c0_g1	-0.450664213054624	0.999155368198447	NA
TRINITY_DN4569_c0_g1	-0.450664213054624	0.999155368198447	NA
TRINITY_DN457_c0_g1	-0.227214607271014	0.999155368198447	NA
TRINITY_DN4570_c0_g1	1.38348428887761	NA	NA
TRINITY_DN4571_c0_g1	2.09887245296913	NA	NA
TRINITY_DN4571_c0_g2	2.72030841295755	NA	NA
TRINITY_DN4574_c0_g1	-1.37306868279587	0.661431840880667	NA
TRINITY_DN4574_c0_g1	-1.37306868279587	0.661431840880667	NA
TRINITY_DN4574_c0_g1	-1.37306868279587	0.661431840880667	NA
TRINITY_DN4574_c0_g1	-1.37306868279587	0.661431840880667	NA
TRINITY_DN4574_c0_g1	-1.37306868279587	0.661431840880667	NA
TRINITY_DN4577_c0_g1	0.37777714118204	NA	NA
TRINITY_DN458_c0_g1	0.594038297275008	0.999155368198447	NA
TRINITY_DN458_c0_g1	0.594038297275008	0.999155368198447	NA
TRINITY_DN458_c1_g1	0.00853055277348612	NA	NA
TRINITY_DN458_c1_g2	-0.366787137087397	NA	NA
TRINITY_DN4581_c0_g1	0.421986691970134	NA	NA
TRINITY_DN4583_c0_g1	2.13083962421391	NA	NA
TRINITY_DN4584_c0_g1	1.80950231271155	NA	NA
TRINITY_DN4585_c0_g1	0.392351681055482	NA	NA
TRINITY_DN4586_c0_g1	-0.623130963455841	0.999155368198447	NA
TRINITY_DN4586_c0_g2	-3.04290997585861	NA	NA
TRINITY_DN4587_c0_g1	1.76208259853803	NA	NA
TRINITY_DN4588_c0_g1	0.91450109249574	NA	NA
TRINITY_DN4588_c0_g2	1.0558818930979	NA	NA
TRINITY_DN459_c0_g1	-0.215068168787989	NA	NA
TRINITY_DN4591_c0_g1	-1.50576064523823	NA	NA
TRINITY_DN4597_c0_g1	-1.090705636575	NA	NA
TRINITY_DN4598_c0_g1	-2.08134676973634	NA	NA
TRINITY_DN46_c0_g1	0.293500974453589	0.999155368198447	NA
TRINITY_DN46_c0_g1	0.293500974453589	0.999155368198447	NA
TRINITY_DN46_c0_g1	0.293500974453589	0.999155368198447	NA
TRINITY_DN46_c0_g1	0.293500974453589	0.999155368198447	NA
TRINITY_DN460_c0_g2	-0.502104967619641	0.999155368198447	NA
TRINITY_DN460_c0_g2	-0.502104967619641	0.999155368198447	NA
TRINITY_DN460_c0_g2	-0.502104967619641	0.999155368198447	NA
TRINITY_DN4601_c0_g1	1.12954397852154	NA	NA
TRINITY_DN4602_c0_g1	2.83567740577783	NA	NA
TRINITY_DN4604_c0_g1	-0.150107749340603	NA	NA
TRINITY_DN4605_c1_g1	0.311003801093818	NA	NA
TRINITY_DN4608_c0_g1	2.39439602029138	NA	NA
TRINITY_DN4609_c0_g1	-0.486401083864934	NA	NA
TRINITY_DN461_c0_g1	-1.46898075394949	0.999155368198447	NA
TRINITY_DN461_c0_g1	-1.46898075394949	0.999155368198447	NA
TRINITY_DN4613_c0_g1	1.76208259853803	NA	NA
TRINITY_DN4615_c0_g1	0.413308519536682	NA	NA
TRINITY_DN4617_c0_g1	-1.99638243066346	NA	NA
TRINITY_DN4617_c0_g1	-1.99638243066346	NA	NA
TRINITY_DN4617_c0_g2	-2.08858909548908	NA	NA
TRINITY_DN4619_c0_g1	-2.08923380232701	NA	NA
TRINITY_DN462_c0_g1	-1.77281437073063	0.262480119488897	NA
TRINITY_DN462_c0_g1	-1.77281437073063	0.262480119488897	NA
TRINITY_DN462_c0_g1	-1.77281437073063	0.262480119488897	NA
TRINITY_DN462_c0_g1	-1.77281437073063	0.262480119488897	NA
TRINITY_DN462_c0_g1	-1.77281437073063	0.262480119488897	NA
TRINITY_DN4620_c0_g1	0.970740616418373	NA	NA
TRINITY_DN4621_c0_g1	-0.811068649895846	NA	NA
TRINITY_DN4624_c0_g1	-2.08134676973634	NA	NA
TRINITY_DN4626_c0_g1	1.86008621251346	NA	NA
TRINITY_DN4627_c1_g1	0.195181027175498	NA	NA
TRINITY_DN4629_c0_g1	1.53972327978081	NA	NA
TRINITY_DN463_c0_g1	-0.473661230789308	0.999155368198447	NA
TRINITY_DN463_c0_g1	-0.473661230789308	0.999155368198447	NA
TRINITY_DN463_c0_g1	-0.473661230789308	0.999155368198447	NA
TRINITY_DN4630_c0_g1	-2.52402314304233	NA	NA
TRINITY_DN4631_c0_g1	0.516019502374833	NA	NA
TRINITY_DN4631_c0_g1	0.516019502374833	NA	NA
TRINITY_DN4635_c0_g1	0.957971305613997	NA	NA
TRINITY_DN4636_c0_g1	1.07876719185357	NA	NA
TRINITY_DN4637_c0_g1	-0.236307746264213	NA	NA
TRINITY_DN4638_c0_g1	-2.51278012598869	NA	NA
TRINITY_DN4639_c0_g1	2.13158125911611	NA	NA
TRINITY_DN464_c0_g1	0.145882612054949	0.999155368198447	NA
TRINITY_DN464_c0_g1	0.145882612054949	0.999155368198447	NA
TRINITY_DN4640_c0_g1	0.125727311255956	NA	NA
TRINITY_DN4641_c0_g2	1.09444481845035	NA	NA
TRINITY_DN4645_c0_g1	1.76208259853803	NA	NA
TRINITY_DN465_c0_g1	-0.201109345136757	0.999155368198447	NA
TRINITY_DN465_c0_g1	-0.201109345136757	0.999155368198447	NA
TRINITY_DN4650_c0_g1	1.17384269310577	NA	NA
TRINITY_DN4650_c0_g1	1.17384269310577	NA	NA
TRINITY_DN4652_c0_g1	-0.86547765929829	NA	NA
TRINITY_DN4652_c0_g2	-1.45304060673321	NA	NA
TRINITY_DN4654_c0_g1	0.338207039035585	NA	NA
TRINITY_DN4655_c0_g1	-0.516841991069948	NA	NA
TRINITY_DN4658_c0_g1	-0.575188124854453	NA	NA
TRINITY_DN4658_c0_g2	1.78580702164478	NA	NA
TRINITY_DN466_c0_g1	1.65357819331363	NA	NA
TRINITY_DN466_c0_g2	1.55401690224059	NA	NA
TRINITY_DN4662_c0_g1	0.153896101822928	0.999155368198447	NA
TRINITY_DN4662_c0_g1	0.153896101822928	0.999155368198447	NA
TRINITY_DN4667_c0_g1	0.392591430787396	NA	NA
TRINITY_DN4669_c0_g1	-0.00444597562488191	0.999155368198447	NA
TRINITY_DN467_c0_g1	-0.349448358269302	0.999155368198447	NA
TRINITY_DN4670_c0_g1	1.84523535574374	NA	NA
TRINITY_DN4671_c0_g1	-2.12599672253002	NA	NA
TRINITY_DN4673_c0_g1	0.721321721606164	NA	NA
TRINITY_DN4673_c0_g2	2.72177459139243	NA	NA
TRINITY_DN4673_c1_g1	-0.590833633133356	NA	NA
TRINITY_DN4674_c0_g1	-1.73441084791947	0.49499834150489	NA
TRINITY_DN4677_c0_g1	-1.43470519780676	NA	NA
TRINITY_DN4677_c0_g2	-0.909827687451627	NA	NA
TRINITY_DN4678_c0_g1	2.75905656485706	NA	NA
TRINITY_DN4679_c0_g1	0.369824903337864	NA	NA
TRINITY_DN468_c0_g1	1.56203453518188	NA	NA
TRINITY_DN468_c0_g1	1.56203453518188	NA	NA
TRINITY_DN468_c0_g2	0.828740200265758	NA	NA
TRINITY_DN4681_c0_g1	-0.485767197479322	0.999155368198447	NA
TRINITY_DN4682_c0_g1	-1.51408937232975	NA	NA
TRINITY_DN4682_c0_g2	-1.18308049996928	NA	NA
TRINITY_DN4684_c0_g1	1.13252212384503	NA	NA
TRINITY_DN4684_c0_g2	-0.217852622247269	NA	NA
TRINITY_DN4686_c0_g1	1.6648784941493	NA	NA
TRINITY_DN4688_c0_g1	0.373662622928046	NA	NA
TRINITY_DN4689_c0_g2	0.989699222810642	NA	NA
TRINITY_DN469_c0_g1	0.422382018559097	NA	NA
TRINITY_DN469_c0_g2	0.0789057411379115	0.999155368198447	NA
TRINITY_DN469_c1_g1	-0.791721833673216	NA	NA
TRINITY_DN4690_c0_g1	1.8065424596136	0.341240770896169	NA
TRINITY_DN4691_c0_g1	0.434724144898097	NA	NA
TRINITY_DN4692_c0_g1	-0.186867459097882	NA	NA
TRINITY_DN4692_c0_g3	-0.121620221013546	NA	NA
TRINITY_DN4693_c0_g1	-3.04112201873261	NA	NA
TRINITY_DN4694_c0_g1	-1.1788625791598	NA	NA
TRINITY_DN4695_c0_g1	1.76208259853803	NA	NA
TRINITY_DN4696_c0_g1	2.83444408279321	NA	NA
TRINITY_DN4697_c0_g1	-1.51408937232975	NA	NA
TRINITY_DN4698_c0_g1	2.47301314238656	NA	NA
TRINITY_DN47_c0_g1	-0.381129449445826	0.999155368198447	NA
TRINITY_DN47_c0_g1	-0.381129449445826	0.999155368198447	NA
TRINITY_DN47_c0_g1	-0.381129449445826	0.999155368198447	NA
TRINITY_DN470_c0_g1	0.395921971366629	0.999155368198447	NA
TRINITY_DN4702_c0_g1	0.804134935613856	NA	NA
TRINITY_DN4702_c0_g2	-1.04145083363636	NA	NA
TRINITY_DN4702_c1_g1	6.56578603193833	0.000262888226667595	NA
TRINITY_DN4702_c1_g1	6.56578603193833	0.000262888226667595	NA
TRINITY_DN4702_c1_g1	6.56578603193833	0.000262888226667595	NA
TRINITY_DN4703_c1_g1	-1.51402645976424	NA	NA
TRINITY_DN4705_c0_g1	-0.472686637511188	NA	NA
TRINITY_DN4705_c0_g2	1.49820781463252	0.999155368198447	NA
TRINITY_DN4706_c0_g1	-1.098338273646	NA	NA
TRINITY_DN4707_c0_g1	-3.80452842368638	NA	NA
TRINITY_DN471_c0_g1	-0.164164850422305	0.999155368198447	NA
TRINITY_DN471_c0_g1	-0.164164850422305	0.999155368198447	NA
TRINITY_DN4710_c0_g1	-0.516228759689889	NA	NA
TRINITY_DN4712_c0_g1	0.653682556667992	0.999155368198447	NA
TRINITY_DN4712_c0_g1	0.653682556667992	0.999155368198447	NA
TRINITY_DN4714_c0_g1	1.13964874443012	NA	NA
TRINITY_DN4715_c0_g1	0.725212045010306	NA	NA
TRINITY_DN4716_c0_g1	-0.490356213197271	NA	NA
TRINITY_DN4719_c0_g1	-0.570323318973565	NA	NA
TRINITY_DN472_c0_g1	1.64223474901637	0.999155368198447	NA
TRINITY_DN472_c0_g1	1.64223474901637	0.999155368198447	NA
TRINITY_DN472_c0_g1	1.64223474901637	0.999155368198447	NA
TRINITY_DN472_c0_g2	0.377320486793997	0.999155368198447	NA
TRINITY_DN472_c0_g2	0.377320486793997	0.999155368198447	NA
TRINITY_DN472_c0_g3	0.938753340183461	0.999155368198447	NA
TRINITY_DN472_c0_g4	2.12786100765712	NA	NA
TRINITY_DN4720_c0_g1	-3.50440501973813	NA	NA
TRINITY_DN4721_c0_g1	-2.84162449885086	NA	NA
TRINITY_DN4721_c0_g2	1.41138547871731	NA	NA
TRINITY_DN4722_c0_g1	1.1041535158981	NA	NA
TRINITY_DN4723_c0_g1	2.68838417762537	NA	NA
TRINITY_DN4724_c0_g1	0.489439533817436	0.999155368198447	NA
TRINITY_DN4725_c0_g1	-0.579848488062144	NA	NA
TRINITY_DN4726_c0_g1	-2.05930685948205	NA	NA
TRINITY_DN4726_c0_g2	-1.52071018626658	NA	NA
TRINITY_DN4728_c0_g1	-2.50829056031268	NA	NA
TRINITY_DN4729_c0_g1	1.18484364738721	NA	NA
TRINITY_DN473_c0_g1	-0.884414558548959	0.999155368198447	NA
TRINITY_DN473_c0_g1	-0.884414558548959	0.999155368198447	NA
TRINITY_DN4730_c0_g1	2.83562179489131	NA	NA
TRINITY_DN4730_c0_g2	-1.13995250608789	NA	NA
TRINITY_DN4731_c0_g1	-2.05550302420009	NA	NA
TRINITY_DN4731_c0_g2	0.162707669617536	NA	NA
TRINITY_DN4732_c0_g1	-0.660108092099896	NA	NA
TRINITY_DN4733_c0_g1	1.56842182041449	NA	NA
TRINITY_DN4733_c0_g2	0.268465186469559	0.999155368198447	NA
TRINITY_DN4733_c1_g1	1.62440544359995	NA	NA
TRINITY_DN4733_c1_g2	-0.140479577234287	NA	NA
TRINITY_DN4734_c0_g1	-0.90663931461681	NA	NA
TRINITY_DN4736_c0_g1	-0.328169459132127	0.999155368198447	NA
TRINITY_DN4737_c0_g1	0.376417863329174	NA	NA
TRINITY_DN4737_c0_g2	-0.941554430446382	NA	NA
TRINITY_DN4738_c0_g1	-0.337503047482545	NA	NA
TRINITY_DN4738_c0_g1	-0.337503047482545	NA	NA
TRINITY_DN4739_c0_g1	-1.50576064523823	NA	NA
TRINITY_DN4739_c0_g2	0.393961568537629	NA	NA
TRINITY_DN474_c0_g1	1.13602260456326	NA	NA
TRINITY_DN474_c0_g2	-0.294382394165722	0.999155368198447	NA
TRINITY_DN474_c0_g3	-0.391386531263696	0.999155368198447	NA
TRINITY_DN474_c0_g3	-0.391386531263696	0.999155368198447	NA
TRINITY_DN4740_c0_g1	-0.16979663600791	NA	NA
TRINITY_DN4743_c0_g1	-1.21893601390207	0.999155368198447	NA
TRINITY_DN4743_c0_g1	-1.21893601390207	0.999155368198447	NA
TRINITY_DN4745_c0_g1	1.71876826273447	NA	NA
TRINITY_DN4746_c0_g1	-0.226866096157922	NA	NA
TRINITY_DN4746_c0_g2	-0.118927204786417	0.999155368198447	NA
TRINITY_DN4749_c0_g1	-0.338039007839921	NA	NA
TRINITY_DN475_c0_g1	-0.84948149450543	0.999155368198447	NA
TRINITY_DN4750_c0_g1	-0.831840568202722	NA	NA
TRINITY_DN4751_c0_g1	0.804793069362584	0.999155368198447	NA
TRINITY_DN4753_c0_g1	1.43698311557465	NA	NA
TRINITY_DN4754_c0_g1	-0.390744387615429	NA	NA
TRINITY_DN4755_c0_g1	-0.524810750806772	NA	NA
TRINITY_DN4755_c0_g2	-1.08534744230785	NA	NA
TRINITY_DN4756_c0_g1	-0.849173366561545	NA	NA
TRINITY_DN4757_c0_g1	0.299447386780377	NA	NA
TRINITY_DN4757_c0_g3	-1.40336658151011	NA	NA
TRINITY_DN4757_c0_g4	0.132343501302894	NA	NA
TRINITY_DN4759_c0_g1	-0.53663090676592	NA	NA
TRINITY_DN476_c0_g1	1.40560061413514	0.999155368198447	NA
TRINITY_DN476_c0_g1	1.40560061413514	0.999155368198447	NA
TRINITY_DN4760_c0_g1	0.0537613289470589	0.999155368198447	NA
TRINITY_DN4760_c0_g2	-0.515602749440044	NA	NA
TRINITY_DN4763_c0_g1	2.86279211382665	NA	NA
TRINITY_DN4763_c1_g1	0.965910313504254	NA	NA
TRINITY_DN4768_c0_g1	2.37336511731364	NA	NA
TRINITY_DN4768_c0_g2	-2.70069034164451	NA	NA
TRINITY_DN4768_c0_g2	-2.70069034164451	NA	NA
TRINITY_DN4769_c0_g1	-1.08610192120816	NA	NA
TRINITY_DN477_c0_g1	1.4780528657392	0.951303799648802	NA
TRINITY_DN477_c0_g1	1.4780528657392	0.951303799648802	NA
TRINITY_DN4770_c0_g1	2.43446503370625	0.78736424273055	NA
TRINITY_DN4771_c0_g1	0.418208361951816	NA	NA
TRINITY_DN4771_c0_g2	-0.314605580400033	NA	NA
TRINITY_DN4771_c0_g3	-1.50576064523823	NA	NA
TRINITY_DN4772_c0_g1	2.10430797757588	NA	NA
TRINITY_DN4773_c0_g1	1.61549223761759	0.999155368198447	NA
TRINITY_DN4774_c0_g1	0.529630603987966	0.999155368198447	NA
TRINITY_DN4774_c0_g1	0.529630603987966	0.999155368198447	NA
TRINITY_DN4774_c0_g2	0.176420080374741	NA	NA
TRINITY_DN4774_c0_g2	0.176420080374741	NA	NA
TRINITY_DN4774_c0_g3	0.0849229846742742	NA	NA
TRINITY_DN4775_c0_g1	1.78577406600526	NA	NA
TRINITY_DN4775_c0_g2	-1.50344947439492	NA	NA
TRINITY_DN4776_c0_g1	-3.03099354182656	NA	NA
TRINITY_DN4776_c1_g1	-0.768614095511196	NA	NA
TRINITY_DN4777_c0_g1	1.27603204097862	NA	NA
TRINITY_DN4777_c0_g2	-1.47568730033347	NA	NA
TRINITY_DN4779_c0_g1	-2.09036321025162	NA	NA
TRINITY_DN478_c0_g1	-1.11240126444536	NA	NA
TRINITY_DN478_c0_g2	-0.576085074697953	NA	NA
TRINITY_DN4780_c0_g1	3.41256089352213	NA	NA
TRINITY_DN4782_c0_g1	1.08442402428971	NA	NA
TRINITY_DN4782_c0_g2	2.79978120044397	NA	NA
TRINITY_DN4783_c0_g1	0.423651455712508	NA	NA
TRINITY_DN4783_c0_g2	-0.514850995917858	NA	NA
TRINITY_DN4784_c0_g1	-1.08404836394304	NA	NA
TRINITY_DN4784_c0_g2	1.71004043403908	NA	NA
TRINITY_DN4785_c0_g1	1.86008621251346	NA	NA
TRINITY_DN4786_c0_g1	-0.62136100519482	NA	NA
TRINITY_DN4787_c0_g1	-2.10753550158682	NA	NA
TRINITY_DN4788_c0_g1	-1.06638491575715	NA	NA
TRINITY_DN4788_c0_g2	1.68885501683364	NA	NA
TRINITY_DN4789_c0_g1	-0.177458532697431	NA	NA
TRINITY_DN479_c0_g1	-0.260944487104682	0.999155368198447	NA
TRINITY_DN4790_c0_g1	-2.02583765541188	NA	NA
TRINITY_DN4791_c0_g1	0.628190832151953	0.999155368198447	NA
TRINITY_DN4792_c0_g1	2.43234052061251	NA	NA
TRINITY_DN4792_c0_g2	0.21730530872603	NA	NA
TRINITY_DN4792_c0_g3	-2.09302402147116	NA	NA
TRINITY_DN4793_c0_g1	-0.832998286853019	0.999155368198447	NA
TRINITY_DN4794_c0_g1	0.402607986046429	NA	NA
TRINITY_DN4796_c0_g1	0.0405613363687403	NA	NA
TRINITY_DN4797_c0_g1	0.366327583736513	0.999155368198447	NA
TRINITY_DN4798_c0_g1	-1.50944765337573	NA	NA
TRINITY_DN4799_c0_g1	1.38667363132633	NA	NA
TRINITY_DN48_c0_g1	0.0583135102592428	0.999155368198447	NA
TRINITY_DN48_c0_g1	0.0583135102592428	0.999155368198447	NA
TRINITY_DN48_c0_g1	0.0583135102592428	0.999155368198447	NA
TRINITY_DN480_c0_g1	0.00188118654284979	0.999155368198447	NA
TRINITY_DN4800_c0_g1	0.941413849969772	NA	NA
TRINITY_DN4801_c0_g1	-1.53029503532743	NA	NA
TRINITY_DN4801_c0_g2	-0.768614095511196	NA	NA
TRINITY_DN4802_c0_g1	2.44725580814198	NA	NA
TRINITY_DN4802_c0_g2	-0.590632365326439	NA	NA
TRINITY_DN4803_c0_g1	0.157788992574279	0.999155368198447	NA
TRINITY_DN4804_c0_g1	-1.52237678933332	NA	NA
TRINITY_DN4805_c0_g1	-1.89237187925984	NA	NA
TRINITY_DN4805_c0_g2	0.206544271021214	NA	NA
TRINITY_DN4805_c0_g3	0.0964898325314301	NA	NA
TRINITY_DN4807_c0_g1	-0.0788485730324896	0.999155368198447	NA
TRINITY_DN4807_c0_g1	-0.0788485730324896	0.999155368198447	NA
TRINITY_DN481_c0_g1	-2.10875528526005	NA	NA
TRINITY_DN4811_c0_g1	-3.08048487437295	NA	NA
TRINITY_DN4813_c0_g1	-4.18417275213764	NA	NA
TRINITY_DN4816_c0_g1	1.08509873432236	0.999155368198447	NA
TRINITY_DN4816_c0_g1	1.08509873432236	0.999155368198447	NA
TRINITY_DN4816_c0_g1	1.08509873432236	0.999155368198447	NA
TRINITY_DN4816_c0_g2	-1.33861053721127	NA	NA
TRINITY_DN4817_c0_g1	0.389320528837141	NA	NA
TRINITY_DN4818_c0_g1	-2.52402605503477	NA	NA
TRINITY_DN4819_c0_g1	-0.119038690562086	0.999155368198447	NA
TRINITY_DN4819_c0_g1	-0.119038690562086	0.999155368198447	NA
TRINITY_DN482_c0_g1	0.379732341774282	0.999155368198447	NA
TRINITY_DN482_c0_g1	0.379732341774282	0.999155368198447	NA
TRINITY_DN482_c0_g1	0.379732341774282	0.999155368198447	NA
TRINITY_DN4822_c0_g1	-2.09275732787387	NA	NA
TRINITY_DN4822_c0_g2	2.33878938473762	NA	NA
TRINITY_DN4822_c0_g2	2.33878938473762	NA	NA
TRINITY_DN4823_c0_g1	0.915344072751284	0.999155368198447	NA
TRINITY_DN4823_c0_g1	0.915344072751284	0.999155368198447	NA
TRINITY_DN4824_c0_g1	-2.0415357097357	NA	NA
TRINITY_DN4826_c0_g1	1.9202580997272	0.999155368198447	NA
TRINITY_DN4826_c0_g1	1.9202580997272	0.999155368198447	NA
TRINITY_DN4827_c0_g1	2.86279211382665	NA	NA
TRINITY_DN4828_c0_g1	2.54931702527569	NA	NA
TRINITY_DN4828_c0_g2	-1.50576064523823	NA	NA
TRINITY_DN4829_c0_g1	-0.608521164049541	NA	NA
TRINITY_DN4829_c0_g2	-0.768614095511196	NA	NA
TRINITY_DN483_c0_g1	0.296904163134458	0.999155368198447	NA
TRINITY_DN483_c0_g1	0.296904163134458	0.999155368198447	NA
TRINITY_DN483_c0_g1	0.296904163134458	0.999155368198447	NA
TRINITY_DN483_c0_g1	0.296904163134458	0.999155368198447	NA
TRINITY_DN483_c0_g1	0.296904163134458	0.999155368198447	NA
TRINITY_DN4830_c0_g1	1.12430250444795	NA	NA
TRINITY_DN4831_c0_g1	-0.597060046849074	NA	NA
TRINITY_DN4832_c0_g1	-1.09164535996729	0.999155368198447	NA
TRINITY_DN4834_c0_g1	-0.558432746850032	NA	NA
TRINITY_DN4834_c0_g3	1.68853798072125	NA	NA
TRINITY_DN4836_c0_g1	-0.523775297208175	NA	NA
TRINITY_DN4836_c0_g2	-0.385128153010597	NA	NA
TRINITY_DN4838_c0_g1	1.98469406552465	NA	NA
TRINITY_DN4839_c0_g1	-0.0245921734624883	NA	NA
TRINITY_DN484_c0_g1	-0.379762308567157	NA	NA
TRINITY_DN484_c0_g2	-0.719680424808308	0.999155368198447	NA
TRINITY_DN484_c0_g2	-0.719680424808308	0.999155368198447	NA
TRINITY_DN484_c0_g2	-0.719680424808308	0.999155368198447	NA
TRINITY_DN4840_c0_g1	-0.0193158750904178	NA	NA
TRINITY_DN4844_c0_g1	-1.4109526059315	NA	NA
TRINITY_DN4844_c0_g2	0.399816393924505	NA	NA
TRINITY_DN4844_c0_g3	3.15895288003415	NA	NA
TRINITY_DN4845_c0_g1	0.0135342664877701	0.999155368198447	NA
TRINITY_DN4845_c0_g1	0.0135342664877701	0.999155368198447	NA
TRINITY_DN4848_c0_g1	0.746867483381941	NA	NA
TRINITY_DN4848_c0_g2	-0.768614095511196	NA	NA
TRINITY_DN4848_c0_g3	-0.473517597544724	NA	NA
TRINITY_DN4848_c0_g4	-0.175578846437977	NA	NA
TRINITY_DN485_c0_g1	-0.680989584841509	0.999155368198447	NA
TRINITY_DN4850_c0_g1	2.60860641838931	NA	NA
TRINITY_DN4853_c0_g1	2.83559544480232	NA	NA
TRINITY_DN4854_c0_g1	-1.50120631635626	NA	NA
TRINITY_DN4854_c0_g2	0.96666686170195	NA	NA
TRINITY_DN4854_c0_g3	0.937204409925384	NA	NA
TRINITY_DN4855_c0_g1	0.804626282125523	NA	NA
TRINITY_DN4856_c0_g1	0.389506574389494	NA	NA
TRINITY_DN4856_c1_g1	2.44725580814198	NA	NA
TRINITY_DN4857_c0_g1	-0.623978162079462	NA	NA
TRINITY_DN4859_c0_g1	-2.80277530474826	NA	NA
TRINITY_DN4859_c0_g2	1.70121539976995	NA	NA
TRINITY_DN486_c0_g1	2.64594872306835	0.29375440860683	NA
TRINITY_DN486_c0_g1	2.64594872306835	0.29375440860683	NA
TRINITY_DN486_c0_g1	2.64594872306835	0.29375440860683	NA
TRINITY_DN486_c0_g1	2.64594872306835	0.29375440860683	NA
TRINITY_DN486_c0_g1	2.64594872306835	0.29375440860683	NA
TRINITY_DN486_c0_g2	0.0475367800788624	0.999155368198447	NA
TRINITY_DN486_c0_g2	0.0475367800788624	0.999155368198447	NA
TRINITY_DN486_c0_g2	0.0475367800788624	0.999155368198447	NA
TRINITY_DN486_c0_g2	0.0475367800788624	0.999155368198447	NA
TRINITY_DN486_c0_g2	0.0475367800788624	0.999155368198447	NA
TRINITY_DN486_c0_g2	0.0475367800788624	0.999155368198447	NA
TRINITY_DN486_c0_g2	0.0475367800788624	0.999155368198447	NA
TRINITY_DN486_c0_g3	-0.215085873425376	NA	NA
TRINITY_DN486_c0_g4	-2.12599672253002	NA	NA
TRINITY_DN486_c0_g5	0.816986205932291	NA	NA
TRINITY_DN486_c1_g1	-0.833029094783406	0.999155368198447	NA
TRINITY_DN4860_c0_g1	1.38478472871046	NA	NA
TRINITY_DN4862_c0_g1	-1.96248908692104	NA	NA
TRINITY_DN4863_c0_g1	-1.57025856332984	NA	NA
TRINITY_DN4863_c0_g2	-2.08265638572214	NA	NA
TRINITY_DN4864_c0_g1	0.202288534823871	NA	NA
TRINITY_DN4864_c0_g2	2.89975935290293	NA	NA
TRINITY_DN4865_c0_g1	-20.8572050229283	NA	NA
TRINITY_DN4866_c0_g1	-0.554881135414637	NA	NA
TRINITY_DN4867_c0_g1	2.39439602029138	NA	NA
TRINITY_DN4868_c0_g1	-2.4964636238478	NA	NA
TRINITY_DN4869_c0_g1	-0.256303456382687	NA	NA
TRINITY_DN487_c0_g1	0.152613077302821	NA	NA
TRINITY_DN487_c0_g2	-0.538670594812103	NA	NA
TRINITY_DN487_c0_g3	-2.83395301180272	NA	NA
TRINITY_DN4871_c0_g1	3.81095673917986	NA	NA
TRINITY_DN4872_c0_g1	-2.45588952479208	0.273832127243978	NA
TRINITY_DN4872_c0_g1	-2.45588952479208	0.273832127243978	NA
TRINITY_DN4874_c0_g1	-1.82798536142095	NA	NA
TRINITY_DN4874_c0_g2	-2.09907601173262	NA	NA
TRINITY_DN4875_c0_g1	0.483523067137662	NA	NA
TRINITY_DN4877_c0_g1	-0.375034680791222	NA	NA
TRINITY_DN4877_c0_g2	-1.10772166713024	NA	NA
TRINITY_DN4879_c0_g1	-1.52237678933332	NA	NA
TRINITY_DN488_c0_g1	-1.44233054380937	0.979696956929915	NA
TRINITY_DN488_c0_g1	-1.44233054380937	0.979696956929915	NA
TRINITY_DN4880_c0_g1	1.66836189681989	NA	NA
TRINITY_DN4881_c0_g1	1.12165676956951	NA	NA
TRINITY_DN4884_c0_g1	-0.586645189365156	0.999155368198447	NA
TRINITY_DN4884_c0_g1	-0.586645189365156	0.999155368198447	NA
TRINITY_DN4884_c0_g1	-0.586645189365156	0.999155368198447	NA
TRINITY_DN4885_c0_g1	-0.0105117692305707	NA	NA
TRINITY_DN4885_c0_g2	1.8109707682284	NA	NA
TRINITY_DN4886_c0_g1	0.378137943593074	0.999155368198447	NA
TRINITY_DN4887_c0_g1	-0.667117758054384	0.999155368198447	NA
TRINITY_DN4888_c0_g1	2.59346168488119	NA	NA
TRINITY_DN4889_c0_g1	-0.77131489118593	NA	NA
TRINITY_DN489_c0_g1	-0.189308567766539	0.999155368198447	NA
TRINITY_DN4890_c0_g1	0.989445576485662	NA	NA
TRINITY_DN4890_c0_g2	1.92296436208033	NA	NA
TRINITY_DN4891_c0_g1	2.21876125839343	NA	NA
TRINITY_DN4892_c0_g1	-2.45663319625685	NA	NA
TRINITY_DN4893_c0_g1	0.220057301140795	NA	NA
TRINITY_DN4898_c0_g1	0.746485229046465	NA	NA
TRINITY_DN49_c0_g1	0.521797681556384	0.999155368198447	NA
TRINITY_DN490_c0_g1	-0.662473516152754	0.999155368198447	NA
TRINITY_DN4900_c0_g1	-0.0706220234734716	NA	NA
TRINITY_DN4901_c0_g1	1.99546632269162	NA	NA
TRINITY_DN4901_c0_g2	0.408503697230728	NA	NA
TRINITY_DN4902_c0_g1	0.953993449949569	NA	NA
TRINITY_DN4902_c0_g2	1.07497702526615	0.999155368198447	NA
TRINITY_DN4903_c0_g1	-0.157213781127561	NA	NA
TRINITY_DN4904_c0_g1	-1.66534929724617	NA	NA
TRINITY_DN4905_c0_g1	-1.73267555067433	NA	NA
TRINITY_DN4906_c0_g1	3.13969174256446	NA	NA
TRINITY_DN4906_c0_g2	0.451643821436267	NA	NA
TRINITY_DN4907_c0_g1	1.12285797790772	NA	NA
TRINITY_DN4908_c0_g1	-2.09921876353394	NA	NA
TRINITY_DN4908_c0_g2	-0.768614095511196	NA	NA
TRINITY_DN4908_c0_g3	0.580138372994603	0.999155368198447	NA
TRINITY_DN491_c0_g1	-0.381232787594813	NA	NA
TRINITY_DN491_c0_g2	-0.106279831656637	0.999155368198447	NA
TRINITY_DN4910_c0_g1	-0.778285714038964	NA	NA
TRINITY_DN4912_c0_g1	-0.17923221542384	NA	NA
TRINITY_DN4913_c1_g1	2.4155396521457	NA	NA
TRINITY_DN4914_c0_g1	-5.1492591350234	0.144372253799691	NA
TRINITY_DN4914_c0_g2	-2.49646362384781	NA	NA
TRINITY_DN4915_c0_g1	0.818200886968555	0.999155368198447	NA
TRINITY_DN4918_c0_g1	1.61275863081472	NA	NA
TRINITY_DN4918_c0_g2	-3.05707182724582	NA	NA
TRINITY_DN4919_c0_g1	1.12064008094121	NA	NA
TRINITY_DN4919_c0_g2	2.09969059917353	NA	NA
TRINITY_DN492_c0_g1	1.36162679247595	NA	NA
TRINITY_DN492_c0_g1	1.36162679247595	NA	NA
TRINITY_DN4920_c0_g1	2.40155011899687	NA	NA
TRINITY_DN4921_c0_g1	1.76208259853803	NA	NA
TRINITY_DN4922_c0_g1	1.10592744641423	NA	NA
TRINITY_DN4922_c0_g2	-1.01380138053057	NA	NA
TRINITY_DN4923_c0_g1	0.105864257635222	0.999155368198447	NA
TRINITY_DN4924_c0_g1	1.08607242354749	NA	NA
TRINITY_DN4924_c0_g3	-0.042067774836942	0.999155368198447	NA
TRINITY_DN4925_c0_g1	1.11132488035524	NA	NA
TRINITY_DN4927_c0_g1	-0.768614095511196	NA	NA
TRINITY_DN4927_c0_g2	1.68089229968101	NA	NA
TRINITY_DN4928_c0_g1	-2.52403184640924	NA	NA
TRINITY_DN493_c0_g1	1.22418264482261	NA	NA
TRINITY_DN4930_c0_g1	-1.49466738554091	NA	NA
TRINITY_DN4932_c0_g1	-0.768614095511196	NA	NA
TRINITY_DN4932_c0_g2	-2.12599672253002	NA	NA
TRINITY_DN4934_c0_g1	-2.4964636238478	NA	NA
TRINITY_DN4935_c0_g1	-2.19911914815147	NA	NA
TRINITY_DN4936_c0_g1	0.38910781671702	NA	NA
TRINITY_DN4937_c1_g1	0.643011263595584	NA	NA
TRINITY_DN4938_c0_g1	-0.186530666567881	NA	NA
TRINITY_DN4938_c0_g2	1.64176360067015	NA	NA
TRINITY_DN4939_c0_g1	1.7221837476168	NA	NA
TRINITY_DN494_c0_g1	-1.51807154720192	NA	NA
TRINITY_DN494_c0_g2	-1.67405183787566	NA	NA
TRINITY_DN4940_c0_g1	2.39101943476559	NA	NA
TRINITY_DN4943_c0_g1	1.57500877029673	NA	NA
TRINITY_DN4943_c0_g2	2.25203560263626	NA	NA
TRINITY_DN4944_c0_g1	2.36001512342233	NA	NA
TRINITY_DN4944_c0_g2	-2.84733780747408	NA	NA
TRINITY_DN4946_c0_g1	-1.41204024197419	NA	NA
TRINITY_DN4946_c0_g2	-0.496571102358703	NA	NA
TRINITY_DN4946_c0_g3	0.387782128725842	NA	NA
TRINITY_DN4948_c0_g1	0.997099797459526	NA	NA
TRINITY_DN4948_c0_g2	-0.525249226450387	0.999155368198447	NA
TRINITY_DN495_c0_g1	1.45717207905768	0.999155368198447	NA
TRINITY_DN495_c0_g1	1.45717207905768	0.999155368198447	NA
TRINITY_DN495_c0_g1	1.45717207905768	0.999155368198447	NA
TRINITY_DN495_c0_g2	-2.09302402147116	NA	NA
TRINITY_DN4950_c0_g1	-0.343211231866203	NA	NA
TRINITY_DN4951_c0_g1	1.00020157045887	NA	NA
TRINITY_DN4952_c0_g1	-2.09302402147116	NA	NA
TRINITY_DN4952_c0_g2	-1.99987284096263	NA	NA
TRINITY_DN4952_c0_g3	0.213806235530687	NA	NA
TRINITY_DN4953_c0_g1	-3.11257563728178	NA	NA
TRINITY_DN4955_c0_g1	1.0135750052816	NA	NA
TRINITY_DN4956_c0_g1	-0.158853091049617	NA	NA
TRINITY_DN4957_c0_g1	1.43715170889636	NA	NA
TRINITY_DN4957_c0_g2	2.11529311267541	NA	NA
TRINITY_DN4958_c0_g1	-1.0924228313954	NA	NA
TRINITY_DN4958_c0_g2	0.583016325225703	NA	NA
TRINITY_DN4959_c0_g1	-1.47587439437518	NA	NA
TRINITY_DN4959_c0_g2	2.12481676359289	NA	NA
TRINITY_DN496_c0_g1	-0.795001471287539	0.999155368198447	NA
TRINITY_DN4961_c0_g1	1.12507334197911	NA	NA
TRINITY_DN4961_c0_g2	-1.46926924505086	NA	NA
TRINITY_DN4963_c0_g1	2.39721429664829	NA	NA
TRINITY_DN4964_c0_g1	0.871360817596546	NA	NA
TRINITY_DN4965_c0_g1	-0.459376889658236	NA	NA
TRINITY_DN4966_c0_g1	2.43502394895836	NA	NA
TRINITY_DN4966_c0_g2	-3.09709457036536	NA	NA
TRINITY_DN4967_c0_g1	-2.82532779067052	NA	NA
TRINITY_DN4968_c0_g1	0.118113159542967	NA	NA
TRINITY_DN4968_c0_g1	0.118113159542967	NA	NA
TRINITY_DN4968_c1_g1	1.68662016079263	NA	NA
TRINITY_DN4969_c0_g1	1.12441716826137	NA	NA
TRINITY_DN4969_c0_g2	-0.802794398532713	0.999155368198447	NA
TRINITY_DN497_c0_g1	3.4773481720186	NA	NA
TRINITY_DN497_c0_g1	3.4773481720186	NA	NA
TRINITY_DN497_c0_g1	3.4773481720186	NA	NA
TRINITY_DN4971_c0_g1	2.78495633817685	NA	NA
TRINITY_DN4974_c0_g1	-0.93014776408511	NA	NA
TRINITY_DN4974_c0_g2	0.837373089633299	NA	NA
TRINITY_DN4975_c0_g1	0.68935618486103	NA	NA
TRINITY_DN4976_c0_g1	-2.50560838051884	NA	NA
TRINITY_DN4977_c0_g1	1.12122665249452	NA	NA
TRINITY_DN4978_c0_g1	-0.838484960333973	0.999155368198447	NA
TRINITY_DN498_c0_g1	0.00229064187128866	0.999155368198447	NA
TRINITY_DN4980_c0_g1	1.06573408415739	NA	NA
TRINITY_DN4981_c0_g1	-0.560741918581558	NA	NA
TRINITY_DN4981_c1_g1	-1.49582399500209	NA	NA
TRINITY_DN4984_c0_g1	-0.465749867072983	NA	NA
TRINITY_DN4985_c0_g1	0.564246284015043	NA	NA
TRINITY_DN4985_c0_g2	1.18955273132413	NA	NA
TRINITY_DN4986_c0_g1	-2.31364458417392	NA	NA
TRINITY_DN4987_c0_g1	0.782207118643214	NA	NA
TRINITY_DN4988_c0_g1	-0.915309629263994	NA	NA
TRINITY_DN4988_c0_g2	1.10428259132416	NA	NA
TRINITY_DN499_c0_g1	-2.12599672253002	NA	NA
TRINITY_DN499_c0_g2	-3.32191074336415	NA	NA
TRINITY_DN4992_c0_g1	-0.820499575894901	NA	NA
TRINITY_DN4993_c0_g1	-1.596789848105	NA	NA
TRINITY_DN4994_c0_g2	-0.616697336499811	NA	NA
TRINITY_DN4995_c0_g1	0.799527637991622	NA	NA
TRINITY_DN4995_c0_g2	0.392085218079705	NA	NA
TRINITY_DN4997_c0_g1	0.359787274449232	NA	NA
TRINITY_DN4998_c0_g1	0.925357784025093	NA	NA
TRINITY_DN5_c0_g1	-0.42181970950941	0.999155368198447	NA
TRINITY_DN5_c0_g1	-0.42181970950941	0.999155368198447	NA
TRINITY_DN5_c0_g1	-0.42181970950941	0.999155368198447	NA
TRINITY_DN5_c0_g1	-0.42181970950941	0.999155368198447	NA
TRINITY_DN5_c0_g1	-0.42181970950941	0.999155368198447	NA
TRINITY_DN5_c0_g1	-0.42181970950941	0.999155368198447	NA
TRINITY_DN5_c0_g1	-0.42181970950941	0.999155368198447	NA
TRINITY_DN5_c0_g1	-0.42181970950941	0.999155368198447	NA
TRINITY_DN5_c0_g1	-0.42181970950941	0.999155368198447	NA
TRINITY_DN5_c0_g1	-0.42181970950941	0.999155368198447	NA
TRINITY_DN5_c0_g2	1.64915398898094	NA	NA
TRINITY_DN50_c0_g1	-0.271603112966705	0.999155368198447	NA
TRINITY_DN500_c0_g1	-0.644222744709405	0.999155368198447	NA
TRINITY_DN500_c0_g1	-0.644222744709405	0.999155368198447	NA
TRINITY_DN5001_c0_g1	-0.536911346762459	0.999155368198447	NA
TRINITY_DN5003_c0_g1	-2.51549910623074	NA	NA
TRINITY_DN5004_c0_g1	-2.80402852752457	NA	NA
TRINITY_DN5005_c0_g1	-1.10434735750574	NA	NA
TRINITY_DN5006_c0_g1	0.118143202050137	NA	NA
TRINITY_DN5008_c0_g1	-2.08239931117539	NA	NA
TRINITY_DN5008_c0_g2	-0.514623789129278	NA	NA
TRINITY_DN5008_c0_g3	0.453197335877945	NA	NA
TRINITY_DN5009_c0_g1	-0.768614095511196	NA	NA
TRINITY_DN5009_c0_g2	-0.86819538836954	0.999155368198447	NA
TRINITY_DN501_c0_g1	0.386129067846568	0.999155368198447	NA
TRINITY_DN501_c0_g1	0.386129067846568	0.999155368198447	NA
TRINITY_DN5010_c0_g1	0.209803825521628	NA	NA
TRINITY_DN5012_c0_g1	-0.168087251570937	NA	NA
TRINITY_DN5012_c0_g2	-0.110588650752589	NA	NA
TRINITY_DN5014_c0_g1	-0.555606263396135	NA	NA
TRINITY_DN5014_c0_g2	2.36060451864692	NA	NA
TRINITY_DN5016_c0_g1	-1.1031669519304	NA	NA
TRINITY_DN5016_c0_g2	-3.09601183867754	NA	NA
TRINITY_DN5019_c0_g1	-0.541858146886161	NA	NA
TRINITY_DN502_c0_g2	0.0719939351954677	0.999155368198447	NA
TRINITY_DN502_c1_g1	1.44705628501857	NA	NA
TRINITY_DN502_c1_g1	1.44705628501857	NA	NA
TRINITY_DN5022_c0_g1	-0.768614095511196	NA	NA
TRINITY_DN5022_c0_g2	-0.551793526070239	NA	NA
TRINITY_DN5023_c0_g1	1.08551867430085	NA	NA
TRINITY_DN5023_c0_g2	-2.07804039459588	NA	NA
TRINITY_DN5024_c0_g1	-2.11031949824637	NA	NA
TRINITY_DN5024_c0_g2	-2.46799955082428	NA	NA
TRINITY_DN5025_c0_g1	-3.11024077072531	NA	NA
TRINITY_DN5026_c0_g1	-2.28834086006458	NA	NA
TRINITY_DN5026_c0_g1	-2.28834086006458	NA	NA
TRINITY_DN503_c0_g1	-2.0267926417062	NA	NA
TRINITY_DN503_c0_g2	1.43028417934613	NA	NA
TRINITY_DN503_c0_g3	-1.10896273501256	NA	NA
TRINITY_DN5032_c0_g1	-2.4885837299937	NA	NA
TRINITY_DN5033_c0_g1	-2.04333994213715	NA	NA
TRINITY_DN5034_c0_g1	1.40115311034118	NA	NA
TRINITY_DN5035_c0_g1	-0.324644689689699	NA	NA
TRINITY_DN5036_c0_g1	-1.52237678933332	NA	NA
TRINITY_DN5037_c0_g1	-2.0885830075302	NA	NA
TRINITY_DN5037_c0_g2	0.37815273781312	NA	NA
TRINITY_DN5038_c0_g1	-0.186963598849947	NA	NA
TRINITY_DN5039_c0_g1	-0.945585363487719	NA	NA
TRINITY_DN504_c0_g1	-1.32477101162137	0.999155368198447	NA
TRINITY_DN504_c0_g1	-1.32477101162137	0.999155368198447	NA
TRINITY_DN504_c0_g1	-1.32477101162137	0.999155368198447	NA
TRINITY_DN504_c0_g1	-1.32477101162137	0.999155368198447	NA
TRINITY_DN504_c0_g1	-1.32477101162137	0.999155368198447	NA
TRINITY_DN504_c0_g1	-1.32477101162137	0.999155368198447	NA
TRINITY_DN504_c0_g1	-1.32477101162137	0.999155368198447	NA
TRINITY_DN5042_c0_g1	0.368072667619949	NA	NA
TRINITY_DN5042_c0_g2	-1.20520163733352	NA	NA
TRINITY_DN5043_c0_g1	-0.768614095511196	NA	NA
TRINITY_DN5043_c0_g2	2.42523353065974	NA	NA
TRINITY_DN5044_c0_g1	1.68640018067902	NA	NA
TRINITY_DN5045_c0_g1	0.428728066900411	NA	NA
TRINITY_DN5045_c0_g2	-1.99987284096263	NA	NA
TRINITY_DN5046_c0_g1	-1.99987284096263	NA	NA
TRINITY_DN5048_c0_g1	-0.0134504309848669	NA	NA
TRINITY_DN5049_c0_g1	1.68919029738414	NA	NA
TRINITY_DN505_c0_g1	-0.611239073171416	NA	NA
TRINITY_DN5050_c0_g1	0.744181096211192	NA	NA
TRINITY_DN5051_c0_g1	0.976842846334522	NA	NA
TRINITY_DN5051_c0_g2	-2.83549538483301	NA	NA
TRINITY_DN5052_c0_g1	2.09072055028945	NA	NA
TRINITY_DN5053_c0_g1	-1.50576064523823	NA	NA
TRINITY_DN5054_c0_g1	3.13134408283979	NA	NA
TRINITY_DN5054_c0_g2	1.86008621251346	NA	NA
TRINITY_DN5055_c0_g1	3.13010488239743	NA	NA
TRINITY_DN5056_c0_g1	0.136223004739374	NA	NA
TRINITY_DN5057_c0_g1	-0.410016661443031	NA	NA
TRINITY_DN5058_c0_g1	0.100683138356944	NA	NA
TRINITY_DN5058_c0_g2	-0.319189954514861	NA	NA
TRINITY_DN5059_c0_g1	0.103939429466948	NA	NA
TRINITY_DN5059_c0_g2	-2.68200962638565	NA	NA
TRINITY_DN506_c0_g1	-2.5462069111661	0.473130272804515	NA
TRINITY_DN506_c0_g1	-2.5462069111661	0.473130272804515	NA
TRINITY_DN5060_c0_g1	-0.578526267321838	NA	NA
TRINITY_DN5060_c0_g2	1.0795447998194	NA	NA
TRINITY_DN5062_c0_g1	-0.564284570273019	NA	NA
TRINITY_DN5063_c0_g1	2.80346704686414	NA	NA
TRINITY_DN5063_c0_g2	-0.577111668134628	NA	NA
TRINITY_DN5063_c0_g3	-0.0243869048345377	0.999155368198447	NA
TRINITY_DN5063_c0_g4	1.08470528738396	NA	NA
TRINITY_DN5064_c0_g1	0.0830926658631602	NA	NA
TRINITY_DN5065_c0_g1	2.09828823393918	NA	NA
TRINITY_DN5065_c0_g2	1.69381880884807	NA	NA
TRINITY_DN5068_c0_g1	-1.30535043800386	NA	NA
TRINITY_DN5068_c0_g1	-1.30535043800386	NA	NA
TRINITY_DN507_c0_g1	-0.756614114558412	0.999155368198447	NA
TRINITY_DN507_c0_g1	-0.756614114558412	0.999155368198447	NA
TRINITY_DN5071_c0_g1	-2.51567761681772	NA	NA
TRINITY_DN5071_c0_g2	-0.533967526696985	NA	NA
TRINITY_DN5071_c0_g2	-0.533967526696985	NA	NA
TRINITY_DN5071_c0_g3	0.904675948954608	0.999155368198447	NA
TRINITY_DN5073_c0_g1	-0.841572114108588	NA	NA
TRINITY_DN5074_c0_g1	-2.526125972291	NA	NA
TRINITY_DN5075_c0_g1	-3.10491070289075	NA	NA
TRINITY_DN5076_c0_g1	-0.0164651604423506	0.999155368198447	NA
TRINITY_DN5076_c0_g2	0.936931084129028	NA	NA
TRINITY_DN5078_c0_g1	-0.298091461642354	0.999155368198447	NA
TRINITY_DN5078_c0_g1	-0.298091461642354	0.999155368198447	NA
TRINITY_DN5079_c0_g1	-0.614633656021581	NA	NA
TRINITY_DN508_c0_g1	4.70709967290747	0.191625288966016	NA
TRINITY_DN5081_c0_g1	-2.09302402147116	NA	NA
TRINITY_DN5084_c0_g1	1.76208259853803	NA	NA
TRINITY_DN5086_c0_g1	-0.26486302333097	0.999155368198447	NA
TRINITY_DN5087_c0_g1	0.395330144002221	NA	NA
TRINITY_DN5089_c0_g1	-0.509684737240206	NA	NA
TRINITY_DN509_c0_g1	-1.97616129565752	0.999155368198447	NA
TRINITY_DN509_c0_g2	0.412521231473952	NA	NA
TRINITY_DN5090_c0_g1	3.1311530329333	NA	NA
TRINITY_DN5090_c0_g2	-2.49047773043345	NA	NA
TRINITY_DN5091_c0_g1	-0.623721933778944	NA	NA
TRINITY_DN5091_c0_g2	0.985426806462232	NA	NA
TRINITY_DN5092_c0_g1	0.40616580897316	NA	NA
TRINITY_DN5093_c0_g1	-0.204777756633029	NA	NA
TRINITY_DN5095_c0_g1	-2.80809214765054	NA	NA
TRINITY_DN5096_c0_g1	1.70470202667028	NA	NA
TRINITY_DN5097_c0_g1	-2.04471896870636	NA	NA
TRINITY_DN5099_c0_g1	-0.520316207844777	NA	NA
TRINITY_DN51_c0_g1	-0.247023037956961	0.999155368198447	NA
TRINITY_DN51_c0_g1	-0.247023037956961	0.999155368198447	NA
TRINITY_DN51_c0_g1	-0.247023037956961	0.999155368198447	NA
TRINITY_DN51_c0_g1	-0.247023037956961	0.999155368198447	NA
TRINITY_DN51_c0_g1	-0.247023037956961	0.999155368198447	NA
TRINITY_DN510_c0_g1	-0.00388704421186892	0.999155368198447	NA
TRINITY_DN510_c0_g1	-0.00388704421186892	0.999155368198447	NA
TRINITY_DN510_c0_g1	-0.00388704421186892	0.999155368198447	NA
TRINITY_DN5100_c0_g1	1.13890143924816	NA	NA
TRINITY_DN5100_c0_g2	0.633715554074154	NA	NA
TRINITY_DN5102_c0_g1	1.68616434181179	NA	NA
TRINITY_DN5102_c0_g2	-1.12073744593327	NA	NA
TRINITY_DN5106_c0_g1	-0.353687999289515	0.999155368198447	NA
TRINITY_DN5109_c0_g1	0.391129589210231	NA	NA
TRINITY_DN511_c0_g1	-0.322933414634978	NA	NA
TRINITY_DN5110_c0_g1	-2.05699250646402	NA	NA
TRINITY_DN5111_c0_g1	0.68845388596016	0.999155368198447	NA
TRINITY_DN5112_c0_g1	-1.52237678933332	NA	NA
TRINITY_DN5113_c0_g1	2.86279211382665	NA	NA
TRINITY_DN5114_c0_g1	1.09600035866619	NA	NA
TRINITY_DN5115_c0_g1	-0.657772543937225	0.999155368198447	NA
TRINITY_DN5115_c1_g1	-3.08338474584769	NA	NA
TRINITY_DN5116_c0_g1	-1.11970006065491	NA	NA
TRINITY_DN5117_c0_g1	-0.304690597003201	NA	NA
TRINITY_DN5118_c0_g1	3.13198727724748	NA	NA
TRINITY_DN512_c0_g1	-0.620336548484945	NA	NA
TRINITY_DN512_c0_g2	0.7060203697861	0.999155368198447	NA
TRINITY_DN5120_c0_g1	0.346623453410209	NA	NA
TRINITY_DN5122_c0_g1	-2.073584003781	NA	NA
TRINITY_DN5123_c0_g1	1.6352211897441	NA	NA
TRINITY_DN5124_c0_g1	2.81843874813711	NA	NA
TRINITY_DN5125_c0_g1	-1.14195815534068	NA	NA
TRINITY_DN5127_c0_g1	1.70236785834854	NA	NA
TRINITY_DN5128_c0_g1	-1.56559295926313	NA	NA
TRINITY_DN5129_c0_g1	-1.52237678933332	NA	NA
TRINITY_DN513_c0_g1	-2.07612973208768	NA	NA
TRINITY_DN5130_c0_g1	-2.08134676973634	NA	NA
TRINITY_DN5130_c0_g2	-1.13297127912655	NA	NA
TRINITY_DN5132_c0_g1	-2.81182482734309	NA	NA
TRINITY_DN5134_c0_g1	-2.25898988220785	NA	NA
TRINITY_DN5135_c0_g1	0.083098724157785	NA	NA
TRINITY_DN5137_c0_g1	-1.52237678933332	NA	NA
TRINITY_DN5138_c0_g1	1.8300622768547	NA	NA
TRINITY_DN5139_c0_g1	-0.120618706032075	NA	NA
TRINITY_DN5139_c0_g1	-0.120618706032075	NA	NA
TRINITY_DN514_c0_g1	1.02114554827752	0.999155368198447	NA
TRINITY_DN5140_c0_g1	-2.50829056031268	NA	NA
TRINITY_DN5142_c0_g1	-0.323371411292717	NA	NA
TRINITY_DN5144_c0_g1	0.914501092495741	NA	NA
TRINITY_DN5144_c0_g2	-1.15869993842782	NA	NA
TRINITY_DN5146_c0_g1	-0.0324961410498867	NA	NA
TRINITY_DN5148_c0_g1	1.80950231271155	NA	NA
TRINITY_DN515_c0_g1	-1.850778858277	0.979696956929915	NA
TRINITY_DN515_c0_g1	-1.850778858277	0.979696956929915	NA
TRINITY_DN515_c0_g1	-1.850778858277	0.979696956929915	NA
TRINITY_DN515_c0_g1	-1.850778858277	0.979696956929915	NA
TRINITY_DN515_c0_g1	-1.850778858277	0.979696956929915	NA
TRINITY_DN515_c0_g1	-1.850778858277	0.979696956929915	NA
TRINITY_DN5150_c0_g2	1.0090303764551	NA	NA
TRINITY_DN5150_c0_g2	1.0090303764551	NA	NA
TRINITY_DN5151_c0_g1	-2.83389204476588	NA	NA
TRINITY_DN5152_c0_g1	-3.80529371379342	NA	NA
TRINITY_DN5153_c0_g1	0.435058217958775	NA	NA
TRINITY_DN5154_c0_g1	-0.903900974055513	0.999155368198447	NA
TRINITY_DN5154_c0_g2	-0.219066458292635	NA	NA
TRINITY_DN5156_c0_g1	0.681957238563581	NA	NA
TRINITY_DN5157_c0_g2	-0.250306779466809	NA	NA
TRINITY_DN5158_c0_g1	-0.281521317688032	NA	NA
TRINITY_DN5159_c0_g1	-0.790063071985078	NA	NA
TRINITY_DN5159_c0_g2	1.97763950648112	NA	NA
TRINITY_DN516_c0_g1	1.03486880033069	NA	NA
TRINITY_DN516_c0_g1	1.03486880033069	NA	NA
TRINITY_DN5160_c0_g1	1.86008621251346	NA	NA
TRINITY_DN5161_c0_g1	1.07828085639817	NA	NA
TRINITY_DN5164_c0_g1	-2.05572324996194	NA	NA
TRINITY_DN5165_c0_g1	2.40111165887186	NA	NA
TRINITY_DN5166_c0_g1	0.417791017848555	NA	NA
TRINITY_DN5166_c0_g2	-0.384770353166277	NA	NA
TRINITY_DN5167_c0_g1	-0.502053599703184	NA	NA
TRINITY_DN5168_c0_g1	-2.54158249550552	NA	NA
TRINITY_DN5169_c0_g1	2.39964853788799	NA	NA
TRINITY_DN517_c0_g1	0.507360934815187	0.999155368198447	NA
TRINITY_DN517_c0_g1	0.507360934815187	0.999155368198447	NA
TRINITY_DN5170_c0_g1	1.17499862836629	NA	NA
TRINITY_DN5170_c1_g1	0.423252109994079	NA	NA
TRINITY_DN5171_c0_g1	2.80297868776535	NA	NA
TRINITY_DN5171_c0_g2	0.381145034446076	NA	NA
TRINITY_DN5172_c0_g1	2.81431210636796	NA	NA
TRINITY_DN5172_c0_g2	-1.50576064523823	NA	NA
TRINITY_DN5173_c0_g1	-1.07840140422863	NA	NA
TRINITY_DN5173_c0_g2	0.380524470417263	NA	NA
TRINITY_DN5174_c0_g1	-0.00431533489272312	NA	NA
TRINITY_DN5175_c0_g1	2.44725580814198	NA	NA
TRINITY_DN5176_c0_g1	0.388303021730047	NA	NA
TRINITY_DN5176_c0_g2	-2.09339387349104	NA	NA
TRINITY_DN5176_c0_g3	-1.18119518034102	NA	NA
TRINITY_DN5176_c0_g4	1.70005498314998	NA	NA
TRINITY_DN5177_c0_g1	-0.131509542939803	0.999155368198447	NA
TRINITY_DN5179_c0_g1	3.12957545899791	NA	NA
TRINITY_DN5179_c0_g2	0.211498241129295	NA	NA
TRINITY_DN518_c0_g1	-0.611201505583078	0.999155368198447	NA
TRINITY_DN518_c0_g1	-0.611201505583078	0.999155368198447	NA
TRINITY_DN5181_c0_g1	0.347840975566659	NA	NA
TRINITY_DN5182_c0_g2	1.16045027802558	NA	NA
TRINITY_DN5182_c0_g3	-2.07778612216939	NA	NA
TRINITY_DN5183_c0_g1	1.71008285279112	NA	NA
TRINITY_DN5186_c0_g1	0.128576192784678	0.999155368198447	NA
TRINITY_DN5186_c0_g1	0.128576192784678	0.999155368198447	NA
TRINITY_DN5187_c0_g1	-0.484565284478553	NA	NA
TRINITY_DN5188_c0_g1	1.11148309230777	NA	NA
TRINITY_DN519_c0_g1	3.61676948543872	NA	NA
TRINITY_DN5190_c0_g1	-1.50366590705251	NA	NA
TRINITY_DN5193_c0_g1	-0.5556864441348	NA	NA
TRINITY_DN5193_c0_g2	-1.0041085723395	NA	NA
TRINITY_DN5195_c0_g1	-1.51408937232975	NA	NA
TRINITY_DN5196_c0_g1	-2.12599672253002	NA	NA
TRINITY_DN5197_c0_g1	0.18007794518959	NA	NA
TRINITY_DN5197_c0_g2	-2.03066260697238	NA	NA
TRINITY_DN5198_c0_g1	1.13992029134156	NA	NA
TRINITY_DN52_c0_g1	0.403458565913467	0.999155368198447	NA
TRINITY_DN520_c0_g1	-0.183355584028165	0.999155368198447	NA
TRINITY_DN5200_c0_g1	1.07399049458874	0.999155368198447	NA
TRINITY_DN5203_c0_g1	1.11806939991264	NA	NA
TRINITY_DN5204_c0_g1	2.81683561177204	NA	NA
TRINITY_DN5205_c0_g1	-0.651998111676222	NA	NA
TRINITY_DN5207_c0_g2	1.67209002851105	NA	NA
TRINITY_DN521_c0_g1	-0.310787515335059	0.999155368198447	NA
TRINITY_DN5210_c0_g2	0.949335350023973	NA	NA
TRINITY_DN5210_c0_g3	1.73595906364189	NA	NA
TRINITY_DN5213_c0_g1	2.07744866883624	NA	NA
TRINITY_DN5215_c0_g1	-2.43270950662911	NA	NA
TRINITY_DN5215_c0_g2	1.14409240644105	NA	NA
TRINITY_DN5218_c0_g1	-0.895357974579432	NA	NA
TRINITY_DN5219_c0_g1	-0.206242631540942	NA	NA
TRINITY_DN5219_c0_g2	0.960643549925778	NA	NA
TRINITY_DN522_c0_g1	0.137091088285034	NA	NA
TRINITY_DN522_c0_g2	-0.928719576399069	0.999155368198447	NA
TRINITY_DN522_c0_g2	-0.928719576399069	0.999155368198447	NA
TRINITY_DN522_c0_g2	-0.928719576399069	0.999155368198447	NA
TRINITY_DN522_c0_g2	-0.928719576399069	0.999155368198447	NA
TRINITY_DN522_c0_g2	-0.928719576399069	0.999155368198447	NA
TRINITY_DN522_c0_g3	-1.00440277946379	NA	NA
TRINITY_DN522_c1_g1	0.895434515746795	NA	NA
TRINITY_DN522_c1_g1	0.895434515746795	NA	NA
TRINITY_DN522_c2_g1	1.00674297930897	0.998641406015275	NA
TRINITY_DN522_c2_g1	1.00674297930897	0.998641406015275	NA
TRINITY_DN522_c2_g1	1.00674297930897	0.998641406015275	NA
TRINITY_DN522_c3_g1	-0.179711429291768	0.999155368198447	NA
TRINITY_DN522_c3_g1	-0.179711429291768	0.999155368198447	NA
TRINITY_DN522_c3_g1	-0.179711429291768	0.999155368198447	NA
TRINITY_DN522_c4_g1	1.96265471474862	NA	NA
TRINITY_DN522_c4_g2	0.714410500347932	NA	NA
TRINITY_DN522_c5_g1	0.990265579693218	NA	NA
TRINITY_DN5221_c0_g1	-2.84509362051845	NA	NA
TRINITY_DN5225_c0_g1	-2.49932279205764	NA	NA
TRINITY_DN5225_c0_g2	2.81102430431886	NA	NA
TRINITY_DN5226_c0_g1	-0.183422833429893	NA	NA
TRINITY_DN5227_c0_g1	-0.812050919051241	NA	NA
TRINITY_DN523_c0_g1	-0.263144392314127	0.999155368198447	NA
TRINITY_DN5230_c0_g1	-0.897574313352725	NA	NA
TRINITY_DN5234_c0_g1	2.39549073532307	NA	NA
TRINITY_DN5234_c0_g2	-0.517450174281859	NA	NA
TRINITY_DN5236_c0_g1	0.974370973406594	NA	NA
TRINITY_DN5236_c0_g2	-0.465942142013439	NA	NA
TRINITY_DN5238_c0_g1	-0.601055190911783	NA	NA
TRINITY_DN5239_c0_g1	-1.8320762986398	NA	NA
TRINITY_DN524_c0_g1	0.900311936021361	0.999155368198447	NA
TRINITY_DN524_c0_g1	0.900311936021361	0.999155368198447	NA
TRINITY_DN524_c0_g1	0.900311936021361	0.999155368198447	NA
TRINITY_DN524_c0_g1	0.900311936021361	0.999155368198447	NA
TRINITY_DN524_c0_g1	0.900311936021361	0.999155368198447	NA
TRINITY_DN524_c0_g1	0.900311936021361	0.999155368198447	NA
TRINITY_DN524_c0_g1	0.900311936021361	0.999155368198447	NA
TRINITY_DN5240_c0_g1	1.12247044474014	NA	NA
TRINITY_DN5240_c0_g2	1.09023044298243	NA	NA
TRINITY_DN5241_c0_g1	1.07226850044476	NA	NA
TRINITY_DN5242_c0_g1	0.850620933640894	NA	NA
TRINITY_DN5243_c0_g1	0.211361319095142	NA	NA
TRINITY_DN5243_c0_g2	-2.09302402147116	NA	NA
TRINITY_DN5243_c0_g3	1.37951053839131	NA	NA
TRINITY_DN5245_c0_g1	-0.705665190968157	NA	NA
TRINITY_DN5246_c0_g1	1.44284006443966	NA	NA
TRINITY_DN5246_c0_g2	-0.207556126857334	NA	NA
TRINITY_DN5248_c0_g1	-0.0362678092605809	NA	NA
TRINITY_DN5249_c0_g1	1.11067130035104	NA	NA
TRINITY_DN525_c0_g1	0.850409582314291	NA	NA
TRINITY_DN5251_c0_g1	2.41774396915405	NA	NA
TRINITY_DN5252_c0_g1	0.91450109249574	NA	NA
TRINITY_DN5252_c0_g2	1.67447509904388	NA	NA
TRINITY_DN5255_c0_g1	0.359571801722832	NA	NA
TRINITY_DN5255_c0_g2	1.71253253220478	NA	NA
TRINITY_DN5256_c0_g1	1.12391690324869	NA	NA
TRINITY_DN5256_c0_g2	-1.51408937232975	NA	NA
TRINITY_DN5259_c0_g1	2.81101180025641	NA	NA
TRINITY_DN5259_c0_g2	-1.56469908561863	NA	NA
TRINITY_DN526_c0_g1	-1.00501120151188	NA	NA
TRINITY_DN5265_c0_g1	2.45040130705149	NA	NA
TRINITY_DN5265_c0_g2	-2.49141316271194	NA	NA
TRINITY_DN5266_c0_g1	-1.51408937232975	NA	NA
TRINITY_DN5267_c0_g1	3.18486576126646	NA	NA
TRINITY_DN5269_c0_g1	1.71082479621845	NA	NA
TRINITY_DN527_c0_g1	1.11831950748005	NA	NA
TRINITY_DN5270_c0_g1	-1.1199171963979	NA	NA
TRINITY_DN5271_c0_g1	0.91450109249574	NA	NA
TRINITY_DN5271_c0_g2	-0.405890889076233	NA	NA
TRINITY_DN5273_c0_g1	-0.61984074986732	NA	NA
TRINITY_DN5275_c0_g1	-2.1061611678697	NA	NA
TRINITY_DN5275_c0_g2	-1.50936624903692	NA	NA
TRINITY_DN5279_c0_g1	0.0980420955163094	0.999155368198447	NA
TRINITY_DN528_c0_g1	0.366891727517418	NA	NA
TRINITY_DN528_c0_g1	0.366891727517418	NA	NA
TRINITY_DN5280_c0_g1	1.71426416325735	NA	NA
TRINITY_DN5281_c0_g1	1.0919193263132	NA	NA
TRINITY_DN5281_c0_g2	1.97501434940733	NA	NA
TRINITY_DN5282_c0_g1	1.39989926888165	NA	NA
TRINITY_DN5283_c0_g1	-2.09896245917404	NA	NA
TRINITY_DN5285_c0_g1	-0.221377891626058	NA	NA
TRINITY_DN5285_c0_g2	0.981493074027814	NA	NA
TRINITY_DN5286_c0_g1	-0.556014848851442	0.999155368198447	NA
TRINITY_DN5286_c0_g1	-0.556014848851442	0.999155368198447	NA
TRINITY_DN5286_c0_g1	-0.556014848851442	0.999155368198447	NA
TRINITY_DN5286_c0_g1	-0.556014848851442	0.999155368198447	NA
TRINITY_DN5286_c0_g2	-2.09302402147116	NA	NA
TRINITY_DN5287_c0_g1	1.12059668220383	NA	NA
TRINITY_DN5287_c0_g2	1.10405889785514	NA	NA
TRINITY_DN5288_c0_g1	-0.279708136717551	NA	NA
TRINITY_DN5288_c0_g1	-0.279708136717551	NA	NA
TRINITY_DN529_c0_g1	1.07555847926395	0.999155368198447	NA
TRINITY_DN529_c0_g1	1.07555847926395	0.999155368198447	NA
TRINITY_DN529_c0_g1	1.07555847926395	0.999155368198447	NA
TRINITY_DN529_c0_g1	1.07555847926395	0.999155368198447	NA
TRINITY_DN5290_c0_g1	1.80950231271155	NA	NA
TRINITY_DN5296_c0_g2	-0.22637417240234	NA	NA
TRINITY_DN5297_c0_g1	0.204571775302572	NA	NA
TRINITY_DN5298_c0_g1	3.13134408283979	NA	NA
TRINITY_DN53_c0_g1	0.445663985440463	0.999155368198447	NA
TRINITY_DN53_c0_g1	0.445663985440463	0.999155368198447	NA
TRINITY_DN530_c0_g1	-0.172057658263609	0.999155368198447	NA
TRINITY_DN530_c0_g1	-0.172057658263609	0.999155368198447	NA
TRINITY_DN5302_c0_g1	-2.31153740357744	NA	NA
TRINITY_DN5303_c0_g1	2.83215614987391	NA	NA
TRINITY_DN5304_c0_g1	1.08610628224165	NA	NA
TRINITY_DN5305_c0_g1	-0.233785877379304	NA	NA
TRINITY_DN5305_c0_g2	-0.276410950351417	NA	NA
TRINITY_DN5306_c0_g1	-2.48380870849916	NA	NA
TRINITY_DN5306_c0_g2	1.69576659283636	NA	NA
TRINITY_DN5307_c0_g1	-2.51452319126686	NA	NA
TRINITY_DN5307_c0_g2	-3.08331267235048	NA	NA
TRINITY_DN5308_c0_g1	2.08791308109485	NA	NA
TRINITY_DN531_c0_g1	-0.204807327980942	0.999155368198447	NA
TRINITY_DN531_c0_g1	-0.204807327980942	0.999155368198447	NA
TRINITY_DN531_c1_g1	-0.902702217188972	NA	NA
TRINITY_DN5310_c0_g1	-0.369678307018025	0.999155368198447	NA
TRINITY_DN5311_c0_g1	-0.530330079610378	NA	NA
TRINITY_DN5313_c0_g1	-1.1924822170068	NA	NA
TRINITY_DN5317_c0_g1	0.97802556956483	NA	NA
TRINITY_DN5318_c0_g1	0.216278203737038	NA	NA
TRINITY_DN5318_c0_g2	1.76208259853803	NA	NA
TRINITY_DN5319_c0_g1	-1.83503861967516	NA	NA
TRINITY_DN532_c0_g1	-0.318637592919483	0.999155368198447	NA
TRINITY_DN532_c0_g1	-0.318637592919483	0.999155368198447	NA
TRINITY_DN5320_c0_g1	-0.557940380133997	NA	NA
TRINITY_DN5321_c0_g1	0.337044429845018	NA	NA
TRINITY_DN5322_c0_g1	-2.12599672253002	NA	NA
TRINITY_DN5322_c0_g2	-0.503121062385682	NA	NA
TRINITY_DN5323_c0_g1	1.42220352957661	NA	NA
TRINITY_DN5325_c0_g1	-1.47723186738799	NA	NA
TRINITY_DN5325_c0_g2	1.36754096586808	NA	NA
TRINITY_DN5327_c0_g1	-1.11075648308628	NA	NA
TRINITY_DN5327_c0_g2	-0.886244074475183	NA	NA
TRINITY_DN5329_c0_g1	2.39083839703774	NA	NA
TRINITY_DN533_c0_g1	-0.305063669816311	0.999155368198447	NA
TRINITY_DN533_c0_g1	-0.305063669816311	0.999155368198447	NA
TRINITY_DN533_c0_g1	-0.305063669816311	0.999155368198447	NA
TRINITY_DN533_c0_g1	-0.305063669816311	0.999155368198447	NA
TRINITY_DN5330_c0_g1	1.97838819335161	NA	NA
TRINITY_DN5331_c0_g1	1.7019136231316	NA	NA
TRINITY_DN5332_c0_g1	-2.51828396533236	NA	NA
TRINITY_DN5333_c0_g1	1.63742769072769	NA	NA
TRINITY_DN5335_c0_g1	-2.502089321227	NA	NA
TRINITY_DN5336_c0_g1	-2.52149687875331	NA	NA
TRINITY_DN5337_c0_g1	-1.87712040953152	NA	NA
TRINITY_DN5338_c0_g1	2.40312155012335	NA	NA
TRINITY_DN5339_c0_g1	2.09760366263828	NA	NA
TRINITY_DN534_c0_g1	-2.52224897065339	0.542657103796685	NA
TRINITY_DN5340_c0_g1	-2.7785712198033	NA	NA
TRINITY_DN5344_c0_g1	-1.50576064523823	NA	NA
TRINITY_DN5345_c0_g1	-0.398619667560745	NA	NA
TRINITY_DN5346_c0_g1	0.943455741971122	NA	NA
TRINITY_DN5346_c0_g2	-0.3683960957706	0.999155368198447	NA
TRINITY_DN5347_c0_g1	-0.222451357879543	NA	NA
TRINITY_DN535_c0_g1	-0.642049323228149	0.999155368198447	NA
TRINITY_DN5350_c0_g2	0.114749528116681	NA	NA
TRINITY_DN5353_c0_g1	-2.08451064902025	NA	NA
TRINITY_DN5353_c0_g2	0.94789279828404	NA	NA
TRINITY_DN5354_c0_g1	-1.85915782434501	NA	NA
TRINITY_DN5355_c0_g1	0.343383642012773	NA	NA
TRINITY_DN5356_c0_g1	1.86008621251346	NA	NA
TRINITY_DN5359_c0_g1	1.11124010841189	NA	NA
TRINITY_DN536_c0_g1	-1.47645952972521	NA	NA
TRINITY_DN536_c0_g2	0.0513193817337015	0.999155368198447	NA
TRINITY_DN536_c0_g2	0.0513193817337015	0.999155368198447	NA
TRINITY_DN5360_c0_g1	-1.51682428279133	NA	NA
TRINITY_DN5361_c0_g1	-1.9353004909691	NA	NA
TRINITY_DN5361_c0_g1	-1.9353004909691	NA	NA
TRINITY_DN5364_c0_g1	-2.83029658791708	NA	NA
TRINITY_DN5365_c0_g1	-0.768614095511196	NA	NA
TRINITY_DN5365_c0_g2	-1.0079271447887	NA	NA
TRINITY_DN5366_c0_g1	-3.09120762446782	NA	NA
TRINITY_DN5366_c0_g2	-2.10967486053942	NA	NA
TRINITY_DN5368_c0_g1	-0.629454716525536	NA	NA
TRINITY_DN5368_c0_g2	-3.03046927302936	NA	NA
TRINITY_DN5369_c0_g1	1.10681336710595	NA	NA
TRINITY_DN537_c0_g1	NA	NA	NA
TRINITY_DN537_c0_g2	-0.0330727156562827	NA	NA
TRINITY_DN537_c0_g2	-0.0330727156562827	NA	NA
TRINITY_DN5370_c0_g1	1.35406749366708	NA	NA
TRINITY_DN5370_c0_g2	-2.8227581225826	NA	NA
TRINITY_DN5370_c0_g3	-0.743110541246272	NA	NA
TRINITY_DN5371_c0_g1	-0.546531493127469	NA	NA
TRINITY_DN5371_c0_g2	-1.05971640977064	NA	NA
TRINITY_DN5372_c0_g1	-2.79811411594885	NA	NA
TRINITY_DN5373_c0_g1	1.76208259853803	NA	NA
TRINITY_DN5373_c1_g1	1.76208259853803	NA	NA
TRINITY_DN5374_c0_g1	-1.00297612807861	NA	NA
TRINITY_DN5375_c0_g1	1.04871950279998	NA	NA
TRINITY_DN5377_c0_g1	-1.51408937232975	NA	NA
TRINITY_DN5379_c0_g1	3.39557636407934	NA	NA
TRINITY_DN538_c0_g1	0.381106430342481	NA	NA
TRINITY_DN538_c0_g1	0.381106430342481	NA	NA
TRINITY_DN5380_c0_g1	-0.935391015999478	NA	NA
TRINITY_DN5381_c0_g1	-1.00850123645968	0.999155368198447	NA
TRINITY_DN5381_c0_g1	-1.00850123645968	0.999155368198447	NA
TRINITY_DN5381_c0_g1	-1.00850123645968	0.999155368198447	NA
TRINITY_DN5382_c0_g1	0.419365923138967	NA	NA
TRINITY_DN5386_c0_g2	0.796626624283442	NA	NA
TRINITY_DN5387_c0_g1	-2.05751004367417	NA	NA
TRINITY_DN5388_c0_g1	1.81110441151366	NA	NA
TRINITY_DN5388_c0_g2	0.811408808408978	NA	NA
TRINITY_DN5389_c0_g1	2.17255638569787	0.999155368198447	NA
TRINITY_DN5389_c0_g2	1.70772767746282	NA	NA
TRINITY_DN539_c0_g1	-0.268577439623921	NA	NA
TRINITY_DN539_c0_g1	-0.268577439623921	NA	NA
TRINITY_DN539_c0_g1	-0.268577439623921	NA	NA
TRINITY_DN5390_c0_g1	1.97125430013113	NA	NA
TRINITY_DN5390_c0_g1	1.97125430013113	NA	NA
TRINITY_DN5391_c0_g1	0.112221899282619	NA	NA
TRINITY_DN5392_c0_g1	-1.15692282727905	NA	NA
TRINITY_DN5393_c0_g1	0.389477062831278	NA	NA
TRINITY_DN5394_c0_g1	0.823929586607552	NA	NA
TRINITY_DN5394_c0_g2	-0.50748727917758	NA	NA
TRINITY_DN5395_c0_g1	-0.519269456548254	NA	NA
TRINITY_DN5397_c0_g1	-0.363128314709188	0.999155368198447	NA
TRINITY_DN5397_c0_g1	-0.363128314709188	0.999155368198447	NA
TRINITY_DN5398_c0_g1	-0.592922539868004	NA	NA
TRINITY_DN5399_c0_g1	-0.728860576021852	NA	NA
TRINITY_DN54_c0_g1	0.684787321410186	0.999155368198447	NA
TRINITY_DN54_c1_g1	-0.645220941713793	0.999155368198447	NA
TRINITY_DN54_c1_g1	-0.645220941713793	0.999155368198447	NA
TRINITY_DN540_c0_g1	-0.379092032095321	0.999155368198447	NA
TRINITY_DN5400_c0_g1	-2.51692550711468	NA	NA
TRINITY_DN5400_c0_g2	-1.45746470731771	NA	NA
TRINITY_DN5400_c0_g3	-1.55065109035361	NA	NA
TRINITY_DN5405_c0_g1	0.358319106475941	NA	NA
TRINITY_DN5409_c0_g1	0.188987559295829	NA	NA
TRINITY_DN5409_c0_g2	1.66389002618288	NA	NA
TRINITY_DN541_c0_g1	-0.610862638376311	0.999155368198447	NA
TRINITY_DN541_c0_g2	-0.000972686572836032	0.999155368198447	NA
TRINITY_DN5410_c0_g1	1.80950231271155	NA	NA
TRINITY_DN5411_c0_g1	-0.557919864627263	NA	NA
TRINITY_DN5412_c0_g1	2.39439602029138	NA	NA
TRINITY_DN5414_c0_g1	-0.790058359299874	NA	NA
TRINITY_DN5415_c0_g1	-0.550921149005352	NA	NA
TRINITY_DN5416_c0_g1	-1.91490143381593	NA	NA
TRINITY_DN5417_c0_g1	-2.45017301933757	NA	NA
TRINITY_DN5419_c0_g1	-2.30108003175478	NA	NA
TRINITY_DN542_c0_g1	-0.317330576574551	0.999155368198447	NA
TRINITY_DN5421_c0_g1	-1.03676333472901	NA	NA
TRINITY_DN5422_c0_g2	-1.84572895257248	NA	NA
TRINITY_DN5424_c0_g1	-0.063502259340189	0.999155368198447	NA
TRINITY_DN5425_c0_g1	1.98606395200959	NA	NA
TRINITY_DN5427_c0_g2	-0.576327566259312	NA	NA
TRINITY_DN5428_c0_g1	-0.482811045107405	NA	NA
TRINITY_DN5428_c0_g2	2.12756159049642	NA	NA
TRINITY_DN5429_c0_g1	-2.50829056031268	NA	NA
TRINITY_DN5429_c0_g2	0.372947459096286	0.999155368198447	NA
TRINITY_DN543_c0_g1	-0.48088652654828	0.999155368198447	NA
TRINITY_DN5432_c0_g1	-0.111622790907185	NA	NA
TRINITY_DN5433_c0_g1	2.40122241026374	NA	NA
TRINITY_DN5434_c0_g1	2.80941590716106	NA	NA
TRINITY_DN5434_c1_g1	1.11737912341487	NA	NA
TRINITY_DN5435_c0_g1	-2.77421624397378	NA	NA
TRINITY_DN5437_c0_g2	-0.167848963871601	NA	NA
TRINITY_DN544_c0_g1	1.81767066762219	NA	NA
TRINITY_DN544_c0_g2	-0.145762146291778	NA	NA
TRINITY_DN5440_c0_g1	1.00321318885186	NA	NA
TRINITY_DN5441_c0_g1	-2.45370179507811	NA	NA
TRINITY_DN5441_c0_g1	-2.45370179507811	NA	NA
TRINITY_DN5442_c0_g1	0.385421206186434	NA	NA
TRINITY_DN5444_c0_g1	1.64154313177742	NA	NA
TRINITY_DN5445_c0_g1	0.182292908141959	NA	NA
TRINITY_DN5445_c0_g2	-0.534754876109654	NA	NA
TRINITY_DN5446_c0_g1	1.86008621251346	NA	NA
TRINITY_DN5446_c0_g2	2.09971466771416	NA	NA
TRINITY_DN5449_c0_g2	-1.21414796390756	NA	NA
TRINITY_DN545_c0_g1	6.27202674862097	0.000965290649581032	NA
TRINITY_DN5451_c0_g1	1.22306493213895	NA	NA
TRINITY_DN5452_c0_g1	0.209147066933062	NA	NA
TRINITY_DN5452_c0_g2	-3.3235001323505	NA	NA
TRINITY_DN5456_c0_g1	3.10883301778554	NA	NA
TRINITY_DN5456_c0_g2	-1.86052051815461	NA	NA
TRINITY_DN5458_c0_g1	0.371276271454552	NA	NA
TRINITY_DN5459_c0_g1	3.12821417681412	NA	NA
TRINITY_DN546_c0_g1	-0.888358383318727	NA	NA
TRINITY_DN5460_c0_g1	-1.13338833142461	NA	NA
TRINITY_DN5461_c0_g1	-0.542004044053833	NA	NA
TRINITY_DN5464_c0_g1	-2.81768800302594	NA	NA
TRINITY_DN5466_c0_g1	-0.556755983024235	NA	NA
TRINITY_DN5467_c0_g1	0.432789057348656	NA	NA
TRINITY_DN5469_c0_g1	-2.02634062724792	NA	NA
TRINITY_DN547_c0_g1	-0.323801754481716	0.999155368198447	NA
TRINITY_DN547_c0_g1	-0.323801754481716	0.999155368198447	NA
TRINITY_DN547_c0_g1	-0.323801754481716	0.999155368198447	NA
TRINITY_DN5470_c0_g1	1.76208259853803	NA	NA
TRINITY_DN5471_c0_g1	-0.213118983735049	NA	NA
TRINITY_DN5472_c0_g1	-2.09965767428555	NA	NA
TRINITY_DN5472_c0_g2	-1.78248078962412	NA	NA
TRINITY_DN5474_c0_g1	0.982495158729667	NA	NA
TRINITY_DN5475_c0_g1	1.6991104240194	NA	NA
TRINITY_DN5478_c0_g1	-1.12893145619351	NA	NA
TRINITY_DN5478_c0_g2	1.11965211548123	NA	NA
TRINITY_DN5478_c0_g3	-0.571178892747859	NA	NA
TRINITY_DN5478_c0_g4	-1.47507544113984	NA	NA
TRINITY_DN5479_c0_g1	2.40156864734949	NA	NA
TRINITY_DN548_c0_g1	-1.14575307419735	NA	NA
TRINITY_DN548_c0_g2	-1.74112809611837	NA	NA
TRINITY_DN5486_c0_g1	0.630358954805318	NA	NA
TRINITY_DN5487_c0_g1	0.436044191294132	NA	NA
TRINITY_DN5488_c0_g1	-0.586759271165878	NA	NA
TRINITY_DN549_c0_g1	1.16768321870954	NA	NA
TRINITY_DN549_c0_g2	0.801020052614102	NA	NA
TRINITY_DN5491_c0_g1	-0.932015657926149	NA	NA
TRINITY_DN5492_c0_g1	0.811444839369032	NA	NA
TRINITY_DN5495_c0_g1	-1.14677597188371	NA	NA
TRINITY_DN5496_c0_g1	2.37888693502382	NA	NA
TRINITY_DN5497_c0_g1	1.04072199014736	NA	NA
TRINITY_DN5497_c0_g2	3.15247183568203	NA	NA
TRINITY_DN5497_c0_g3	2.10987843636244	NA	NA
TRINITY_DN5499_c0_g1	2.10960062137726	NA	NA
TRINITY_DN55_c0_g1	1.08897399642028	0.982857016216216	NA
TRINITY_DN55_c0_g1	1.08897399642028	0.982857016216216	NA
TRINITY_DN55_c0_g1	1.08897399642028	0.982857016216216	NA
TRINITY_DN550_c0_g1	-0.380398256756705	NA	NA
TRINITY_DN5502_c0_g1	1.86008621251346	NA	NA
TRINITY_DN5502_c0_g2	-0.573539625004561	NA	NA
TRINITY_DN5504_c0_g1	-0.965818497465528	NA	NA
TRINITY_DN5504_c1_g1	-1.52237678933332	NA	NA
TRINITY_DN5505_c0_g1	-0.531813798593314	NA	NA
TRINITY_DN5505_c0_g2	-1.06050701870397	NA	NA
TRINITY_DN5506_c0_g1	-2.08286678555677	NA	NA
TRINITY_DN5506_c0_g2	-1.15708522801239	NA	NA
TRINITY_DN5507_c0_g2	3.13091088376948	NA	NA
TRINITY_DN551_c0_g1	-2.05729328772683	NA	NA
TRINITY_DN551_c0_g2	1.08499325530888	NA	NA
TRINITY_DN551_c0_g3	0.388837043478171	NA	NA
TRINITY_DN5510_c0_g2	-0.852603282761837	0.999155368198447	NA
TRINITY_DN5512_c0_g1	2.10805521039502	NA	NA
TRINITY_DN5513_c0_g1	2.42634950848652	NA	NA
TRINITY_DN5514_c0_g1	0.760688282222371	NA	NA
TRINITY_DN5514_c0_g2	1.13224086424724	NA	NA
TRINITY_DN5515_c0_g1	1.03482559455936	NA	NA
TRINITY_DN5516_c0_g1	-2.47943360900733	NA	NA
TRINITY_DN5517_c0_g1	1.67958815776169	NA	NA
TRINITY_DN5517_c0_g2	0.0136588126831956	NA	NA
TRINITY_DN5519_c0_g1	1.11015189852266	NA	NA
TRINITY_DN552_c0_g1	-1.33100771995767	NA	NA
TRINITY_DN552_c0_g2	1.30362365185343	0.999155368198447	NA
TRINITY_DN5520_c0_g1	1.74424396183995	NA	NA
TRINITY_DN5522_c0_g1	2.3924062374727	NA	NA
TRINITY_DN5522_c0_g2	-2.10977451920888	NA	NA
TRINITY_DN5524_c0_g1	2.93400029659	NA	NA
TRINITY_DN5524_c0_g2	0.945415682141064	NA	NA
TRINITY_DN5525_c0_g1	-1.52031650076042	NA	NA
TRINITY_DN5526_c0_g2	3.15739511776047	NA	NA
TRINITY_DN5527_c0_g1	2.39439602029138	NA	NA
TRINITY_DN5529_c0_g1	2.39549907826978	NA	NA
TRINITY_DN5529_c0_g2	0.0832624112264751	0.999155368198447	NA
TRINITY_DN553_c0_g1	1.19693536460242	0.999155368198447	NA
TRINITY_DN5531_c0_g1	-2.10688899214058	NA	NA
TRINITY_DN5533_c0_g1	-2.1050803941232	NA	NA
TRINITY_DN5534_c0_g1	1.3627032310131	NA	NA
TRINITY_DN5534_c0_g1	1.3627032310131	NA	NA
TRINITY_DN5536_c0_g1	-0.571636956383175	NA	NA
TRINITY_DN5536_c0_g2	-0.512322367301843	NA	NA
TRINITY_DN554_c0_g1	0.130583033218696	NA	NA
TRINITY_DN5540_c0_g1	-0.132496143966105	NA	NA
TRINITY_DN5547_c0_g1	0.833023083172985	NA	NA
TRINITY_DN5547_c0_g1	0.833023083172985	NA	NA
TRINITY_DN5548_c0_g1	1.05948556819885	NA	NA
TRINITY_DN5548_c0_g2	-1.0753649924994	NA	NA
TRINITY_DN555_c0_g1	-1.37206588452085	NA	NA
TRINITY_DN555_c0_g1	-1.37206588452085	NA	NA
TRINITY_DN5550_c0_g1	-0.176018658934222	NA	NA
TRINITY_DN5550_c0_g2	3.08086146207431	NA	NA
TRINITY_DN5551_c0_g1	-2.10704249427207	NA	NA
TRINITY_DN5552_c0_g1	-1.09310478888525	NA	NA
TRINITY_DN5553_c0_g1	2.10535134140081	NA	NA
TRINITY_DN5554_c0_g1	-2.09302402147116	NA	NA
TRINITY_DN5556_c0_g1	-2.10916452836857	NA	NA
TRINITY_DN5557_c0_g1	-0.20601288204724	NA	NA
TRINITY_DN556_c0_g1	-1.02976552638505	NA	NA
TRINITY_DN556_c0_g1	-1.02976552638505	NA	NA
TRINITY_DN5561_c0_g1	0.357706626815278	NA	NA
TRINITY_DN5561_c0_g2	2.80941590716106	NA	NA
TRINITY_DN5561_c0_g3	-1.45746470731771	NA	NA
TRINITY_DN5563_c0_g1	-2.46244284113182	NA	NA
TRINITY_DN5564_c0_g1	-0.15082481328265	NA	NA
TRINITY_DN5565_c0_g1	-1.11917489266761	NA	NA
TRINITY_DN5566_c0_g1	2.0880407970823	NA	NA
TRINITY_DN5566_c0_g2	0.728416896659617	0.999155368198447	NA
TRINITY_DN5568_c0_g1	-2.05722641402559	NA	NA
TRINITY_DN5568_c0_g2	0.372824198348079	NA	NA
TRINITY_DN557_c0_g1	-2.37837818828856	0.999155368198447	NA
TRINITY_DN557_c0_g1	-2.37837818828856	0.999155368198447	NA
TRINITY_DN557_c0_g1	-2.37837818828856	0.999155368198447	NA
TRINITY_DN557_c0_g1	-2.37837818828856	0.999155368198447	NA
TRINITY_DN557_c0_g1	-2.37837818828856	0.999155368198447	NA
TRINITY_DN557_c0_g1	-2.37837818828856	0.999155368198447	NA
TRINITY_DN557_c0_g1	-2.37837818828856	0.999155368198447	NA
TRINITY_DN557_c0_g1	-2.37837818828856	0.999155368198447	NA
TRINITY_DN557_c0_g1	-2.37837818828856	0.999155368198447	NA
TRINITY_DN557_c0_g1	-2.37837818828856	0.999155368198447	NA
TRINITY_DN557_c0_g1	-2.37837818828856	0.999155368198447	NA
TRINITY_DN557_c0_g1	-2.37837818828856	0.999155368198447	NA
TRINITY_DN557_c0_g2	-2.24661417709985	NA	NA
TRINITY_DN5570_c0_g1	-2.43474734634419	NA	NA
TRINITY_DN5572_c0_g1	-0.342825396818607	NA	NA
TRINITY_DN5575_c0_g1	-0.488189535081774	NA	NA
TRINITY_DN5576_c0_g1	-1.00189955539049	NA	NA
TRINITY_DN5577_c0_g1	1.78594696690075	NA	NA
TRINITY_DN5577_c0_g2	-1.13271670496192	NA	NA
TRINITY_DN5578_c0_g1	1.80950231271155	NA	NA
TRINITY_DN5578_c0_g2	1.06299243763828	NA	NA
TRINITY_DN5579_c0_g1	-0.915224487174147	NA	NA
TRINITY_DN558_c0_g1	-1.16368064254756	NA	NA
TRINITY_DN558_c0_g2	1.11346187967141	NA	NA
TRINITY_DN5585_c0_g1	1.71995821034985	NA	NA
TRINITY_DN5586_c0_g1	-1.12578461054191	NA	NA
TRINITY_DN5588_c0_g1	2.80941590716106	NA	NA
TRINITY_DN559_c0_g1	2.33099058061653	NA	NA
TRINITY_DN5590_c0_g1	-2.10835451770408	NA	NA
TRINITY_DN5591_c0_g1	0.353925882366487	NA	NA
TRINITY_DN5594_c0_g1	0.970472459176383	NA	NA
TRINITY_DN5595_c0_g1	-0.509551186582572	NA	NA
TRINITY_DN5597_c0_g1	0.980321132175541	NA	NA
TRINITY_DN5597_c0_g2	0.812377976580269	0.999155368198447	NA
TRINITY_DN5598_c0_g1	-2.49810264209313	NA	NA
TRINITY_DN5598_c0_g2	-1.51480972265622	NA	NA
TRINITY_DN56_c0_g1	-0.626239191903313	0.999155368198447	NA
TRINITY_DN56_c1_g1	0.188605919877709	NA	NA
TRINITY_DN56_c1_g2	-2.10113156053186	0.000469873716568027	NA
TRINITY_DN56_c1_g2	-2.10113156053186	0.000469873716568027	NA
TRINITY_DN56_c1_g2	-2.10113156053186	0.000469873716568027	NA
TRINITY_DN56_c1_g2	-2.10113156053186	0.000469873716568027	NA
TRINITY_DN56_c1_g3	4.09335096561567	NA	NA
TRINITY_DN56_c1_g3	4.09335096561567	NA	NA
TRINITY_DN56_c1_g4	0.91450109249574	NA	NA
TRINITY_DN56_c2_g1	1.58256642273449	0.998641406015275	NA
TRINITY_DN560_c0_g1	-2.65664127375983	NA	NA
TRINITY_DN560_c0_g2	-1.8057414261408	NA	NA
TRINITY_DN5601_c0_g1	1.80950231271155	NA	NA
TRINITY_DN5601_c0_g2	-2.82306293456415	NA	NA
TRINITY_DN5604_c0_g1	-3.25639483901325	NA	NA
TRINITY_DN5605_c0_g1	1.06695938464833	NA	NA
TRINITY_DN5606_c0_g1	0.371000953483132	NA	NA
TRINITY_DN5608_c0_g1	-0.569450438591724	NA	NA
TRINITY_DN5609_c0_g1	0.178856254829192	NA	NA
TRINITY_DN5609_c0_g2	0.38824864444741	NA	NA
TRINITY_DN561_c0_g1	0.547299369424314	NA	NA
TRINITY_DN5610_c0_g1	-1.45746470731771	NA	NA
TRINITY_DN5610_c0_g2	-3.83288237760497	NA	NA
TRINITY_DN5611_c0_g1	-0.533287883301371	NA	NA
TRINITY_DN5613_c0_g1	0.371596601733325	NA	NA
TRINITY_DN5613_c0_g2	0.220686079571927	NA	NA
TRINITY_DN5617_c0_g1	-0.450704672082724	NA	NA
TRINITY_DN5617_c0_g2	-0.281785374962385	NA	NA
TRINITY_DN5619_c0_g1	1.0614962425527	NA	NA
TRINITY_DN562_c0_g1	-0.272488114191079	0.999155368198447	NA
TRINITY_DN562_c0_g1	-0.272488114191079	0.999155368198447	NA
TRINITY_DN562_c0_g1	-0.272488114191079	0.999155368198447	NA
TRINITY_DN562_c0_g1	-0.272488114191079	0.999155368198447	NA
TRINITY_DN5620_c0_g1	0.411635659725309	NA	NA
TRINITY_DN5621_c0_g1	-0.659788512147175	0.999155368198447	NA
TRINITY_DN5622_c0_g1	0.396335137123767	NA	NA
TRINITY_DN5623_c0_g1	1.80950231271155	NA	NA
TRINITY_DN5625_c0_g1	-0.0567424552008415	NA	NA
TRINITY_DN5627_c0_g1	-0.471516331892828	0.999155368198447	NA
TRINITY_DN5627_c0_g1	-0.471516331892828	0.999155368198447	NA
TRINITY_DN5627_c0_g1	-0.471516331892828	0.999155368198447	NA
TRINITY_DN5627_c0_g1	-0.471516331892828	0.999155368198447	NA
TRINITY_DN5628_c0_g1	0.903212761504869	NA	NA
TRINITY_DN5628_c0_g2	-2.08606640397028	NA	NA
TRINITY_DN563_c0_g1	-0.595937413350917	NA	NA
TRINITY_DN5630_c0_g1	-2.10719512677948	NA	NA
TRINITY_DN5633_c0_g1	-0.0168086756891516	NA	NA
TRINITY_DN5636_c0_g1	-0.483110666448673	NA	NA
TRINITY_DN5636_c0_g2	3.62209759540704	NA	NA
TRINITY_DN5637_c0_g1	1.10729800496971	NA	NA
TRINITY_DN5637_c0_g2	2.83874823696926	NA	NA
TRINITY_DN5639_c0_g1	-3.31366761236428	NA	NA
TRINITY_DN564_c0_g1	0.339841723986098	0.999155368198447	NA
TRINITY_DN564_c0_g1	0.339841723986098	0.999155368198447	NA
TRINITY_DN564_c0_g1	0.339841723986098	0.999155368198447	NA
TRINITY_DN564_c0_g1	0.339841723986098	0.999155368198447	NA
TRINITY_DN5644_c0_g1	0.298911190738036	NA	NA
TRINITY_DN5645_c0_g1	-1.13809271735935	NA	NA
TRINITY_DN5647_c0_g1	-0.61804467323319	NA	NA
TRINITY_DN5648_c0_g1	-0.810703845597692	NA	NA
TRINITY_DN565_c0_g1	-0.157391717310758	NA	NA
TRINITY_DN565_c0_g1	-0.157391717310758	NA	NA
TRINITY_DN565_c0_g1	-0.157391717310758	NA	NA
TRINITY_DN5650_c0_g1	0.91450109249574	NA	NA
TRINITY_DN5650_c0_g2	-1.5050860016953	NA	NA
TRINITY_DN5651_c0_g1	-2.51098828169106	NA	NA
TRINITY_DN5651_c0_g2	2.79616571933772	NA	NA
TRINITY_DN5651_c0_g3	0.185528196719538	NA	NA
TRINITY_DN5653_c0_g1	3.82227816462636	NA	NA
TRINITY_DN5653_c1_g1	1.71857889720777	NA	NA
TRINITY_DN5656_c0_g1	0.64890381083102	NA	NA
TRINITY_DN5657_c0_g1	-1.07709984607146	NA	NA
TRINITY_DN5659_c0_g1	-0.514417873044635	NA	NA
TRINITY_DN5659_c0_g2	-2.82303397158862	NA	NA
TRINITY_DN566_c0_g1	-0.234157642117657	0.999155368198447	NA
TRINITY_DN566_c0_g1	-0.234157642117657	0.999155368198447	NA
TRINITY_DN5660_c0_g1	2.37896055751254	NA	NA
TRINITY_DN5660_c0_g2	-0.379459723832165	NA	NA
TRINITY_DN5661_c0_g1	2.39112721362532	NA	NA
TRINITY_DN5662_c0_g2	1.41995667780308	NA	NA
TRINITY_DN5665_c0_g1	0.364741871517456	NA	NA
TRINITY_DN5666_c0_g1	-1.03644821697792	NA	NA
TRINITY_DN5668_c0_g1	-1.52237678933332	NA	NA
TRINITY_DN5669_c0_g1	3.13734392150391	NA	NA
TRINITY_DN567_c0_g1	-0.239408707218746	NA	NA
TRINITY_DN5672_c0_g1	-0.814556693069556	NA	NA
TRINITY_DN5673_c0_g1	0.971254088995589	NA	NA
TRINITY_DN5673_c0_g2	-0.580775979069737	NA	NA
TRINITY_DN5676_c0_g1	-1.0738795369309	NA	NA
TRINITY_DN5677_c0_g1	-0.499180225533933	NA	NA
TRINITY_DN5678_c0_g1	-0.243771595597221	0.999155368198447	NA
TRINITY_DN5678_c0_g1	-0.243771595597221	0.999155368198447	NA
TRINITY_DN5679_c0_g1	-0.889748739054716	NA	NA
TRINITY_DN568_c0_g1	-0.149636527554544	NA	NA
TRINITY_DN5681_c0_g1	-1.50576064523823	NA	NA
TRINITY_DN5682_c0_g1	-1.09536611031804	NA	NA
TRINITY_DN5683_c0_g1	1.71323010126139	NA	NA
TRINITY_DN5685_c0_g1	0.76033714660606	NA	NA
TRINITY_DN5685_c0_g1	0.76033714660606	NA	NA
TRINITY_DN5686_c0_g1	0.0567314631861893	0.999155368198447	NA
TRINITY_DN5686_c0_g1	0.0567314631861893	0.999155368198447	NA
TRINITY_DN5687_c0_g1	-0.577692328686913	NA	NA
TRINITY_DN5687_c0_g2	0.411852476907157	NA	NA
TRINITY_DN5688_c0_g1	0.430715464014011	NA	NA
TRINITY_DN5689_c0_g1	1.59388263896868	NA	NA
TRINITY_DN5689_c0_g2	0.955624483284439	NA	NA
TRINITY_DN5689_c0_g3	-0.768614095511196	NA	NA
TRINITY_DN569_c0_g1	0.0795008993656374	0.999155368198447	NA
TRINITY_DN569_c0_g1	0.0795008993656374	0.999155368198447	NA
TRINITY_DN569_c0_g2	1.59488697273677	NA	NA
TRINITY_DN5691_c0_g1	-1.52237678933332	NA	NA
TRINITY_DN5692_c0_g1	-0.587113698689505	NA	NA
TRINITY_DN5692_c0_g2	-3.28765687880485	NA	NA
TRINITY_DN5695_c0_g1	-2.10981145761409	NA	NA
TRINITY_DN5697_c0_g1	-0.943870854636906	NA	NA
TRINITY_DN5697_c0_g2	-0.541400446258534	NA	NA
TRINITY_DN5699_c0_g1	0.968325834420624	NA	NA
TRINITY_DN57_c0_g1	-0.232484093104372	0.999155368198447	NA
TRINITY_DN570_c0_g1	-2.45024835865773	NA	NA
TRINITY_DN570_c0_g2	-0.225226030523716	NA	NA
TRINITY_DN5700_c0_g1	-2.51553762669465	NA	NA
TRINITY_DN5702_c0_g1	1.83481137355833	NA	NA
TRINITY_DN5705_c0_g1	-1.52237678933332	NA	NA
TRINITY_DN5706_c0_g1	0.380111426592498	NA	NA
TRINITY_DN5709_c0_g1	-0.297145548051319	0.999155368198447	NA
TRINITY_DN5709_c0_g1	-0.297145548051319	0.999155368198447	NA
TRINITY_DN5709_c0_g1	-0.297145548051319	0.999155368198447	NA
TRINITY_DN5709_c0_g2	-1.52237678933332	NA	NA
TRINITY_DN5709_c0_g3	0.450146487952289	NA	NA
TRINITY_DN571_c0_g1	4.59623022660627	NA	NA
TRINITY_DN571_c0_g1	4.59623022660627	NA	NA
TRINITY_DN571_c0_g1	4.59623022660627	NA	NA
TRINITY_DN571_c1_g1	3.64066141662634	NA	NA
TRINITY_DN5710_c0_g1	0.401043889422402	NA	NA
TRINITY_DN5710_c0_g1	0.401043889422402	NA	NA
TRINITY_DN5712_c0_g1	-0.49625002238603	NA	NA
TRINITY_DN5713_c0_g1	1.12909287507165	NA	NA
TRINITY_DN5713_c0_g2	0.914501092495741	NA	NA
TRINITY_DN5716_c0_g1	-0.508852070063891	NA	NA
TRINITY_DN5717_c0_g1	-3.0836110771919	NA	NA
TRINITY_DN5717_c0_g2	0.0828493886791231	NA	NA
TRINITY_DN5717_c0_g3	-0.953770399819715	NA	NA
TRINITY_DN5718_c0_g1	-0.524031915641421	NA	NA
TRINITY_DN5719_c0_g1	-3.08791909265929	NA	NA
TRINITY_DN572_c0_g1	0.557914172027754	NA	NA
TRINITY_DN5720_c0_g1	0.793781303221065	NA	NA
TRINITY_DN5724_c0_g1	-0.605939222198034	NA	NA
TRINITY_DN5724_c0_g2	0.382355917237312	NA	NA
TRINITY_DN5729_c0_g1	-0.529429187403426	NA	NA
TRINITY_DN573_c0_g1	-0.743361897718565	0.999155368198447	NA
TRINITY_DN573_c0_g1	-0.743361897718565	0.999155368198447	NA
TRINITY_DN5730_c0_g1	-0.544355584326217	NA	NA
TRINITY_DN5730_c0_g2	-0.519899799931343	NA	NA
TRINITY_DN5731_c0_g1	-0.112783604538552	NA	NA
TRINITY_DN5732_c0_g1	1.35252166458979	NA	NA
TRINITY_DN5734_c0_g1	0.82238016207916	NA	NA
TRINITY_DN5735_c0_g1	0.40138372002265	NA	NA
TRINITY_DN5736_c0_g1	-0.178671996643228	NA	NA
TRINITY_DN5738_c0_g1	-0.222212228824338	NA	NA
TRINITY_DN5739_c0_g1	1.71151696227355	NA	NA
TRINITY_DN5739_c0_g2	2.44725580814198	NA	NA
TRINITY_DN574_c0_g1	1.36119663605474	NA	NA
TRINITY_DN574_c0_g2	0.379061155255602	NA	NA
TRINITY_DN574_c0_g3	0.280344776786023	0.999155368198447	NA
TRINITY_DN5741_c0_g1	3.58812660280495	NA	NA
TRINITY_DN5741_c0_g2	-1.51408937232975	NA	NA
TRINITY_DN5741_c0_g3	-0.768614095511196	NA	NA
TRINITY_DN5742_c0_g1	1.13918528321495	NA	NA
TRINITY_DN5745_c0_g1	-1.51832996496575	NA	NA
TRINITY_DN5746_c0_g1	-0.268108590995129	NA	NA
TRINITY_DN5748_c0_g2	2.12906793068046	NA	NA
TRINITY_DN5749_c0_g1	-2.11027069486458	NA	NA
TRINITY_DN575_c0_g1	-0.806614814503413	NA	NA
TRINITY_DN575_c0_g2	-0.722060561239722	NA	NA
TRINITY_DN575_c0_g2	-0.722060561239722	NA	NA
TRINITY_DN5751_c0_g1	0.26074789411925	0.999155368198447	NA
TRINITY_DN5752_c0_g1	-2.52402293059627	NA	NA
TRINITY_DN5753_c0_g1	0.595941052781856	NA	NA
TRINITY_DN5753_c0_g1	0.595941052781856	NA	NA
TRINITY_DN5754_c0_g1	1.40037437948449	NA	NA
TRINITY_DN5757_c0_g1	1.70213206840539	NA	NA
TRINITY_DN5758_c0_g1	1.73367036119414	NA	NA
TRINITY_DN576_c0_g1	0.818045086825578	0.999155368198447	NA
TRINITY_DN576_c0_g1	0.818045086825578	0.999155368198447	NA
TRINITY_DN5762_c0_g1	-1.45746470731771	NA	NA
TRINITY_DN5764_c0_g1	-2.84883177347973	NA	NA
TRINITY_DN5765_c0_g1	-0.0874311933633827	0.999155368198447	NA
TRINITY_DN5766_c0_g1	0.0844854991641763	NA	NA
TRINITY_DN5767_c0_g1	-2.11003274646845	NA	NA
TRINITY_DN5769_c0_g1	0.142186766123102	NA	NA
TRINITY_DN5769_c0_g2	1.22634519395407	NA	NA
TRINITY_DN577_c0_g1	-2.0820654605803	0.69242418978957	NA
TRINITY_DN577_c0_g1	-2.0820654605803	0.69242418978957	NA
TRINITY_DN577_c0_g2	0.214815756195045	0.999155368198447	NA
TRINITY_DN577_c0_g2	0.214815756195045	0.999155368198447	NA
TRINITY_DN577_c0_g2	0.214815756195045	0.999155368198447	NA
TRINITY_DN577_c0_g2	0.214815756195045	0.999155368198447	NA
TRINITY_DN577_c0_g2	0.214815756195045	0.999155368198447	NA
TRINITY_DN577_c0_g2	0.214815756195045	0.999155368198447	NA
TRINITY_DN577_c0_g2	0.214815756195045	0.999155368198447	NA
TRINITY_DN5771_c0_g1	-1.99987284096263	NA	NA
TRINITY_DN5772_c0_g2	-0.48782058396385	NA	NA
TRINITY_DN5773_c0_g1	-1.52237678933332	NA	NA
TRINITY_DN5776_c0_g1	1.24757094993937	NA	NA
TRINITY_DN5777_c0_g1	-2.08983781457631	NA	NA
TRINITY_DN5777_c0_g2	-0.559815841613309	NA	NA
TRINITY_DN578_c0_g1	-0.84387886223987	NA	NA
TRINITY_DN578_c0_g1	-0.84387886223987	NA	NA
TRINITY_DN5781_c0_g1	-0.768614095511196	NA	NA
TRINITY_DN5781_c0_g2	2.13941163509635	NA	NA
TRINITY_DN5782_c0_g1	-2.06598694915011	NA	NA
TRINITY_DN5787_c0_g1	-2.50829056031268	NA	NA
TRINITY_DN5787_c0_g2	1.80950231271155	NA	NA
TRINITY_DN5788_c0_g1	-1.51408937232975	NA	NA
TRINITY_DN5789_c0_g1	1.69147582802141	NA	NA
TRINITY_DN5789_c0_g2	2.83559666799548	NA	NA
TRINITY_DN579_c0_g1	1.18942845385318	NA	NA
TRINITY_DN579_c0_g2	0.0160349197411233	NA	NA
TRINITY_DN5790_c0_g1	-0.235556882523451	NA	NA
TRINITY_DN5791_c0_g1	-2.12599672253002	NA	NA
TRINITY_DN5792_c0_g1	0.184065596063234	NA	NA
TRINITY_DN5794_c0_g1	-1.46076895301121	NA	NA
TRINITY_DN5796_c0_g1	3.35463307034563	NA	NA
TRINITY_DN5796_c0_g1	3.35463307034563	NA	NA
TRINITY_DN5796_c1_g1	0.849162420992194	0.999155368198447	NA
TRINITY_DN5796_c2_g1	1.13284736729106	NA	NA
TRINITY_DN5797_c0_g1	2.80941590716106	NA	NA
TRINITY_DN5798_c0_g1	-1.52327122585799	NA	NA
TRINITY_DN58_c0_g1	-0.0324760454943597	0.999155368198447	NA
TRINITY_DN580_c0_g1	0.0126112792388588	0.999155368198447	NA
TRINITY_DN580_c0_g1	0.0126112792388588	0.999155368198447	NA
TRINITY_DN580_c0_g2	-1.82194516813711	0.721939793464008	NA
TRINITY_DN580_c0_g2	-1.82194516813711	0.721939793464008	NA
TRINITY_DN580_c0_g3	-0.0503414863710607	NA	NA
TRINITY_DN5800_c0_g1	1.571188705958	NA	NA
TRINITY_DN5801_c0_g1	1.04156098318099	NA	NA
TRINITY_DN5804_c0_g1	1.1200365479474	NA	NA
TRINITY_DN5805_c0_g1	-2.50367883779658	NA	NA
TRINITY_DN5805_c0_g2	-0.0297000272687676	NA	NA
TRINITY_DN5807_c0_g1	0.39979585443707	NA	NA
TRINITY_DN5807_c0_g2	1.11517587887648	NA	NA
TRINITY_DN5809_c0_g1	1.12479582910196	NA	NA
TRINITY_DN581_c0_g1	-0.0973866393265035	0.999155368198447	NA
TRINITY_DN581_c0_g1	-0.0973866393265035	0.999155368198447	NA
TRINITY_DN581_c0_g1	-0.0973866393265035	0.999155368198447	NA
TRINITY_DN581_c0_g1	-0.0973866393265035	0.999155368198447	NA
TRINITY_DN581_c0_g2	1.10279657285251	NA	NA
TRINITY_DN5811_c0_g1	-1.75854031015274	NA	NA
TRINITY_DN5811_c0_g2	1.050063433477	NA	NA
TRINITY_DN5815_c0_g1	-0.502205784527495	NA	NA
TRINITY_DN5816_c0_g1	2.44725580814198	NA	NA
TRINITY_DN5816_c0_g2	-0.183921716169038	NA	NA
TRINITY_DN5818_c0_g1	0.997526753167801	NA	NA
TRINITY_DN5818_c0_g2	-0.417929465054317	NA	NA
TRINITY_DN5819_c0_g1	-0.52945992548676	NA	NA
TRINITY_DN582_c0_g1	1.40436071806434	NA	NA
TRINITY_DN582_c0_g2	-1.44327904090879	NA	NA
TRINITY_DN5820_c0_g1	0.962829459764006	NA	NA
TRINITY_DN5821_c0_g2	0.749975771591517	NA	NA
TRINITY_DN5826_c0_g1	1.72882874445689	NA	NA
TRINITY_DN5826_c0_g2	2.39939609156053	NA	NA
TRINITY_DN5827_c0_g1	-0.502115817220532	0.999155368198447	NA
TRINITY_DN5827_c0_g1	-0.502115817220532	0.999155368198447	NA
TRINITY_DN5829_c0_g1	-1.11878405611396	NA	NA
TRINITY_DN583_c0_g1	1.15130823568929	0.999155368198447	NA
TRINITY_DN583_c0_g1	1.15130823568929	0.999155368198447	NA
TRINITY_DN583_c0_g1	1.15130823568929	0.999155368198447	NA
TRINITY_DN583_c0_g1	1.15130823568929	0.999155368198447	NA
TRINITY_DN5830_c0_g1	-1.45746470731771	NA	NA
TRINITY_DN5832_c0_g1	-0.432781936765235	NA	NA
TRINITY_DN5834_c0_g1	-1.56012812519988	NA	NA
TRINITY_DN5835_c0_g1	-2.04416832926069	NA	NA
TRINITY_DN5837_c0_g1	-0.5301196897033	NA	NA
TRINITY_DN5839_c0_g1	-0.209265884130195	NA	NA
TRINITY_DN584_c0_g1	0.441355999446127	0.999155368198447	NA
TRINITY_DN584_c1_g1	-1.2971360177597	NA	NA
TRINITY_DN584_c2_g1	0.108422845438371	0.999155368198447	NA
TRINITY_DN5840_c0_g1	-1.51408937232975	NA	NA
TRINITY_DN5841_c0_g1	1.12796893910431	NA	NA
TRINITY_DN5843_c0_g1	-0.55769153135205	NA	NA
TRINITY_DN5844_c0_g1	-2.08134676973634	NA	NA
TRINITY_DN5845_c0_g1	-2.09302402147116	NA	NA
TRINITY_DN5846_c0_g1	0.0728544990670728	NA	NA
TRINITY_DN585_c0_g1	-0.895983715628489	0.999155368198447	NA
TRINITY_DN585_c0_g1	-0.895983715628489	0.999155368198447	NA
TRINITY_DN585_c0_g1	-0.895983715628489	0.999155368198447	NA
TRINITY_DN5850_c0_g1	0.406819010940186	NA	NA
TRINITY_DN5852_c0_g1	-2.08265984070383	NA	NA
TRINITY_DN5853_c0_g1	2.80941590716106	NA	NA
TRINITY_DN5855_c0_g1	0.374405016982441	NA	NA
TRINITY_DN5857_c0_g1	1.80950231271155	NA	NA
TRINITY_DN586_c0_g1	2.297863579494	0.494239795061183	NA
TRINITY_DN586_c0_g1	2.297863579494	0.494239795061183	NA
TRINITY_DN586_c0_g1	2.297863579494	0.494239795061183	NA
TRINITY_DN586_c0_g1	2.297863579494	0.494239795061183	NA
TRINITY_DN586_c1_g1	0.791348573319858	0.999155368198447	NA
TRINITY_DN5861_c0_g1	0.189301965466608	NA	NA
TRINITY_DN5861_c0_g2	-2.8637419385562	NA	NA
TRINITY_DN5862_c0_g1	-2.07001809563384	NA	NA
TRINITY_DN5864_c0_g1	0.686256921308124	0.999155368198447	NA
TRINITY_DN5865_c0_g1	1.12275457961984	NA	NA
TRINITY_DN5867_c0_g1	0.711702238315562	NA	NA
TRINITY_DN5867_c0_g2	1.80950231271155	NA	NA
TRINITY_DN587_c0_g1	0.382965955584034	0.999155368198447	NA
TRINITY_DN587_c0_g1	0.382965955584034	0.999155368198447	NA
TRINITY_DN5871_c0_g1	-1.99987284096263	NA	NA
TRINITY_DN5873_c0_g1	-2.12599672253002	NA	NA
TRINITY_DN5874_c0_g1	-0.267107290564391	NA	NA
TRINITY_DN5874_c0_g1	-0.267107290564391	NA	NA
TRINITY_DN5877_c0_g1	0.373119875767262	NA	NA
TRINITY_DN588_c0_g1	1.03185861822279	NA	NA
TRINITY_DN588_c0_g2	-0.1945944077801	NA	NA
TRINITY_DN5882_c0_g1	1.07181267819535	NA	NA
TRINITY_DN5884_c0_g1	0.940475877538422	NA	NA
TRINITY_DN5884_c0_g1	0.940475877538422	NA	NA
TRINITY_DN5886_c0_g1	-0.572387840414371	NA	NA
TRINITY_DN5888_c0_g1	0.187198781938168	NA	NA
TRINITY_DN589_c0_g1	-0.0832080569164357	0.999155368198447	NA
TRINITY_DN589_c0_g1	-0.0832080569164357	0.999155368198447	NA
TRINITY_DN589_c0_g1	-0.0832080569164357	0.999155368198447	NA
TRINITY_DN589_c0_g1	-0.0832080569164357	0.999155368198447	NA
TRINITY_DN589_c0_g1	-0.0832080569164357	0.999155368198447	NA
TRINITY_DN589_c0_g2	-2.50208100779182	NA	NA
TRINITY_DN589_c0_g3	1.67807943900358	NA	NA
TRINITY_DN589_c0_g4	-3.31014877522433	NA	NA
TRINITY_DN589_c1_g1	0.848955539885813	NA	NA
TRINITY_DN5892_c0_g2	2.39433286323856	NA	NA
TRINITY_DN5893_c0_g1	-1.57402822213762	NA	NA
TRINITY_DN5894_c0_g1	-0.273821465835469	0.999155368198447	NA
TRINITY_DN5895_c0_g1	-0.480666274733399	NA	NA
TRINITY_DN5896_c0_g1	-1.50576064523823	NA	NA
TRINITY_DN5899_c0_g1	2.80029029283559	NA	NA
TRINITY_DN59_c0_g1	-0.168354981122699	0.999155368198447	NA
TRINITY_DN59_c0_g1	-0.168354981122699	0.999155368198447	NA
TRINITY_DN59_c0_g1	-0.168354981122699	0.999155368198447	NA
TRINITY_DN590_c0_g1	-0.611701128548345	0.999155368198447	NA
TRINITY_DN590_c0_g1	-0.611701128548345	0.999155368198447	NA
TRINITY_DN590_c0_g1	-0.611701128548345	0.999155368198447	NA
TRINITY_DN590_c0_g2	0.415166228776786	NA	NA
TRINITY_DN5900_c0_g1	0.970228161873295	NA	NA
TRINITY_DN5902_c0_g1	-0.841303746098001	0.999155368198447	NA
TRINITY_DN5902_c0_g1	-0.841303746098001	0.999155368198447	NA
TRINITY_DN5902_c0_g2	0.0633836554886676	0.999155368198447	NA
TRINITY_DN5902_c0_g2	0.0633836554886676	0.999155368198447	NA
TRINITY_DN5908_c0_g1	0.380896245261064	NA	NA
TRINITY_DN591_c0_g1	0.39132010273995	NA	NA
TRINITY_DN5910_c0_g1	3.39071439156289	NA	NA
TRINITY_DN5913_c0_g1	0.966662576305871	NA	NA
TRINITY_DN5913_c0_g2	-2.71105577620099	NA	NA
TRINITY_DN5915_c0_g1	0.417312681500114	NA	NA
TRINITY_DN5915_c0_g2	-1.63794281373704	NA	NA
TRINITY_DN5915_c1_g1	1.07634148361291	NA	NA
TRINITY_DN5916_c0_g1	1.09559870119003	NA	NA
TRINITY_DN5916_c0_g2	1.1253243643184	NA	NA
TRINITY_DN5917_c0_g1	1.70340378321543	NA	NA
TRINITY_DN5918_c0_g1	0.943088884845919	0.999155368198447	NA
TRINITY_DN592_c0_g1	-0.579542873912923	0.999155368198447	NA
TRINITY_DN592_c0_g1	-0.579542873912923	0.999155368198447	NA
TRINITY_DN5921_c0_g1	0.394045437000407	NA	NA
TRINITY_DN5922_c0_g1	-1.50576064523823	NA	NA
TRINITY_DN5923_c0_g1	-1.16128100270217	0.999155368198447	NA
TRINITY_DN5924_c0_g1	0.808223313883166	NA	NA
TRINITY_DN5924_c1_g1	2.14498222786864	NA	NA
TRINITY_DN5925_c0_g1	-0.884771108458438	NA	NA
TRINITY_DN5927_c0_g1	-1.49231876122744	NA	NA
TRINITY_DN5928_c0_g1	0.544029103315309	0.999155368198447	NA
TRINITY_DN5928_c0_g2	2.42595789374025	NA	NA
TRINITY_DN5929_c0_g1	-1.04107860800388	NA	NA
TRINITY_DN5929_c0_g2	2.36386124090623	NA	NA
TRINITY_DN5929_c0_g3	2.39439602029138	NA	NA
TRINITY_DN593_c0_g1	-0.311699270876483	0.999155368198447	NA
TRINITY_DN593_c0_g1	-0.311699270876483	0.999155368198447	NA
TRINITY_DN5931_c0_g1	-0.012673135222378	0.999155368198447	NA
TRINITY_DN5932_c0_g1	0.0108226589791392	NA	NA
TRINITY_DN5932_c0_g2	1.96865122952909	NA	NA
TRINITY_DN5933_c0_g1	-2.09302402147116	NA	NA
TRINITY_DN5934_c0_g1	-0.481116571209629	NA	NA
TRINITY_DN5934_c0_g1	-0.481116571209629	NA	NA
TRINITY_DN5937_c0_g1	-0.192023853574524	NA	NA
TRINITY_DN5937_c0_g2	0.175226032140213	0.999155368198447	NA
TRINITY_DN5938_c0_g1	0.383185142192419	NA	NA
TRINITY_DN5939_c0_g1	0.148484513591081	0.999155368198447	NA
TRINITY_DN5939_c0_g2	0.209429705160895	NA	NA
TRINITY_DN594_c0_g1	1.07274516117915	NA	NA
TRINITY_DN594_c0_g2	-0.465719909279543	0.999155368198447	NA
TRINITY_DN594_c0_g2	-0.465719909279543	0.999155368198447	NA
TRINITY_DN5942_c0_g1	-1.53261572981949	NA	NA
TRINITY_DN5944_c0_g1	-2.07688089968893	NA	NA
TRINITY_DN5945_c0_g1	1.83475109814191	NA	NA
TRINITY_DN5945_c0_g2	0.395845235423213	NA	NA
TRINITY_DN5948_c0_g1	-1.90830987869501	NA	NA
TRINITY_DN5949_c0_g2	0.400910411473973	NA	NA
TRINITY_DN595_c0_g1	-0.588148300428096	0.999155368198447	NA
TRINITY_DN595_c0_g1	-0.588148300428096	0.999155368198447	NA
TRINITY_DN5950_c0_g1	-0.306179508308913	NA	NA
TRINITY_DN5951_c0_g1	1.72116600424237	NA	NA
TRINITY_DN5952_c0_g1	0.427388312781582	NA	NA
TRINITY_DN5954_c0_g1	-0.172747652507823	NA	NA
TRINITY_DN5954_c0_g2	2.54969773354001	NA	NA
TRINITY_DN5955_c0_g1	-2.63617513081453	NA	NA
TRINITY_DN5959_c0_g1	-1.11822089906967	0.999155368198447	NA
TRINITY_DN596_c0_g1	-0.681878583831692	NA	NA
TRINITY_DN596_c0_g1	-0.681878583831692	NA	NA
TRINITY_DN5960_c0_g1	-1.52237678933332	NA	NA
TRINITY_DN5962_c0_g1	0.995897841867761	0.999155368198447	NA
TRINITY_DN5963_c0_g1	-0.199959468969628	NA	NA
TRINITY_DN5963_c0_g2	0.414186460455398	NA	NA
TRINITY_DN5964_c0_g1	-0.632261003703177	NA	NA
TRINITY_DN5964_c0_g2	3.98921626920591	NA	NA
TRINITY_DN5966_c0_g1	2.79865460154008	NA	NA
TRINITY_DN5967_c0_g1	-1.1568779780855	0.999155368198447	NA
TRINITY_DN5968_c0_g1	-2.77300671312648	NA	NA
TRINITY_DN5969_c0_g1	-0.613411940563102	NA	NA
TRINITY_DN5969_c0_g2	-1.51958381486789	NA	NA
TRINITY_DN597_c0_g1	0.0405538420744916	NA	NA
TRINITY_DN597_c0_g1	0.0405538420744916	NA	NA
TRINITY_DN597_c0_g1	0.0405538420744916	NA	NA
TRINITY_DN597_c1_g1	-1.0000706994673	NA	NA
TRINITY_DN5971_c0_g1	-1.51807154720192	NA	NA
TRINITY_DN5971_c0_g2	2.40801211102968	NA	NA
TRINITY_DN5972_c0_g1	-0.847964685645857	0.999155368198447	NA
TRINITY_DN5973_c0_g1	1.01254313774844	NA	NA
TRINITY_DN5974_c0_g1	2.42093258921156	NA	NA
TRINITY_DN5975_c0_g1	3.38133022442837	NA	NA
TRINITY_DN5976_c0_g1	1.05238198487656	NA	NA
TRINITY_DN5977_c0_g2	-1.09985111996567	NA	NA
TRINITY_DN598_c0_g1	0.154094341504376	NA	NA
TRINITY_DN5982_c0_g1	-0.279221543165104	0.999155368198447	NA
TRINITY_DN5982_c0_g1	-0.279221543165104	0.999155368198447	NA
TRINITY_DN5982_c0_g1	-0.279221543165104	0.999155368198447	NA
TRINITY_DN5982_c0_g1	-0.279221543165104	0.999155368198447	NA
TRINITY_DN5984_c0_g1	-1.14749537358855	0.999155368198447	NA
TRINITY_DN5984_c0_g2	0.91450109249574	NA	NA
TRINITY_DN5986_c0_g1	-0.531158373699772	NA	NA
TRINITY_DN5988_c0_g1	-0.579476076029526	NA	NA
TRINITY_DN5988_c0_g2	0.151125951899876	NA	NA
TRINITY_DN5989_c0_g1	0.353686436366233	NA	NA
TRINITY_DN599_c0_g1	-0.337514538283027	0.999155368198447	NA
TRINITY_DN599_c0_g1	-0.337514538283027	0.999155368198447	NA
TRINITY_DN5991_c0_g1	1.70912703294727	NA	NA
TRINITY_DN5991_c0_g2	-0.598173479037712	NA	NA
TRINITY_DN5993_c0_g1	-1.73488182996889	NA	NA
TRINITY_DN5994_c0_g1	-0.603257570638598	NA	NA
TRINITY_DN5995_c0_g1	0.743536690977664	NA	NA
TRINITY_DN5996_c0_g1	-0.176159896261215	NA	NA
TRINITY_DN5997_c0_g1	-0.859012086351877	0.999155368198447	NA
TRINITY_DN5998_c0_g1	-0.0432145968962539	NA	NA
TRINITY_DN5998_c0_g2	-0.701525269907827	0.999155368198447	NA
TRINITY_DN5999_c0_g1	-3.51460789166685	NA	NA
TRINITY_DN6_c0_g1	-0.226602901232564	0.999155368198447	NA
TRINITY_DN6_c0_g1	-0.226602901232564	0.999155368198447	NA
TRINITY_DN6_c0_g1	-0.226602901232564	0.999155368198447	NA
TRINITY_DN6_c0_g1	-0.226602901232564	0.999155368198447	NA
TRINITY_DN6_c0_g1	-0.226602901232564	0.999155368198447	NA
TRINITY_DN6_c0_g2	-1.55386530972029	NA	NA
TRINITY_DN60_c0_g1	-0.454641585688862	0.999155368198447	NA
TRINITY_DN600_c0_g1	-0.693638746053293	NA	NA
TRINITY_DN6000_c0_g1	1.12148295536858	NA	NA
TRINITY_DN6001_c0_g1	0.933507910064509	0.999155368198447	NA
TRINITY_DN6001_c0_g2	-0.175223052650666	NA	NA
TRINITY_DN6002_c0_g1	-3.05418045292168	NA	NA
TRINITY_DN6003_c0_g1	-0.389411054039368	0.999155368198447	NA
TRINITY_DN6003_c0_g2	-0.771758998284872	NA	NA
TRINITY_DN6005_c0_g1	-2.51104269491513	NA	NA
TRINITY_DN6005_c0_g2	-1.47581388782777	NA	NA
TRINITY_DN6006_c0_g1	-0.0449583663089261	NA	NA
TRINITY_DN6007_c0_g1	-1.26092302829564	0.998641406015275	NA
TRINITY_DN6007_c0_g1	-1.26092302829564	0.998641406015275	NA
TRINITY_DN6007_c0_g1	-1.26092302829564	0.998641406015275	NA
TRINITY_DN6007_c0_g1	-1.26092302829564	0.998641406015275	NA
TRINITY_DN6007_c0_g1	-1.26092302829564	0.998641406015275	NA
TRINITY_DN6008_c0_g1	-0.226463024774331	NA	NA
TRINITY_DN6008_c0_g2	0.18054400393521	NA	NA
TRINITY_DN6009_c0_g1	2.21909745371402	NA	NA
TRINITY_DN6009_c0_g2	0.504191498087584	NA	NA
TRINITY_DN601_c0_g1	0.306340434240032	0.999155368198447	NA
TRINITY_DN601_c0_g1	0.306340434240032	0.999155368198447	NA
TRINITY_DN6012_c0_g1	1.86008621251346	NA	NA
TRINITY_DN6014_c0_g1	-0.628327001358098	NA	NA
TRINITY_DN6014_c0_g2	-0.514284666332648	NA	NA
TRINITY_DN6015_c0_g1	-0.840938376291171	0.999155368198447	NA
TRINITY_DN6016_c0_g1	2.71832136623368	NA	NA
TRINITY_DN6017_c0_g1	-0.77330633228955	NA	NA
TRINITY_DN6018_c0_g1	0.20053055525213	NA	NA
TRINITY_DN602_c0_g1	-1.31598435071444	NA	NA
TRINITY_DN602_c0_g1	-1.31598435071444	NA	NA
TRINITY_DN602_c0_g1	-1.31598435071444	NA	NA
TRINITY_DN6020_c0_g1	-1.50576064523823	NA	NA
TRINITY_DN6022_c0_g1	-0.407273442680242	0.999155368198447	NA
TRINITY_DN6024_c0_g1	-0.216466515079398	0.999155368198447	NA
TRINITY_DN6024_c0_g1	-0.216466515079398	0.999155368198447	NA
TRINITY_DN6024_c0_g1	-0.216466515079398	0.999155368198447	NA
TRINITY_DN6026_c0_g1	0.37413325554719	NA	NA
TRINITY_DN6028_c0_g1	-0.661099564586924	NA	NA
TRINITY_DN6028_c0_g1	-0.661099564586924	NA	NA
TRINITY_DN6028_c0_g2	-0.309634497775519	0.999155368198447	NA
TRINITY_DN6028_c0_g2	-0.309634497775519	0.999155368198447	NA
TRINITY_DN6028_c0_g2	-0.309634497775519	0.999155368198447	NA
TRINITY_DN6028_c0_g2	-0.309634497775519	0.999155368198447	NA
TRINITY_DN6028_c0_g3	-2.69893141593598	0.48480237489102	NA
TRINITY_DN6028_c0_g3	-2.69893141593598	0.48480237489102	NA
TRINITY_DN6028_c1_g1	1.08938096882162	NA	NA
TRINITY_DN6028_c2_g1	-2.60064960771203	NA	NA
TRINITY_DN6029_c0_g1	-2.0835976533143	NA	NA
TRINITY_DN6029_c0_g2	0.402281225985875	NA	NA
TRINITY_DN603_c0_g1	-0.892332131480967	NA	NA
TRINITY_DN603_c0_g2	-0.211181184267248	0.999155368198447	NA
TRINITY_DN6030_c0_g1	2.78505272165693	NA	NA
TRINITY_DN6034_c0_g1	1.80950231271155	NA	NA
TRINITY_DN6035_c0_g2	-0.196858183450574	NA	NA
TRINITY_DN6036_c0_g2	-0.590359640494501	NA	NA
TRINITY_DN6037_c0_g1	-0.674590953497108	NA	NA
TRINITY_DN6037_c0_g1	-0.674590953497108	NA	NA
TRINITY_DN6038_c0_g1	-0.523731437978136	NA	NA
TRINITY_DN6038_c0_g2	2.69093659803405	NA	NA
TRINITY_DN6039_c0_g1	-0.461677405911446	NA	NA
TRINITY_DN6039_c0_g2	-3.00979768643366	NA	NA
TRINITY_DN604_c0_g1	-0.228894535645705	0.999155368198447	NA
TRINITY_DN6041_c0_g1	2.11235817985864	NA	NA
TRINITY_DN6042_c0_g1	1.78579676195419	NA	NA
TRINITY_DN6042_c0_g2	-1.82536177123772	NA	NA
TRINITY_DN6043_c0_g1	-0.613221311877944	NA	NA
TRINITY_DN6044_c0_g1	-0.832145204267752	NA	NA
TRINITY_DN6045_c0_g1	-1.14802869385089	NA	NA
TRINITY_DN6045_c0_g2	2.42444263428835	NA	NA
TRINITY_DN6046_c0_g1	2.79879425705817	NA	NA
TRINITY_DN6046_c0_g2	0.195555037725624	NA	NA
TRINITY_DN6047_c0_g1	-1.55850843707991	NA	NA
TRINITY_DN6049_c0_g1	0.966704395741699	NA	NA
TRINITY_DN605_c0_g1	-0.0712235124950603	0.999155368198447	NA
TRINITY_DN605_c0_g1	-0.0712235124950603	0.999155368198447	NA
TRINITY_DN6051_c0_g1	-2.52779766315281	NA	NA
TRINITY_DN6052_c0_g1	-2.65914210438315	NA	NA
TRINITY_DN6052_c0_g2	-2.4980351424294	NA	NA
TRINITY_DN6053_c0_g1	-0.597427045428483	NA	NA
TRINITY_DN6054_c0_g1	-0.573454093487348	NA	NA
TRINITY_DN6055_c0_g1	-1.84185482921858	NA	NA
TRINITY_DN6056_c0_g1	2.37836147100344	NA	NA
TRINITY_DN6059_c0_g1	-0.609156274650799	NA	NA
TRINITY_DN606_c0_g1	0.63653074212632	0.999155368198447	NA
TRINITY_DN606_c0_g1	0.63653074212632	0.999155368198447	NA
TRINITY_DN6060_c0_g1	-0.386807279559217	NA	NA
TRINITY_DN6061_c0_g1	-1.08527855324766	NA	NA
TRINITY_DN6061_c0_g2	-0.290131335396578	NA	NA
TRINITY_DN6062_c0_g1	1.09816993093273	NA	NA
TRINITY_DN6065_c0_g1	2.41808859651872	NA	NA
TRINITY_DN6065_c0_g2	-0.42813083379154	NA	NA
TRINITY_DN6066_c0_g1	0.781952813688631	0.999155368198447	NA
TRINITY_DN6066_c0_g1	0.781952813688631	0.999155368198447	NA
TRINITY_DN6067_c0_g1	1.07779905041731	NA	NA
TRINITY_DN6068_c0_g1	0.841352974882666	NA	NA
TRINITY_DN6069_c0_g1	-0.74499459463428	0.999155368198447	NA
TRINITY_DN6069_c0_g1	-0.74499459463428	0.999155368198447	NA
TRINITY_DN607_c0_g1	1.59737284337289	NA	NA
TRINITY_DN6070_c0_g1	1.96828110482658	NA	NA
TRINITY_DN6071_c0_g1	-2.08134676973634	NA	NA
TRINITY_DN6072_c0_g1	1.98145146307122	NA	NA
TRINITY_DN6072_c0_g2	1.69476241741038	NA	NA
TRINITY_DN6075_c0_g1	-3.05501024484697	NA	NA
TRINITY_DN6076_c0_g1	-0.959347827415559	NA	NA
TRINITY_DN6077_c0_g1	-2.7880161186191	NA	NA
TRINITY_DN6078_c0_g1	0.0212851350339551	NA	NA
TRINITY_DN6078_c0_g2	0.385661378519463	NA	NA
TRINITY_DN608_c0_g1	-0.00219490554639879	0.999155368198447	NA
TRINITY_DN6081_c0_g1	0.802268421084023	NA	NA
TRINITY_DN6081_c0_g2	-0.754957501400275	NA	NA
TRINITY_DN6082_c0_g1	-1.51284396549415	NA	NA
TRINITY_DN6082_c0_g2	-0.768614095511196	NA	NA
TRINITY_DN6082_c0_g3	-2.50703658854574	NA	NA
TRINITY_DN6083_c0_g1	-3.32813740713843	NA	NA
TRINITY_DN6085_c0_g1	1.08693295085802	NA	NA
TRINITY_DN6086_c0_g1	-1.45746470731771	NA	NA
TRINITY_DN6087_c0_g1	-0.479587983681132	NA	NA
TRINITY_DN6087_c0_g2	0.226509605516966	NA	NA
TRINITY_DN6088_c0_g1	-0.482793829086129	NA	NA
TRINITY_DN6088_c0_g2	-4.18637156800379	NA	NA
TRINITY_DN6089_c0_g1	0.0174443530648563	NA	NA
TRINITY_DN609_c0_g1	-1.18166390251365	NA	NA
TRINITY_DN6090_c0_g1	-2.97288347990083	NA	NA
TRINITY_DN6090_c0_g2	1.09328359270151	NA	NA
TRINITY_DN6091_c0_g1	0.391752155950476	NA	NA
TRINITY_DN6093_c0_g1	-1.11590877243251	NA	NA
TRINITY_DN6094_c0_g1	1.86008621251346	NA	NA
TRINITY_DN6097_c0_g1	-2.10742428908532	NA	NA
TRINITY_DN6099_c0_g1	-1.51408937232975	NA	NA
TRINITY_DN6099_c0_g2	0.30504779275104	NA	NA
TRINITY_DN61_c0_g1	-0.241665997192669	0.999155368198447	NA
TRINITY_DN61_c0_g1	-0.241665997192669	0.999155368198447	NA
TRINITY_DN61_c0_g1	-0.241665997192669	0.999155368198447	NA
TRINITY_DN610_c0_g1	0.137321587731197	0.999155368198447	NA
TRINITY_DN610_c0_g1	0.137321587731197	0.999155368198447	NA
TRINITY_DN610_c0_g1	0.137321587731197	0.999155368198447	NA
TRINITY_DN610_c0_g1	0.137321587731197	0.999155368198447	NA
TRINITY_DN610_c0_g1	0.137321587731197	0.999155368198447	NA
TRINITY_DN610_c0_g1	0.137321587731197	0.999155368198447	NA
TRINITY_DN6101_c0_g1	-0.249485824912401	0.999155368198447	NA
TRINITY_DN6101_c0_g1	-0.249485824912401	0.999155368198447	NA
TRINITY_DN6102_c0_g1	1.41489786616999	NA	NA
TRINITY_DN6103_c0_g1	-2.30692287154106	NA	NA
TRINITY_DN6104_c0_g1	-1.55377454848951	NA	NA
TRINITY_DN6105_c0_g1	-0.579541135184108	NA	NA
TRINITY_DN6107_c0_g1	0.160723485398125	0.999155368198447	NA
TRINITY_DN6107_c0_g2	0.411412411420304	NA	NA
TRINITY_DN6108_c0_g1	1.68815049151253	NA	NA
TRINITY_DN6108_c0_g2	0.727371481669263	NA	NA
TRINITY_DN6109_c0_g1	-0.629316567830436	NA	NA
TRINITY_DN611_c0_g1	-0.101551017992929	NA	NA
TRINITY_DN611_c0_g1	-0.101551017992929	NA	NA
TRINITY_DN6110_c0_g1	-1.95435706414847	NA	NA
TRINITY_DN6110_c0_g2	0.536432184823051	NA	NA
TRINITY_DN6111_c0_g1	-2.78908733227397	NA	NA
TRINITY_DN6113_c0_g1	0.36469331574533	NA	NA
TRINITY_DN6115_c0_g1	-0.514457233898721	NA	NA
TRINITY_DN6115_c0_g2	-2.08209065102054	NA	NA
TRINITY_DN6116_c0_g2	-2.48836660603344	NA	NA
TRINITY_DN6118_c0_g1	-0.150814566634658	NA	NA
TRINITY_DN612_c0_g1	0.442305425574679	0.999155368198447	NA
TRINITY_DN612_c0_g1	0.442305425574679	0.999155368198447	NA
TRINITY_DN612_c0_g2	0.279852184844313	0.999155368198447	NA
TRINITY_DN612_c0_g2	0.279852184844313	0.999155368198447	NA
TRINITY_DN612_c0_g3	2.69740988674032	NA	NA
TRINITY_DN6120_c0_g1	0.937376105734128	NA	NA
TRINITY_DN6122_c0_g1	-0.0916132374054762	0.999155368198447	NA
TRINITY_DN6123_c0_g1	1.72899596161164	NA	NA
TRINITY_DN6127_c1_g1	-2.06992467557618	NA	NA
TRINITY_DN613_c0_g1	-0.179000191729187	0.999155368198447	NA
TRINITY_DN613_c0_g1	-0.179000191729187	0.999155368198447	NA
TRINITY_DN613_c0_g1	-0.179000191729187	0.999155368198447	NA
TRINITY_DN6136_c0_g1	-1.47331483823321	NA	NA
TRINITY_DN6136_c0_g2	2.34479942720385	NA	NA
TRINITY_DN6137_c0_g1	-2.09990979656512	NA	NA
TRINITY_DN6138_c0_g1	-0.603839992263875	NA	NA
TRINITY_DN6139_c0_g1	2.4048620947954	NA	NA
TRINITY_DN614_c0_g1	-0.550988525320463	NA	NA
TRINITY_DN6140_c0_g1	-2.08202986738293	NA	NA
TRINITY_DN6141_c0_g1	1.86008621251346	NA	NA
TRINITY_DN6144_c0_g1	1.76208259853803	NA	NA
TRINITY_DN6145_c0_g1	-0.17044213431184	NA	NA
TRINITY_DN6146_c0_g1	-0.182474099626671	NA	NA
TRINITY_DN6148_c0_g1	-1.50576064523823	NA	NA
TRINITY_DN6149_c0_g1	-2.06576119837661	NA	NA
TRINITY_DN615_c0_g1	-2.16358510468297	0.579315901196181	NA
TRINITY_DN615_c0_g1	-2.16358510468297	0.579315901196181	NA
TRINITY_DN6150_c0_g1	-0.884771716889748	0.999155368198447	NA
TRINITY_DN6151_c0_g1	1.63010041934612	NA	NA
TRINITY_DN6152_c0_g1	0.935805246149204	NA	NA
TRINITY_DN6154_c0_g1	1.08790855317238	NA	NA
TRINITY_DN6154_c0_g2	3.14911724493973	NA	NA
TRINITY_DN6155_c0_g1	-2.50829056031268	NA	NA
TRINITY_DN6156_c0_g1	-1.99987284096263	NA	NA
TRINITY_DN6159_c0_g1	0.937465786096111	NA	NA
TRINITY_DN616_c0_g1	2.01046755693691	NA	NA
TRINITY_DN6160_c0_g1	-1.50576064523823	NA	NA
TRINITY_DN6161_c0_g1	-1.49610034476178	NA	NA
TRINITY_DN6164_c0_g1	1.04900067120326	NA	NA
TRINITY_DN6164_c0_g2	1.10035593578109	NA	NA
TRINITY_DN6166_c0_g1	1.69647688559325	NA	NA
TRINITY_DN6169_c0_g1	-1.08003684426241	NA	NA
TRINITY_DN6169_c0_g2	0.194184970571387	NA	NA
TRINITY_DN617_c0_g1	0.674537351618303	NA	NA
TRINITY_DN6171_c0_g1	1.99991323770469	NA	NA
TRINITY_DN6172_c0_g1	1.97684329472521	NA	NA
TRINITY_DN6173_c0_g1	1.99338714690152	NA	NA
TRINITY_DN6175_c0_g1	1.08037006506106	NA	NA
TRINITY_DN6176_c0_g1	-0.589855425491131	NA	NA
TRINITY_DN6178_c0_g1	-1.09550585564355	NA	NA
TRINITY_DN6179_c0_g1	-0.487235444120152	NA	NA
TRINITY_DN6179_c0_g2	2.78482104370633	NA	NA
TRINITY_DN618_c0_g1	-0.42878317761937	NA	NA
TRINITY_DN618_c0_g2	1.70294195325677	NA	NA
TRINITY_DN6180_c0_g1	2.38949115038854	NA	NA
TRINITY_DN6181_c0_g1	-0.542388274058026	NA	NA
TRINITY_DN6181_c0_g2	0.194322528905908	NA	NA
TRINITY_DN6182_c0_g1	-2.84248026546642	NA	NA
TRINITY_DN6182_c0_g2	1.66426704317522	NA	NA
TRINITY_DN6182_c1_g1	1.67255526461265	NA	NA
TRINITY_DN6184_c0_g1	-0.803229829937685	NA	NA
TRINITY_DN6187_c0_g1	-0.445852710826952	NA	NA
TRINITY_DN6187_c0_g2	-1.21936504484517	NA	NA
TRINITY_DN6188_c0_g1	-3.38985761968254	0.49499834150489	NA
TRINITY_DN6189_c0_g1	-3.51468421974348	NA	NA
TRINITY_DN619_c0_g1	0.1618455584845	0.999155368198447	NA
TRINITY_DN619_c0_g1	0.1618455584845	0.999155368198447	NA
TRINITY_DN6190_c0_g1	1.659585674579	NA	NA
TRINITY_DN6190_c0_g2	-1.17230741146251	NA	NA
TRINITY_DN6191_c0_g1	0.657179618887397	NA	NA
TRINITY_DN6192_c0_g1	2.40378477567335	NA	NA
TRINITY_DN6195_c0_g1	-0.0754852623778885	NA	NA
TRINITY_DN6195_c0_g1	-0.0754852623778885	NA	NA
TRINITY_DN6196_c0_g1	-0.0384287039418018	NA	NA
TRINITY_DN6197_c0_g1	-2.82476480485169	NA	NA
TRINITY_DN6197_c0_g2	0.709765507736929	NA	NA
TRINITY_DN6198_c0_g1	0.616851408015865	NA	NA
TRINITY_DN6199_c0_g1	0.793829917962928	NA	NA
TRINITY_DN62_c0_g1	-0.503969984515298	0.999155368198447	NA
TRINITY_DN62_c1_g1	-1.88652382631339	0.999155368198447	NA
TRINITY_DN62_c1_g1	-1.88652382631339	0.999155368198447	NA
TRINITY_DN62_c1_g1	-1.88652382631339	0.999155368198447	NA
TRINITY_DN62_c2_g1	-0.288092868307219	NA	NA
TRINITY_DN62_c2_g2	-2.67632401291215	NA	NA
TRINITY_DN620_c0_g1	-4.01176450687054	NA	NA
TRINITY_DN620_c0_g1	-4.01176450687054	NA	NA
TRINITY_DN6203_c0_g1	0.346454862152196	NA	NA
TRINITY_DN6205_c0_g1	-0.971943086839111	0.999155368198447	NA
TRINITY_DN6207_c0_g1	-3.28003580208006	NA	NA
TRINITY_DN6209_c0_g1	-1.50576064523823	NA	NA
TRINITY_DN621_c0_g1	-0.87320134476757	0.999155368198447	NA
TRINITY_DN621_c0_g1	-0.87320134476757	0.999155368198447	NA
TRINITY_DN621_c0_g1	-0.87320134476757	0.999155368198447	NA
TRINITY_DN6211_c0_g1	-2.02972688285298	NA	NA
TRINITY_DN6211_c0_g2	-0.398525840494211	NA	NA
TRINITY_DN6211_c0_g3	2.92385503367848	NA	NA
TRINITY_DN6212_c0_g1	-0.768614095511196	NA	NA
TRINITY_DN6212_c0_g2	1.08050721520824	NA	NA
TRINITY_DN6212_c0_g2	1.08050721520824	NA	NA
TRINITY_DN6213_c0_g1	2.78504264068555	NA	NA
TRINITY_DN6214_c0_g1	-0.483578202585384	NA	NA
TRINITY_DN6216_c0_g1	-1.49567243793613	NA	NA
TRINITY_DN6217_c0_g1	-0.249998738282942	0.999155368198447	NA
TRINITY_DN6217_c0_g2	1.78599650255065	NA	NA
TRINITY_DN6218_c0_g1	-2.0574587280798	NA	NA
TRINITY_DN622_c0_g1	2.14216216671849	NA	NA
TRINITY_DN6220_c0_g2	2.37713577504414	NA	NA
TRINITY_DN6223_c0_g1	-0.210199519514449	NA	NA
TRINITY_DN6224_c0_g1	-2.50573659784038	NA	NA
TRINITY_DN6224_c0_g2	-1.08450882372205	NA	NA
TRINITY_DN6226_c0_g1	-0.21033354604371	NA	NA
TRINITY_DN6227_c0_g1	1.6905536523621	NA	NA
TRINITY_DN6227_c0_g2	1.76208259853803	NA	NA
TRINITY_DN6228_c0_g1	-2.41340458201845	NA	NA
TRINITY_DN6229_c0_g1	-0.574138612840819	NA	NA
TRINITY_DN6229_c0_g2	-2.10643522564526	NA	NA
TRINITY_DN623_c0_g1	-1.99987284096263	NA	NA
TRINITY_DN623_c0_g2	-0.587991445845882	0.999155368198447	NA
TRINITY_DN6230_c0_g1	-0.537379719492731	NA	NA
TRINITY_DN6232_c0_g2	-0.544633817952155	NA	NA
TRINITY_DN6234_c0_g1	1.38504316465057	NA	NA
TRINITY_DN6235_c0_g1	-0.136460364180679	0.999155368198447	NA
TRINITY_DN6235_c0_g1	-0.136460364180679	0.999155368198447	NA
TRINITY_DN6236_c0_g1	3.60915461074078	NA	NA
TRINITY_DN6236_c0_g1	3.60915461074078	NA	NA
TRINITY_DN6238_c0_g1	0.91450109249574	NA	NA
TRINITY_DN6238_c0_g2	-1.99987284096263	NA	NA
TRINITY_DN6239_c0_g1	-2.09302402147116	NA	NA
TRINITY_DN6239_c0_g2	0.193084510632169	NA	NA
TRINITY_DN624_c0_g1	0.705748362797138	NA	NA
TRINITY_DN6240_c0_g1	0.94448543925968	NA	NA
TRINITY_DN6241_c0_g1	0.91450109249574	NA	NA
TRINITY_DN6241_c0_g2	2.90838273377797	NA	NA
TRINITY_DN6246_c0_g1	0.983875291446224	NA	NA
TRINITY_DN6248_c0_g1	-1.04555333512724	NA	NA
TRINITY_DN6249_c0_g1	-3.2950337916028	NA	NA
TRINITY_DN6249_c0_g2	2.42204748873752	NA	NA
TRINITY_DN625_c0_g1	0.949666537392949	0.999155368198447	NA
TRINITY_DN625_c0_g1	0.949666537392949	0.999155368198447	NA
TRINITY_DN625_c0_g1	0.949666537392949	0.999155368198447	NA
TRINITY_DN6251_c0_g1	-2.84516450730446	NA	NA
TRINITY_DN6251_c0_g2	2.42537064344425	NA	NA
TRINITY_DN6253_c0_g1	-1.56070789364699	NA	NA
TRINITY_DN6254_c0_g1	-0.251532537397709	NA	NA
TRINITY_DN6256_c0_g1	0.333401224411579	NA	NA
TRINITY_DN6256_c0_g2	2.08156646235742	NA	NA
TRINITY_DN6257_c0_g1	0.95242835073083	NA	NA
TRINITY_DN6257_c0_g3	0.948870260223988	NA	NA
TRINITY_DN6258_c0_g1	1.12835929920604	NA	NA
TRINITY_DN6259_c0_g1	2.05898841752444	NA	NA
TRINITY_DN626_c0_g1	0.156859949911516	0.999155368198447	NA
TRINITY_DN6263_c0_g1	-0.302886303972272	NA	NA
TRINITY_DN6263_c0_g1	-0.302886303972272	NA	NA
TRINITY_DN6264_c0_g1	-1.14131156091604	NA	NA
TRINITY_DN6267_c0_g1	3.12919855404517	NA	NA
TRINITY_DN6268_c0_g1	1.12764863769207	NA	NA
TRINITY_DN6268_c0_g2	1.06023331657316	NA	NA
TRINITY_DN6269_c0_g1	0.332991787146248	NA	NA
TRINITY_DN627_c0_g1	-0.681914161608109	0.999155368198447	NA
TRINITY_DN627_c0_g1	-0.681914161608109	0.999155368198447	NA
TRINITY_DN6270_c0_g1	-1.15471216498201	0.999155368198447	NA
TRINITY_DN6272_c0_g1	-0.213739208769255	NA	NA
TRINITY_DN6272_c0_g2	0.248061662885747	NA	NA
TRINITY_DN6275_c0_g1	0.743401078817717	NA	NA
TRINITY_DN6275_c0_g2	-3.09340080949283	NA	NA
TRINITY_DN6278_c0_g1	0.247570034860295	0.999155368198447	NA
TRINITY_DN6279_c0_g1	-1.13606264903839	NA	NA
TRINITY_DN6279_c0_g2	-1.40586930702584	NA	NA
TRINITY_DN628_c0_g1	1.63551205235475	0.999155368198447	NA
TRINITY_DN628_c0_g1	1.63551205235475	0.999155368198447	NA
TRINITY_DN6280_c0_g1	-1.1747574835081	NA	NA
TRINITY_DN6282_c0_g1	0.311940601504192	NA	NA
TRINITY_DN6283_c0_g1	0.341972927812936	NA	NA
TRINITY_DN6284_c0_g1	-2.52264900857118	NA	NA
TRINITY_DN6285_c0_g1	3.18486576126646	NA	NA
TRINITY_DN6285_c0_g2	-1.15958204526225	NA	NA
TRINITY_DN6286_c0_g1	0.454982372578205	NA	NA
TRINITY_DN6286_c0_g2	2.86279211382665	NA	NA
TRINITY_DN6287_c0_g1	-1.52237678933332	NA	NA
TRINITY_DN6288_c0_g1	0.188135796114593	NA	NA
TRINITY_DN629_c0_g1	-2.35673023643641	NA	NA
TRINITY_DN6290_c0_g1	1.67365463141976	NA	NA
TRINITY_DN6292_c0_g1	-0.181285199578055	NA	NA
TRINITY_DN6293_c0_g1	1.80950231271155	NA	NA
TRINITY_DN6294_c0_g1	-1.51408937232975	NA	NA
TRINITY_DN6295_c0_g1	-3.45495290775146	NA	NA
TRINITY_DN6296_c0_g1	1.36930344979692	NA	NA
TRINITY_DN63_c0_g1	-0.133213005600696	0.999155368198447	NA
TRINITY_DN63_c0_g1	-0.133213005600696	0.999155368198447	NA
TRINITY_DN63_c0_g1	-0.133213005600696	0.999155368198447	NA
TRINITY_DN63_c0_g1	-0.133213005600696	0.999155368198447	NA
TRINITY_DN63_c0_g1	-0.133213005600696	0.999155368198447	NA
TRINITY_DN63_c0_g1	-0.133213005600696	0.999155368198447	NA
TRINITY_DN63_c0_g1	-0.133213005600696	0.999155368198447	NA
TRINITY_DN63_c0_g2	-1.02492047454395	NA	NA
TRINITY_DN63_c0_g4	0.358784029412453	0.999155368198447	NA
TRINITY_DN63_c1_g1	-5.05073739764139	0.167406331503835	NA
TRINITY_DN63_c1_g1	-5.05073739764139	0.167406331503835	NA
TRINITY_DN63_c1_g1	-5.05073739764139	0.167406331503835	NA
TRINITY_DN63_c1_g1	-5.05073739764139	0.167406331503835	NA
TRINITY_DN63_c1_g2	0.971324688800811	NA	NA
TRINITY_DN63_c1_g2	0.971324688800811	NA	NA
TRINITY_DN63_c1_g3	-1.37261613163523	0.999155368198447	NA
TRINITY_DN63_c2_g1	-2.62335237968453	NA	NA
TRINITY_DN630_c0_g1	1.75906709150316	0.999155368198447	NA
TRINITY_DN630_c0_g1	1.75906709150316	0.999155368198447	NA
TRINITY_DN630_c0_g1	1.75906709150316	0.999155368198447	NA
TRINITY_DN630_c0_g1	1.75906709150316	0.999155368198447	NA
TRINITY_DN630_c0_g1	1.75906709150316	0.999155368198447	NA
TRINITY_DN6300_c0_g1	-0.133600101500295	NA	NA
TRINITY_DN6300_c0_g2	-1.16674095924843	NA	NA
TRINITY_DN6302_c0_g1	-0.357021585200015	0.999155368198447	NA
TRINITY_DN6302_c0_g1	-0.357021585200015	0.999155368198447	NA
TRINITY_DN6309_c0_g1	0.983513696869844	NA	NA
TRINITY_DN631_c0_g1	-0.264816146234045	0.999155368198447	NA
TRINITY_DN631_c0_g1	-0.264816146234045	0.999155368198447	NA
TRINITY_DN6310_c0_g1	0.0406911697116668	NA	NA
TRINITY_DN6311_c0_g1	-0.505708540529546	NA	NA
TRINITY_DN6312_c0_g1	1.08844207778984	NA	NA
TRINITY_DN6313_c0_g1	2.07784379832119	NA	NA
TRINITY_DN6315_c0_g1	1.07269984372422	NA	NA
TRINITY_DN6315_c0_g1	1.07269984372422	NA	NA
TRINITY_DN6315_c0_g2	-0.99591125661892	NA	NA
TRINITY_DN6316_c0_g1	2.8041475218276	NA	NA
TRINITY_DN6317_c0_g1	-1.13090085524768	NA	NA
TRINITY_DN6318_c0_g1	-2.50207927308404	NA	NA
TRINITY_DN6319_c0_g1	-0.178824834463413	NA	NA
TRINITY_DN632_c0_g1	-0.0170769273605662	0.999155368198447	NA
TRINITY_DN632_c0_g1	-0.0170769273605662	0.999155368198447	NA
TRINITY_DN6320_c0_g1	2.83559947479702	NA	NA
TRINITY_DN6323_c0_g1	-1.39033085321397	NA	NA
TRINITY_DN6323_c0_g2	0.203133170243296	NA	NA
TRINITY_DN6325_c0_g1	-1.50576064523823	NA	NA
TRINITY_DN6325_c0_g2	0.384204250222037	NA	NA
TRINITY_DN6327_c0_g1	0.722169656549824	NA	NA
TRINITY_DN6328_c0_g1	2.42015736905152	NA	NA
TRINITY_DN6329_c0_g1	2.11822706867242	NA	NA
TRINITY_DN6329_c0_g2	2.3955206955769	NA	NA
TRINITY_DN633_c0_g1	-0.28478206902577	0.999155368198447	NA
TRINITY_DN6331_c0_g1	0.914501092495741	NA	NA
TRINITY_DN6331_c0_g2	-2.41340458201845	NA	NA
TRINITY_DN6334_c0_g1	-0.740745602182194	NA	NA
TRINITY_DN6334_c0_g1	-0.740745602182194	NA	NA
TRINITY_DN6335_c0_g1	3.40264567015197	NA	NA
TRINITY_DN6335_c1_g1	0.839749311456878	NA	NA
TRINITY_DN6336_c0_g1	1.80950231271155	NA	NA
TRINITY_DN6337_c0_g1	-2.48031312010987	NA	NA
TRINITY_DN6339_c0_g1	-1.07753347484304	NA	NA
TRINITY_DN634_c0_g1	0.964958112326336	NA	NA
TRINITY_DN6340_c0_g2	-2.08134676973634	NA	NA
TRINITY_DN6341_c0_g1	-0.501982607064984	NA	NA
TRINITY_DN6342_c0_g1	-0.897991624504284	NA	NA
TRINITY_DN6346_c0_g1	-0.600375827378694	0.999155368198447	NA
TRINITY_DN6347_c0_g1	1.13868588724117	NA	NA
TRINITY_DN6349_c0_g1	1.76208259853803	NA	NA
TRINITY_DN635_c0_g1	-0.394937589049059	NA	NA
TRINITY_DN6351_c0_g1	0.856997675759901	NA	NA
TRINITY_DN6352_c0_g1	-0.529815733457395	NA	NA
TRINITY_DN6355_c0_g1	2.7848972677069	NA	NA
TRINITY_DN6356_c0_g1	-1.49554781506635	NA	NA
TRINITY_DN6358_c0_g1	-2.51518216924941	NA	NA
TRINITY_DN636_c0_g1	1.81098764783781	NA	NA
TRINITY_DN636_c0_g2	2.22902012694043	NA	NA
TRINITY_DN6360_c0_g1	-0.211940205382046	NA	NA
TRINITY_DN6361_c0_g1	-0.82782304520331	NA	NA
TRINITY_DN6362_c0_g1	0.367594903685115	0.999155368198447	NA
TRINITY_DN6362_c0_g2	-0.108914072606312	NA	NA
TRINITY_DN6364_c0_g1	2.40049218039965	NA	NA
TRINITY_DN6366_c0_g1	0.0106305350963844	NA	NA
TRINITY_DN6367_c0_g1	-0.564628027611953	NA	NA
TRINITY_DN6368_c0_g1	0.216795059393836	NA	NA
TRINITY_DN6368_c0_g2	-1.85171546331663	NA	NA
TRINITY_DN6369_c1_g1	-1.52237678933332	NA	NA
TRINITY_DN637_c0_g1	-1.90240928832185	NA	NA
TRINITY_DN637_c0_g2	-0.617982814423306	0.999155368198447	NA
TRINITY_DN637_c0_g2	-0.617982814423306	0.999155368198447	NA
TRINITY_DN6370_c0_g1	-1.80372590954272	NA	NA
TRINITY_DN6372_c0_g1	-1.50345039901447	NA	NA
TRINITY_DN6376_c0_g1	-0.247877741227588	NA	NA
TRINITY_DN6378_c0_g1	-0.563977913860425	NA	NA
TRINITY_DN6379_c0_g1	-1.55032153779174	NA	NA
TRINITY_DN638_c0_g1	-0.00304327474522044	0.999155368198447	NA
TRINITY_DN6383_c0_g1	0.971705665959787	NA	NA
TRINITY_DN6384_c0_g1	0.810666052980077	NA	NA
TRINITY_DN6384_c0_g2	-2.3133163404924	NA	NA
TRINITY_DN6385_c0_g1	-0.244308257854594	NA	NA
TRINITY_DN6386_c0_g1	1.16420265853065	NA	NA
TRINITY_DN6387_c0_g1	0.395043462065059	NA	NA
TRINITY_DN6387_c0_g2	-2.10622562574282	NA	NA
TRINITY_DN6388_c0_g1	-0.0162372626047608	NA	NA
TRINITY_DN6389_c0_g1	0.423477760896992	NA	NA
TRINITY_DN639_c0_g1	-0.923821770129038	NA	NA
TRINITY_DN639_c0_g2	0.375262618663464	0.999155368198447	NA
TRINITY_DN6390_c0_g1	-0.792693529260912	NA	NA
TRINITY_DN6391_c0_g1	-0.937841253666134	NA	NA
TRINITY_DN6392_c0_g1	-0.0339080432773689	NA	NA
TRINITY_DN6393_c0_g1	-1.7708608490089	NA	NA
TRINITY_DN6393_c1_g1	-0.220748216606759	NA	NA
TRINITY_DN6394_c1_g1	-0.983103002938608	NA	NA
TRINITY_DN6394_c2_g1	-0.670243877698015	NA	NA
TRINITY_DN6396_c0_g1	-0.465978751340026	NA	NA
TRINITY_DN6397_c0_g1	1.3764993654741	NA	NA
TRINITY_DN6399_c0_g1	-0.0712207133681425	NA	NA
TRINITY_DN6399_c0_g2	2.0975219471314	NA	NA
TRINITY_DN64_c0_g1	-0.904454228356709	0.999155368198447	NA
TRINITY_DN64_c0_g1	-0.904454228356709	0.999155368198447	NA
TRINITY_DN64_c0_g2	0.0402542146899786	0.999155368198447	NA
TRINITY_DN64_c0_g2	0.0402542146899786	0.999155368198447	NA
TRINITY_DN64_c1_g1	0.458134291858928	NA	NA
TRINITY_DN64_c2_g1	-0.469522762707461	0.999155368198447	NA
TRINITY_DN64_c3_g1	3.21939874845291	NA	NA
TRINITY_DN640_c0_g1	0.810474395637112	0.999155368198447	NA
TRINITY_DN640_c0_g1	0.810474395637112	0.999155368198447	NA
TRINITY_DN6402_c0_g1	-0.613661212039366	NA	NA
TRINITY_DN6402_c0_g2	1.72766535678051	NA	NA
TRINITY_DN6403_c0_g1	2.81100577182416	NA	NA
TRINITY_DN6408_c0_g1	1.67900028787887	NA	NA
TRINITY_DN6409_c0_g1	1.07413952737668	NA	NA
TRINITY_DN641_c0_g1	1.61051586098008	NA	NA
TRINITY_DN641_c1_g1	-1.09778373561424	NA	NA
TRINITY_DN6411_c0_g1	0.696612597764556	NA	NA
TRINITY_DN6412_c0_g1	-2.08568543477867	NA	NA
TRINITY_DN6413_c0_g1	0.991777930820943	NA	NA
TRINITY_DN6416_c0_g1	-1.12770062492134	NA	NA
TRINITY_DN6417_c0_g1	1.38975134071122	NA	NA
TRINITY_DN642_c0_g1	2.83610020504789	NA	NA
TRINITY_DN642_c0_g2	-0.501815437656346	0.999155368198447	NA
TRINITY_DN6420_c0_g1	-0.894322447989783	NA	NA
TRINITY_DN6422_c0_g1	-1.18504730911812	NA	NA
TRINITY_DN6424_c0_g1	-1.84474199966653	NA	NA
TRINITY_DN6427_c0_g1	-0.482294410055321	0.999155368198447	NA
TRINITY_DN6427_c0_g1	-0.482294410055321	0.999155368198447	NA
TRINITY_DN643_c0_g1	-0.392289618379056	0.999155368198447	NA
TRINITY_DN6430_c0_g1	2.34479942720385	NA	NA
TRINITY_DN6433_c0_g1	0.690038971016643	NA	NA
TRINITY_DN6437_c0_g1	-2.51131404006418	NA	NA
TRINITY_DN6437_c0_g2	1.42695573524112	NA	NA
TRINITY_DN6438_c0_g1	-0.568157956240241	NA	NA
TRINITY_DN6438_c0_g1	-0.568157956240241	NA	NA
TRINITY_DN644_c0_g1	0.0545024492239012	NA	NA
TRINITY_DN644_c0_g1	0.0545024492239012	NA	NA
TRINITY_DN644_c0_g2	0.640842079046033	0.999155368198447	NA
TRINITY_DN6440_c0_g1	2.84117620461274	NA	NA
TRINITY_DN6444_c0_g1	-0.604333044995653	NA	NA
TRINITY_DN6446_c0_g1	-2.05942623254529	NA	NA
TRINITY_DN6446_c0_g2	-3.29435296937638	NA	NA
TRINITY_DN645_c0_g1	0.989846928792979	NA	NA
TRINITY_DN645_c0_g2	-0.656833632063417	NA	NA
TRINITY_DN6450_c0_g1	-2.49646362384781	NA	NA
TRINITY_DN6452_c0_g1	-1.34591119204462	NA	NA
TRINITY_DN6453_c0_g1	0.190026480590643	NA	NA
TRINITY_DN6453_c0_g2	-1.50748377790493	NA	NA
TRINITY_DN6454_c0_g1	0.339840908096566	NA	NA
TRINITY_DN6457_c0_g1	0.354149497344741	NA	NA
TRINITY_DN6457_c0_g1	0.354149497344741	NA	NA
TRINITY_DN646_c0_g1	1.17888884581883	NA	NA
TRINITY_DN6461_c0_g1	0.969910183311303	NA	NA
TRINITY_DN6462_c0_g1	3.12090588560421	NA	NA
TRINITY_DN6469_c0_g1	0.690109217888195	0.999155368198447	NA
TRINITY_DN647_c0_g1	0.661212854917509	NA	NA
TRINITY_DN6470_c0_g1	-1.08073426259586	NA	NA
TRINITY_DN6473_c0_g1	-2.52402888746557	NA	NA
TRINITY_DN6475_c0_g1	-1.45746470731771	NA	NA
TRINITY_DN6475_c0_g2	-2.50725566391233	NA	NA
TRINITY_DN6478_c0_g1	0.98569297614269	NA	NA
TRINITY_DN6478_c0_g2	-0.52099827827073	NA	NA
TRINITY_DN648_c0_g1	-1.49731838020739	0.31016441476828	NA
TRINITY_DN648_c0_g1	-1.49731838020739	0.31016441476828	NA
TRINITY_DN648_c0_g1	-1.49731838020739	0.31016441476828	NA
TRINITY_DN648_c0_g2	0.915950242678191	0.999155368198447	NA
TRINITY_DN648_c0_g2	0.915950242678191	0.999155368198447	NA
TRINITY_DN648_c0_g2	0.915950242678191	0.999155368198447	NA
TRINITY_DN648_c0_g2	0.915950242678191	0.999155368198447	NA
TRINITY_DN648_c0_g2	0.915950242678191	0.999155368198447	NA
TRINITY_DN648_c0_g2	0.915950242678191	0.999155368198447	NA
TRINITY_DN648_c0_g2	0.915950242678191	0.999155368198447	NA
TRINITY_DN648_c0_g2	0.915950242678191	0.999155368198447	NA
TRINITY_DN648_c0_g2	0.915950242678191	0.999155368198447	NA
TRINITY_DN648_c1_g1	-1.13549054924638	0.999155368198447	NA
TRINITY_DN648_c1_g1	-1.13549054924638	0.999155368198447	NA
TRINITY_DN648_c1_g1	-1.13549054924638	0.999155368198447	NA
TRINITY_DN648_c2_g1	-0.400807466283886	0.999155368198447	NA
TRINITY_DN648_c3_g1	-0.865255799389416	0.95488985174235	NA
TRINITY_DN648_c3_g1	-0.865255799389416	0.95488985174235	NA
TRINITY_DN648_c4_g1	1.8109851599626	NA	NA
TRINITY_DN6480_c0_g1	-2.09302402147116	NA	NA
TRINITY_DN6480_c0_g2	0.308889704405215	NA	NA
TRINITY_DN6483_c0_g1	-0.398885273907413	NA	NA
TRINITY_DN6484_c0_g1	-0.99286849653569	NA	NA
TRINITY_DN6485_c0_g1	-0.485151518587452	NA	NA
TRINITY_DN6485_c0_g2	-0.162375756073643	NA	NA
TRINITY_DN6486_c0_g1	-0.469248083127123	NA	NA
TRINITY_DN6489_c0_g1	-1.84273915518625	NA	NA
TRINITY_DN649_c0_g1	0.690009850828391	NA	NA
TRINITY_DN649_c0_g1	0.690009850828391	NA	NA
TRINITY_DN6490_c0_g1	-1.1465438836562	NA	NA
TRINITY_DN6496_c0_g1	1.7206774876859	NA	NA
TRINITY_DN6497_c0_g2	-1.111631685143	NA	NA
TRINITY_DN6498_c0_g1	-1.07276430663111	NA	NA
TRINITY_DN6499_c0_g2	-2.81269132988703	NA	NA
TRINITY_DN65_c0_g1	-0.157953939932422	0.999155368198447	NA
TRINITY_DN650_c0_g1	0.661706686481264	0.999155368198447	NA
TRINITY_DN650_c1_g1	1.029069224959	NA	NA
TRINITY_DN6502_c0_g1	-0.519222652864872	NA	NA
TRINITY_DN6503_c0_g1	-1.49887595733715	NA	NA
TRINITY_DN6504_c0_g1	-0.522286959535533	NA	NA
TRINITY_DN6504_c0_g2	1.97285054193185	NA	NA
TRINITY_DN6506_c0_g1	1.08200688570883	NA	NA
TRINITY_DN6507_c0_g1	0.0375873323288706	NA	NA
TRINITY_DN651_c0_g1	-2.4964636238478	NA	NA
TRINITY_DN6510_c0_g1	-0.934210537641396	NA	NA
TRINITY_DN6511_c0_g1	-0.902161286093933	NA	NA
TRINITY_DN6512_c0_g1	-1.51807154720192	NA	NA
TRINITY_DN6512_c0_g2	1.39764060294013	NA	NA
TRINITY_DN6513_c0_g1	0.0788396877676972	NA	NA
TRINITY_DN6514_c0_g1	1.12622123924832	NA	NA
TRINITY_DN6517_c0_g1	-2.13755835129772	0.951303799648802	NA
TRINITY_DN6519_c0_g1	0.367985297205551	NA	NA
TRINITY_DN652_c0_g1	-0.864992710370739	0.999155368198447	NA
TRINITY_DN6520_c0_g1	-0.93179816149564	NA	NA
TRINITY_DN6523_c0_g1	2.80941590716106	NA	NA
TRINITY_DN6526_c0_g1	1.07574828944025	NA	NA
TRINITY_DN6528_c0_g1	-1.87767462853394	NA	NA
TRINITY_DN6528_c0_g2	-1.50950640969146	NA	NA
TRINITY_DN653_c0_g1	-0.705569361675898	0.999155368198447	NA
TRINITY_DN653_c0_g1	-0.705569361675898	0.999155368198447	NA
TRINITY_DN6530_c0_g1	1.09533227403964	NA	NA
TRINITY_DN6532_c0_g1	-1.59763523261515	NA	NA
TRINITY_DN6533_c0_g1	-1.99987284096263	NA	NA
TRINITY_DN6534_c0_g1	-0.549931831184212	NA	NA
TRINITY_DN654_c0_g1	-0.578897916683521	0.999155368198447	NA
TRINITY_DN654_c0_g1	-0.578897916683521	0.999155368198447	NA
TRINITY_DN654_c0_g1	-0.578897916683521	0.999155368198447	NA
TRINITY_DN6540_c0_g1	0.415774385642623	NA	NA
TRINITY_DN6540_c0_g1	0.415774385642623	NA	NA
TRINITY_DN6542_c0_g1	1.41627172463601	NA	NA
TRINITY_DN6544_c0_g1	1.35769098802803	NA	NA
TRINITY_DN6547_c0_g1	1.68528801327075	NA	NA
TRINITY_DN6548_c0_g1	1.62518199460829	NA	NA
TRINITY_DN6549_c0_g1	-0.624463156199508	NA	NA
TRINITY_DN655_c0_g1	-1.57422303594896	NA	NA
TRINITY_DN655_c0_g2	-0.0283324260593221	NA	NA
TRINITY_DN6551_c0_g1	-0.0407962132560064	NA	NA
TRINITY_DN6551_c0_g2	-3.10927124880056	NA	NA
TRINITY_DN6551_c1_g1	0.955413364430536	NA	NA
TRINITY_DN6552_c0_g1	-0.649507501285123	NA	NA
TRINITY_DN6554_c0_g1	-0.472304902379858	NA	NA
TRINITY_DN6555_c0_g1	-2.43660601437447	NA	NA
TRINITY_DN6555_c0_g2	-0.604372887204593	NA	NA
TRINITY_DN6556_c0_g1	0.813012968761214	NA	NA
TRINITY_DN6558_c0_g1	1.40271281679401	NA	NA
TRINITY_DN6559_c0_g1	-0.92306543514863	0.999155368198447	NA
TRINITY_DN6559_c0_g2	-2.10583424734435	NA	NA
TRINITY_DN656_c0_g1	-0.166557016276901	0.999155368198447	NA
TRINITY_DN656_c0_g1	-0.166557016276901	0.999155368198447	NA
TRINITY_DN656_c0_g1	-0.166557016276901	0.999155368198447	NA
TRINITY_DN656_c0_g1	-0.166557016276901	0.999155368198447	NA
TRINITY_DN6560_c0_g1	-0.58996096899344	NA	NA
TRINITY_DN6561_c0_g1	1.86008621251346	NA	NA
TRINITY_DN6562_c0_g1	-0.701630344821538	NA	NA
TRINITY_DN6563_c0_g1	2.09608627782812	NA	NA
TRINITY_DN6563_c0_g2	-1.46156592922889	NA	NA
TRINITY_DN6565_c0_g1	-2.52077029408392	NA	NA
TRINITY_DN6568_c0_g1	-1.48483792593015	NA	NA
TRINITY_DN6569_c0_g1	0.694144648241092	NA	NA
TRINITY_DN657_c0_g1	-0.935013739694775	NA	NA
TRINITY_DN657_c0_g1	-0.935013739694775	NA	NA
TRINITY_DN6573_c0_g1	-3.30120003224454	NA	NA
TRINITY_DN6575_c0_g1	2.34479942720385	NA	NA
TRINITY_DN6577_c0_g1	2.84475481006612	NA	NA
TRINITY_DN6577_c0_g2	2.79902510015001	NA	NA
TRINITY_DN6578_c0_g1	2.86279211382665	NA	NA
TRINITY_DN6578_c0_g2	3.63774679416443	NA	NA
TRINITY_DN6579_c0_g1	0.914501092495741	NA	NA
TRINITY_DN6579_c0_g2	0.838629994601104	0.999155368198447	NA
TRINITY_DN658_c0_g1	-0.223896080294574	NA	NA
TRINITY_DN658_c0_g2	-0.497980182125486	0.999155368198447	NA
TRINITY_DN658_c0_g2	-0.497980182125486	0.999155368198447	NA
TRINITY_DN6581_c0_g1	0.0902181991601062	0.999155368198447	NA
TRINITY_DN6581_c0_g1	0.0902181991601062	0.999155368198447	NA
TRINITY_DN6581_c0_g1	0.0902181991601062	0.999155368198447	NA
TRINITY_DN6582_c0_g1	1.70215545102249	NA	NA
TRINITY_DN6583_c0_g1	2.13730370261008	NA	NA
TRINITY_DN6585_c0_g1	2.83394027699968	NA	NA
TRINITY_DN6586_c0_g1	0.254730646309303	0.999155368198447	NA
TRINITY_DN6587_c0_g1	-1.99987284096263	NA	NA
TRINITY_DN6589_c0_g1	-0.248427583848215	NA	NA
TRINITY_DN659_c0_g1	0.454697635238426	0.999155368198447	NA
TRINITY_DN659_c0_g1	0.454697635238426	0.999155368198447	NA
TRINITY_DN659_c0_g1	0.454697635238426	0.999155368198447	NA
TRINITY_DN659_c0_g1	0.454697635238426	0.999155368198447	NA
TRINITY_DN659_c0_g1	0.454697635238426	0.999155368198447	NA
TRINITY_DN659_c0_g1	0.454697635238426	0.999155368198447	NA
TRINITY_DN659_c0_g2	0.950580359544063	NA	NA
TRINITY_DN6592_c0_g1	0.942816041849432	NA	NA
TRINITY_DN6598_c0_g1	-0.551476424222402	NA	NA
TRINITY_DN6598_c0_g2	-2.12599672253002	NA	NA
TRINITY_DN66_c0_g1	-0.127658501173614	0.999155368198447	NA
TRINITY_DN66_c0_g1	-0.127658501173614	0.999155368198447	NA
TRINITY_DN66_c0_g1	-0.127658501173614	0.999155368198447	NA
TRINITY_DN66_c0_g1	-0.127658501173614	0.999155368198447	NA
TRINITY_DN66_c0_g1	-0.127658501173614	0.999155368198447	NA
TRINITY_DN66_c0_g1	-0.127658501173614	0.999155368198447	NA
TRINITY_DN66_c0_g1	-0.127658501173614	0.999155368198447	NA
TRINITY_DN66_c0_g1	-0.127658501173614	0.999155368198447	NA
TRINITY_DN66_c0_g1	-0.127658501173614	0.999155368198447	NA
TRINITY_DN66_c1_g1	2.7735271272174	NA	NA
TRINITY_DN660_c0_g1	-0.614319533294025	NA	NA
TRINITY_DN6601_c0_g1	-0.556065166006295	NA	NA
TRINITY_DN6602_c0_g1	0.188605919877709	NA	NA
TRINITY_DN6602_c0_g2	-0.535500790113485	NA	NA
TRINITY_DN6604_c0_g1	-2.8228439793891	NA	NA
TRINITY_DN6604_c0_g2	-2.54158249550552	NA	NA
TRINITY_DN6605_c0_g1	3.36068111315297	NA	NA
TRINITY_DN6606_c0_g1	-1.61384143428851	NA	NA
TRINITY_DN6609_c0_g1	-2.12599672253002	NA	NA
TRINITY_DN6609_c0_g2	0.91450109249574	NA	NA
TRINITY_DN661_c0_g1	1.78434241539887	NA	NA
TRINITY_DN661_c0_g2	-0.190912078689497	0.999155368198447	NA
TRINITY_DN661_c0_g2	-0.190912078689497	0.999155368198447	NA
TRINITY_DN661_c0_g2	-0.190912078689497	0.999155368198447	NA
TRINITY_DN661_c0_g2	-0.190912078689497	0.999155368198447	NA
TRINITY_DN6612_c0_g1	1.12730826078729	NA	NA
TRINITY_DN6613_c0_g1	-0.822838742784889	NA	NA
TRINITY_DN6616_c0_g1	1.86008621251346	NA	NA
TRINITY_DN6616_c0_g2	-3.09696551802109	NA	NA
TRINITY_DN662_c0_g1	-1.0839164614415	0.999155368198447	NA
TRINITY_DN6620_c0_g1	0.349020324531558	NA	NA
TRINITY_DN6620_c0_g2	-1.15746319742937	NA	NA
TRINITY_DN6620_c0_g3	1.05740661655787	NA	NA
TRINITY_DN6621_c0_g1	-1.99987284096263	NA	NA
TRINITY_DN6625_c0_g1	-1.44510202329358	NA	NA
TRINITY_DN6626_c0_g1	1.87576990464587	NA	NA
TRINITY_DN6626_c0_g1	1.87576990464587	NA	NA
TRINITY_DN6626_c0_g2	-2.12599672253002	NA	NA
TRINITY_DN6629_c0_g1	-2.05954941948709	NA	NA
TRINITY_DN6629_c0_g2	0.951945474007374	NA	NA
TRINITY_DN663_c0_g1	1.1968928079034	0.999155368198447	NA
TRINITY_DN6631_c0_g1	2.39439602029138	NA	NA
TRINITY_DN6633_c0_g1	0.342411010207126	NA	NA
TRINITY_DN6634_c0_g1	-2.11232486095099	NA	NA
TRINITY_DN6635_c0_g1	-0.189830427810105	NA	NA
TRINITY_DN6636_c0_g1	2.07438217877432	NA	NA
TRINITY_DN664_c0_g1	-0.104706520087157	NA	NA
TRINITY_DN664_c0_g2	-0.515424857409669	0.999155368198447	NA
TRINITY_DN6648_c0_g1	0.378242471020196	NA	NA
TRINITY_DN6649_c0_g1	1.76208259853803	NA	NA
TRINITY_DN665_c0_g1	2.81707932109432	NA	NA
TRINITY_DN6650_c0_g1	1.67689515742538	NA	NA
TRINITY_DN6650_c0_g2	0.91450109249574	NA	NA
TRINITY_DN6651_c0_g1	-1.50576064523823	NA	NA
TRINITY_DN6653_c0_g1	2.40312155012335	NA	NA
TRINITY_DN6655_c0_g1	1.06988319158515	NA	NA
TRINITY_DN6657_c0_g1	1.36077969978894	NA	NA
TRINITY_DN6657_c0_g2	0.466070637604602	NA	NA
TRINITY_DN666_c0_g1	-0.00678736262112553	0.999155368198447	NA
TRINITY_DN666_c0_g1	-0.00678736262112553	0.999155368198447	NA
TRINITY_DN666_c0_g2	0.668302825993001	0.999155368198447	NA
TRINITY_DN6660_c0_g1	-1.51176965930197	NA	NA
TRINITY_DN6662_c0_g1	1.80950231271155	NA	NA
TRINITY_DN6663_c0_g1	1.67678247400485	NA	NA
TRINITY_DN6663_c1_g1	-1.45746470731771	NA	NA
TRINITY_DN6667_c0_g1	0.218599087122095	NA	NA
TRINITY_DN6668_c0_g1	2.80923383735872	NA	NA
TRINITY_DN6668_c0_g2	0.385374975323206	NA	NA
TRINITY_DN667_c0_g1	3.13685383997478	NA	NA
TRINITY_DN667_c0_g2	3.40039544550273	NA	NA
TRINITY_DN667_c0_g3	0.820413025757501	NA	NA
TRINITY_DN6671_c0_g1	-0.205940372356442	NA	NA
TRINITY_DN668_c0_g1	0.100988058612171	0.999155368198447	NA
TRINITY_DN668_c0_g2	0.331438428568368	0.999155368198447	NA
TRINITY_DN668_c0_g2	0.331438428568368	0.999155368198447	NA
TRINITY_DN668_c0_g2	0.331438428568368	0.999155368198447	NA
TRINITY_DN668_c0_g2	0.331438428568368	0.999155368198447	NA
TRINITY_DN6685_c0_g1	0.836563064130588	NA	NA
TRINITY_DN6687_c0_g1	-2.06980561302009	NA	NA
TRINITY_DN6688_c0_g1	1.06835117565865	NA	NA
TRINITY_DN6689_c0_g1	-2.10765280883057	NA	NA
TRINITY_DN669_c0_g1	0.273834229797354	0.999155368198447	NA
TRINITY_DN669_c0_g1	0.273834229797354	0.999155368198447	NA
TRINITY_DN669_c0_g1	0.273834229797354	0.999155368198447	NA
TRINITY_DN669_c0_g1	0.273834229797354	0.999155368198447	NA
TRINITY_DN6690_c0_g1	-1.45746470731771	NA	NA
TRINITY_DN6692_c0_g1	-0.168510168849814	NA	NA
TRINITY_DN6693_c0_g1	-0.278374698609134	NA	NA
TRINITY_DN6694_c0_g1	1.07415741385783	NA	NA
TRINITY_DN6697_c0_g1	-2.79381675547103	NA	NA
TRINITY_DN6698_c0_g1	-0.920143659756197	NA	NA
TRINITY_DN6699_c0_g1	1.3607127355258	NA	NA
TRINITY_DN67_c0_g1	-0.439358328124333	0.999155368198447	NA
TRINITY_DN67_c0_g1	-0.439358328124333	0.999155368198447	NA
TRINITY_DN670_c0_g1	0.573340947295971	0.999155368198447	NA
TRINITY_DN670_c0_g1	0.573340947295971	0.999155368198447	NA
TRINITY_DN6703_c0_g2	-2.8252067462057	NA	NA
TRINITY_DN6704_c0_g1	-0.502352299676398	NA	NA
TRINITY_DN6704_c0_g2	3.15607980120337	NA	NA
TRINITY_DN6707_c0_g1	0.16064403560411	NA	NA
TRINITY_DN6709_c0_g1	-2.49049197138395	NA	NA
TRINITY_DN671_c0_g1	0.460653080873755	0.999155368198447	NA
TRINITY_DN6713_c0_g1	0.0494623544709133	NA	NA
TRINITY_DN6713_c0_g1	0.0494623544709133	NA	NA
TRINITY_DN6717_c0_g1	-2.05685804032393	NA	NA
TRINITY_DN6719_c0_g1	-1.86132111977565	NA	NA
TRINITY_DN672_c0_g1	-0.0775487241426206	0.999155368198447	NA
TRINITY_DN672_c0_g1	-0.0775487241426206	0.999155368198447	NA
TRINITY_DN672_c0_g1	-0.0775487241426206	0.999155368198447	NA
TRINITY_DN672_c0_g2	1.97946660830069	NA	NA
TRINITY_DN6720_c0_g1	2.39439602029138	NA	NA
TRINITY_DN6723_c0_g1	0.38262343889825	NA	NA
TRINITY_DN6725_c0_g1	-0.760123274808191	NA	NA
TRINITY_DN6726_c0_g1	0.393697192448374	NA	NA
TRINITY_DN6729_c0_g1	0.367131688195159	NA	NA
TRINITY_DN673_c0_g1	1.04509552234022	0.999155368198447	NA
TRINITY_DN6731_c0_g1	-2.76866307407876	NA	NA
TRINITY_DN6733_c0_g1	-2.08752227098588	NA	NA
TRINITY_DN6734_c0_g1	1.09048733808425	NA	NA
TRINITY_DN6736_c0_g1	1.76208259853803	NA	NA
TRINITY_DN6736_c0_g2	-0.573974367099166	NA	NA
TRINITY_DN6737_c0_g1	-2.82270732712378	NA	NA
TRINITY_DN6738_c0_g1	-1.52237678933332	NA	NA
TRINITY_DN674_c0_g1	1.41519285645495	NA	NA
TRINITY_DN674_c0_g2	1.2568233621661	NA	NA
TRINITY_DN6740_c0_g1	2.34479942720385	NA	NA
TRINITY_DN6741_c0_g1	-0.768614095511196	NA	NA
TRINITY_DN6741_c0_g2	2.37231925546453	NA	NA
TRINITY_DN6742_c0_g1	-0.135913969586661	NA	NA
TRINITY_DN6747_c0_g1	1.35257392012817	NA	NA
TRINITY_DN6748_c0_g1	1.80950231271155	NA	NA
TRINITY_DN675_c0_g1	-0.0810468744095412	0.999155368198447	NA
TRINITY_DN6750_c0_g1	-0.986714120778683	NA	NA
TRINITY_DN6752_c0_g1	0.398424884556946	NA	NA
TRINITY_DN6757_c0_g1	-2.81858561988817	NA	NA
TRINITY_DN676_c0_g1	-0.864341456741034	0.999155368198447	NA
TRINITY_DN6761_c0_g2	-1.04803705475735	NA	NA
TRINITY_DN6762_c0_g1	0.0743193063570392	NA	NA
TRINITY_DN6764_c0_g2	-0.542625579794647	NA	NA
TRINITY_DN6767_c0_g1	1.623708998483	NA	NA
TRINITY_DN6768_c0_g1	0.503902190056432	0.999155368198447	NA
TRINITY_DN6769_c0_g1	-0.58270320001759	NA	NA
TRINITY_DN677_c0_g1	-0.519870464715066	NA	NA
TRINITY_DN677_c0_g2	1.5604112737232	NA	NA
TRINITY_DN6774_c0_g1	2.42594733740364	NA	NA
TRINITY_DN6776_c0_g1	2.43189177521883	NA	NA
TRINITY_DN6777_c0_g1	0.929780254398592	NA	NA
TRINITY_DN6778_c0_g1	-2.84378743088077	NA	NA
TRINITY_DN6778_c0_g2	-1.52237678933332	NA	NA
TRINITY_DN678_c0_g1	1.62814007228821	NA	NA
TRINITY_DN6780_c0_g1	1.76208259853803	NA	NA
TRINITY_DN6784_c0_g1	1.07319208258756	NA	NA
TRINITY_DN6785_c0_g1	-1.52237678933332	NA	NA
TRINITY_DN6787_c0_g1	1.67278473936566	NA	NA
TRINITY_DN6788_c0_g1	-3.07045765783489	NA	NA
TRINITY_DN6789_c0_g1	-1.51408937232975	NA	NA
TRINITY_DN679_c0_g1	-1.04157791967577	0.999155368198447	NA
TRINITY_DN6793_c0_g1	0.642411372677378	NA	NA
TRINITY_DN6793_c0_g2	-0.590632188288503	NA	NA
TRINITY_DN6793_c0_g3	-0.135172383810977	NA	NA
TRINITY_DN6794_c0_g1	0.0729777273404775	0.999155368198447	NA
TRINITY_DN6797_c0_g1	1.86008621251346	NA	NA
TRINITY_DN6798_c0_g1	-2.50468192746786	NA	NA
TRINITY_DN6798_c0_g2	-0.281756749139367	0.999155368198447	NA
TRINITY_DN6799_c0_g1	-0.964593406230768	NA	NA
TRINITY_DN68_c0_g1	0.679365364814664	NA	NA
TRINITY_DN68_c0_g2	-0.14372200056587	0.999155368198447	NA
TRINITY_DN68_c0_g2	-0.14372200056587	0.999155368198447	NA
TRINITY_DN68_c0_g3	-1.46008561357457	0.999155368198447	NA
TRINITY_DN68_c0_g3	-1.46008561357457	0.999155368198447	NA
TRINITY_DN68_c0_g4	-0.0742989686943949	0.999155368198447	NA
TRINITY_DN68_c0_g5	0.961723395240718	NA	NA
TRINITY_DN68_c1_g1	-0.107439079146372	0.999155368198447	NA
TRINITY_DN68_c1_g1	-0.107439079146372	0.999155368198447	NA
TRINITY_DN68_c1_g1	-0.107439079146372	0.999155368198447	NA
TRINITY_DN68_c1_g1	-0.107439079146372	0.999155368198447	NA
TRINITY_DN68_c1_g1	-0.107439079146372	0.999155368198447	NA
TRINITY_DN68_c1_g1	-0.107439079146372	0.999155368198447	NA
TRINITY_DN68_c2_g1	-0.0167750424862728	0.999155368198447	NA
TRINITY_DN68_c2_g1	-0.0167750424862728	0.999155368198447	NA
TRINITY_DN68_c2_g1	-0.0167750424862728	0.999155368198447	NA
TRINITY_DN68_c2_g1	-0.0167750424862728	0.999155368198447	NA
TRINITY_DN68_c2_g2	0.341959171946526	NA	NA
TRINITY_DN680_c0_g1	0.185595705422217	NA	NA
TRINITY_DN680_c0_g2	-0.00851873104260203	NA	NA
TRINITY_DN6800_c0_g2	0.438865563157622	NA	NA
TRINITY_DN6802_c0_g1	1.42480667737822	NA	NA
TRINITY_DN6802_c0_g2	-2.08808990661086	NA	NA
TRINITY_DN6803_c0_g1	-1.36405257186016	0.999155368198447	NA
TRINITY_DN6803_c0_g2	-1.99987284096263	NA	NA
TRINITY_DN6804_c0_g1	1.27350206300583	NA	NA
TRINITY_DN6806_c0_g1	0.340485412523923	NA	NA
TRINITY_DN6807_c0_g1	0.9646020826093	NA	NA
TRINITY_DN6808_c0_g1	-0.111290187180102	NA	NA
TRINITY_DN6809_c0_g1	-0.908143500182181	NA	NA
TRINITY_DN6809_c0_g2	-0.235318557160796	NA	NA
TRINITY_DN681_c0_g2	0.434776956285377	0.999155368198447	NA
TRINITY_DN681_c0_g2	0.434776956285377	0.999155368198447	NA
TRINITY_DN681_c0_g2	0.434776956285377	0.999155368198447	NA
TRINITY_DN681_c1_g1	2.12558018777384	NA	NA
TRINITY_DN681_c1_g2	1.37870112752452	NA	NA
TRINITY_DN681_c1_g2	1.37870112752452	NA	NA
TRINITY_DN6810_c0_g1	0.382440135245872	NA	NA
TRINITY_DN6811_c0_g1	-0.630720239463679	NA	NA
TRINITY_DN6811_c1_g1	-0.768614095511196	NA	NA
TRINITY_DN6812_c0_g1	0.348649165737086	0.999155368198447	NA
TRINITY_DN6812_c0_g1	0.348649165737086	0.999155368198447	NA
TRINITY_DN6813_c0_g1	0.0916623143935954	NA	NA
TRINITY_DN6815_c0_g1	-2.32387727337969	NA	NA
TRINITY_DN6815_c0_g2	1.67746254792919	NA	NA
TRINITY_DN6815_c0_g3	0.387510868076619	NA	NA
TRINITY_DN6816_c0_g1	1.4127730728584	NA	NA
TRINITY_DN6817_c0_g1	-0.043190110221297	NA	NA
TRINITY_DN6818_c0_g1	-1.03473450927853	NA	NA
TRINITY_DN6819_c0_g1	0.250686583767615	NA	NA
TRINITY_DN6819_c0_g1	0.250686583767615	NA	NA
TRINITY_DN6819_c0_g2	-0.722846831213732	NA	NA
TRINITY_DN682_c0_g1	-0.040323738548728	0.999155368198447	NA
TRINITY_DN682_c0_g1	-0.040323738548728	0.999155368198447	NA
TRINITY_DN682_c1_g1	-0.565204236075904	0.999155368198447	NA
TRINITY_DN6821_c0_g1	1.86008621251346	NA	NA
TRINITY_DN6822_c0_g1	2.81116382341288	NA	NA
TRINITY_DN6823_c0_g1	0.383872037786946	NA	NA
TRINITY_DN6823_c0_g2	-3.64946456177947	NA	NA
TRINITY_DN6826_c0_g1	2.3955276981889	NA	NA
TRINITY_DN6826_c0_g2	-0.956357044664461	NA	NA
TRINITY_DN6827_c0_g1	-0.532301925711787	0.999155368198447	NA
TRINITY_DN6827_c0_g1	-0.532301925711787	0.999155368198447	NA
TRINITY_DN683_c0_g1	0.212975503889693	NA	NA
TRINITY_DN683_c0_g2	-3.05659938106222	NA	NA
TRINITY_DN683_c1_g1	-0.486189412741227	NA	NA
TRINITY_DN6830_c0_g1	-0.338189212823517	NA	NA
TRINITY_DN6830_c0_g2	1.70255398119968	NA	NA
TRINITY_DN6831_c0_g1	1.38839408261842	NA	NA
TRINITY_DN6832_c0_g1	0.116572904904906	0.999155368198447	NA
TRINITY_DN6833_c0_g1	-1.09685018465469	0.999155368198447	NA
TRINITY_DN6833_c0_g2	-0.187242269094534	NA	NA
TRINITY_DN6834_c0_g1	-1.89228772369528	NA	NA
TRINITY_DN6835_c0_g1	1.43746268877572	NA	NA
TRINITY_DN6836_c0_g1	1.64239682179583	NA	NA
TRINITY_DN6836_c0_g2	0.37206231675952	NA	NA
TRINITY_DN6837_c0_g1	-2.4996234257737	NA	NA
TRINITY_DN6838_c0_g1	0.165646954744008	0.999155368198447	NA
TRINITY_DN6839_c0_g1	-1.14131792009245	NA	NA
TRINITY_DN6839_c0_g2	-0.340257177759721	0.999155368198447	NA
TRINITY_DN684_c0_g1	-0.148734311687367	NA	NA
TRINITY_DN6840_c0_g1	0.417513841781111	NA	NA
TRINITY_DN6840_c0_g2	-0.719252142283938	NA	NA
TRINITY_DN6842_c0_g1	1.6627153128078	0.999155368198447	NA
TRINITY_DN6843_c0_g1	-0.529815733457395	NA	NA
TRINITY_DN6844_c0_g1	0.954796964477863	NA	NA
TRINITY_DN6844_c0_g2	-2.11115245672302	NA	NA
TRINITY_DN6845_c0_g1	-0.179808273119987	0.999155368198447	NA
TRINITY_DN6846_c0_g1	-0.845564013822099	NA	NA
TRINITY_DN6846_c0_g2	-1.18000613434161	NA	NA
TRINITY_DN6847_c0_g1	-1.18505527752359	NA	NA
TRINITY_DN6848_c0_g1	-0.801125941872614	NA	NA
TRINITY_DN6849_c0_g1	2.81106757131129	NA	NA
TRINITY_DN6849_c0_g2	0.986534369504927	NA	NA
TRINITY_DN685_c0_g1	0.973059502125545	0.999155368198447	NA
TRINITY_DN6850_c0_g1	0.0677620935789006	0.999155368198447	NA
TRINITY_DN6850_c0_g2	0.0930710295085449	NA	NA
TRINITY_DN6851_c0_g1	-1.51321766913811	NA	NA
TRINITY_DN6851_c0_g2	0.379457888198065	NA	NA
TRINITY_DN6852_c0_g1	1.13068693124062	NA	NA
TRINITY_DN6852_c0_g2	-1.51408937232975	NA	NA
TRINITY_DN6853_c0_g1	-0.972607070424566	NA	NA
TRINITY_DN6854_c0_g1	-0.0458953717303076	NA	NA
TRINITY_DN6855_c0_g1	-2.46255765027701	NA	NA
TRINITY_DN6856_c0_g1	-0.557821972588864	NA	NA
TRINITY_DN6857_c0_g1	2.06410496282679	0.999155368198447	NA
TRINITY_DN6858_c0_g1	-0.0374726770818502	NA	NA
TRINITY_DN6858_c0_g2	-0.583797910161402	NA	NA
TRINITY_DN6859_c0_g1	2.55272702831562	NA	NA
TRINITY_DN6859_c0_g2	-0.186352017501036	NA	NA
TRINITY_DN686_c0_g1	1.18530258766716	0.951303799648802	NA
TRINITY_DN686_c0_g1	1.18530258766716	0.951303799648802	NA
TRINITY_DN686_c0_g1	1.18530258766716	0.951303799648802	NA
TRINITY_DN686_c0_g2	-0.55355905575828	NA	NA
TRINITY_DN6860_c0_g1	-1.50921595861984	NA	NA
TRINITY_DN6862_c0_g1	-1.50096220421686	NA	NA
TRINITY_DN6863_c0_g2	0.984764107223157	NA	NA
TRINITY_DN6865_c0_g1	0.39982727208988	NA	NA
TRINITY_DN6866_c0_g1	-0.420209363658837	0.999155368198447	NA
TRINITY_DN6866_c0_g1	-0.420209363658837	0.999155368198447	NA
TRINITY_DN6868_c0_g1	-1.21036430905541	NA	NA
TRINITY_DN6869_c0_g1	-1.60546645656855	0.999155368198447	NA
TRINITY_DN6869_c0_g2	0.48931731237268	0.999155368198447	NA
TRINITY_DN687_c0_g1	1.62351215820635	NA	NA
TRINITY_DN6871_c0_g1	-2.51830964086706	NA	NA
TRINITY_DN6873_c0_g1	-0.15534217532689	NA	NA
TRINITY_DN6874_c0_g1	-0.312202553479251	0.999155368198447	NA
TRINITY_DN6874_c0_g1	-0.312202553479251	0.999155368198447	NA
TRINITY_DN6876_c0_g1	-0.19746409170854	0.999155368198447	NA
TRINITY_DN6877_c0_g1	-1.41535409936906	NA	NA
TRINITY_DN6877_c0_g2	0.407342470669069	NA	NA
TRINITY_DN6879_c0_g1	-1.17475862391963	NA	NA
TRINITY_DN6879_c0_g2	1.12879427810433	NA	NA
TRINITY_DN688_c0_g1	-0.211542532591991	NA	NA
TRINITY_DN688_c0_g2	-0.906549556447423	0.999155368198447	NA
TRINITY_DN6880_c0_g1	0.666373231767527	NA	NA
TRINITY_DN6881_c0_g1	-1.15331977933627	NA	NA
TRINITY_DN6882_c0_g1	-1.03913788192089	NA	NA
TRINITY_DN6884_c0_g1	1.03642070183598	NA	NA
TRINITY_DN6885_c0_g1	-2.29543076294186	NA	NA
TRINITY_DN6886_c0_g1	-2.52402419184118	NA	NA
TRINITY_DN6887_c0_g1	-2.08358850946716	NA	NA
TRINITY_DN6889_c0_g1	0.202221428001205	NA	NA
TRINITY_DN6889_c0_g2	1.36651860459085	NA	NA
TRINITY_DN689_c0_g1	-0.674936172422997	0.999155368198447	NA
TRINITY_DN689_c0_g1	-0.674936172422997	0.999155368198447	NA
TRINITY_DN6891_c0_g1	-0.542371177322952	NA	NA
TRINITY_DN6891_c0_g2	-2.47266812448323	NA	NA
TRINITY_DN6895_c0_g1	1.4959182696658	0.999155368198447	NA
TRINITY_DN6896_c0_g1	0.40797843220199	NA	NA
TRINITY_DN6896_c0_g2	0.213629653781452	NA	NA
TRINITY_DN6897_c0_g1	-1.11299444235681	NA	NA
TRINITY_DN6899_c0_g1	2.34479942720385	NA	NA
TRINITY_DN69_c0_g1	-0.2133281851696	0.999155368198447	NA
TRINITY_DN69_c0_g1	-0.2133281851696	0.999155368198447	NA
TRINITY_DN69_c0_g2	-0.902269491488526	0.999155368198447	NA
TRINITY_DN69_c0_g2	-0.902269491488526	0.999155368198447	NA
TRINITY_DN69_c0_g3	-0.0654399437965898	0.999155368198447	NA
TRINITY_DN69_c0_g3	-0.0654399437965898	0.999155368198447	NA
TRINITY_DN69_c0_g3	-0.0654399437965898	0.999155368198447	NA
TRINITY_DN69_c0_g3	-0.0654399437965898	0.999155368198447	NA
TRINITY_DN69_c0_g3	-0.0654399437965898	0.999155368198447	NA
TRINITY_DN69_c0_g4	1.76208259853803	NA	NA
TRINITY_DN69_c0_g5	-0.0821492208135938	0.999155368198447	NA
TRINITY_DN69_c0_g5	-0.0821492208135938	0.999155368198447	NA
TRINITY_DN69_c0_g5	-0.0821492208135938	0.999155368198447	NA
TRINITY_DN69_c0_g6	-0.368860524882809	0.999155368198447	NA
TRINITY_DN69_c0_g6	-0.368860524882809	0.999155368198447	NA
TRINITY_DN69_c0_g7	0.21646301646351	0.999155368198447	NA
TRINITY_DN69_c0_g7	0.21646301646351	0.999155368198447	NA
TRINITY_DN69_c0_g8	-1.00165881582277	NA	NA
TRINITY_DN69_c0_g9	2.43887644326094	0.998641406015275	NA
TRINITY_DN69_c1_g1	0.377202275442358	0.999155368198447	NA
TRINITY_DN69_c1_g1	0.377202275442358	0.999155368198447	NA
TRINITY_DN69_c1_g1	0.377202275442358	0.999155368198447	NA
TRINITY_DN69_c1_g1	0.377202275442358	0.999155368198447	NA
TRINITY_DN69_c1_g1	0.377202275442358	0.999155368198447	NA
TRINITY_DN69_c1_g1	0.377202275442358	0.999155368198447	NA
TRINITY_DN69_c2_g1	0.828803490194911	0.999155368198447	NA
TRINITY_DN69_c2_g1	0.828803490194911	0.999155368198447	NA
TRINITY_DN69_c2_g1	0.828803490194911	0.999155368198447	NA
TRINITY_DN69_c2_g1	0.828803490194911	0.999155368198447	NA
TRINITY_DN69_c2_g2	1.225261322425	NA	NA
TRINITY_DN690_c0_g1	0.256609053027091	NA	NA
TRINITY_DN690_c0_g1	0.256609053027091	NA	NA
TRINITY_DN6900_c0_g1	-0.105926682804232	NA	NA
TRINITY_DN6901_c0_g1	0.884251165007685	NA	NA
TRINITY_DN6901_c0_g2	0.702773435841606	NA	NA
TRINITY_DN6901_c0_g3	0.834531654225553	NA	NA
TRINITY_DN6901_c0_g4	-0.0531326890920522	NA	NA
TRINITY_DN6902_c0_g1	-0.93622137232818	NA	NA
TRINITY_DN6902_c0_g2	-0.767833600238473	NA	NA
TRINITY_DN6903_c0_g1	-0.173185270175	0.999155368198447	NA
TRINITY_DN6904_c0_g1	-0.00995262577595492	NA	NA
TRINITY_DN6907_c0_g1	-2.05711065158308	NA	NA
TRINITY_DN6908_c0_g1	0.384694213794647	NA	NA
TRINITY_DN6909_c0_g1	2.68606006836346	NA	NA
TRINITY_DN6909_c0_g2	0.715855990989732	NA	NA
TRINITY_DN691_c0_g1	-0.180514968396445	0.999155368198447	NA
TRINITY_DN6911_c0_g1	0.383379305543614	NA	NA
TRINITY_DN6912_c0_g1	2.05055541232053	NA	NA
TRINITY_DN6912_c0_g2	-1.84185818523915	NA	NA
TRINITY_DN6913_c0_g1	-2.10818900545013	NA	NA
TRINITY_DN6914_c0_g1	1.06564661830974	NA	NA
TRINITY_DN6915_c0_g1	-2.04416832926069	NA	NA
TRINITY_DN6916_c0_g1	1.80950231271155	NA	NA
TRINITY_DN6916_c0_g2	2.41155348632696	NA	NA
TRINITY_DN6917_c0_g1	-1.07731209739918	NA	NA
TRINITY_DN6918_c0_g1	0.356864333321677	NA	NA
TRINITY_DN6918_c1_g1	0.149060009491021	NA	NA
TRINITY_DN6919_c0_g1	-2.46255028004475	NA	NA
TRINITY_DN692_c0_g1	-0.631062762276713	NA	NA
TRINITY_DN6921_c0_g1	-0.887986870265186	NA	NA
TRINITY_DN6922_c0_g1	0.438740041881957	NA	NA
TRINITY_DN6922_c0_g2	0.405106017571108	NA	NA
TRINITY_DN6922_c0_g3	0.928053718419421	NA	NA
TRINITY_DN6924_c0_g1	-0.182238955532321	NA	NA
TRINITY_DN6924_c0_g2	-0.645627365388197	NA	NA
TRINITY_DN6925_c0_g1	-1.51807154720192	NA	NA
TRINITY_DN6925_c0_g2	0.733839493184606	0.999155368198447	NA
TRINITY_DN6925_c0_g2	0.733839493184606	0.999155368198447	NA
TRINITY_DN6926_c0_g1	0.39139501189862	NA	NA
TRINITY_DN6927_c0_g1	1.06745846845525	NA	NA
TRINITY_DN6927_c0_g2	1.96875857179361	NA	NA
TRINITY_DN6928_c0_g1	0.991835118270901	NA	NA
TRINITY_DN6929_c0_g2	-0.193101132976229	NA	NA
TRINITY_DN693_c0_g1	-0.652426427233248	0.999155368198447	NA
TRINITY_DN693_c0_g1	-0.652426427233248	0.999155368198447	NA
TRINITY_DN693_c1_g1	-0.911483753769574	NA	NA
TRINITY_DN693_c1_g2	-0.266533160956181	0.999155368198447	NA
TRINITY_DN693_c1_g2	-0.266533160956181	0.999155368198447	NA
TRINITY_DN6930_c0_g1	-0.193805132242625	NA	NA
TRINITY_DN6930_c0_g2	0.376487298273487	NA	NA
TRINITY_DN6932_c0_g1	-1.51807154720192	NA	NA
TRINITY_DN6932_c0_g2	-1.51807154720192	NA	NA
TRINITY_DN6933_c0_g1	0.399102521481547	NA	NA
TRINITY_DN6933_c0_g2	-0.382435378215425	0.999155368198447	NA
TRINITY_DN6935_c0_g1	1.86008621251346	NA	NA
TRINITY_DN6936_c0_g1	0.729785647786738	NA	NA
TRINITY_DN6937_c0_g1	-0.35543067787717	0.999155368198447	NA
TRINITY_DN6938_c0_g1	0.412532430815812	NA	NA
TRINITY_DN6939_c0_g1	-0.768614095511196	NA	NA
TRINITY_DN6939_c0_g2	-2.05347391111248	NA	NA
TRINITY_DN694_c0_g1	-2.57244377574606	0.752306699676963	NA
TRINITY_DN694_c0_g1	-2.57244377574606	0.752306699676963	NA
TRINITY_DN694_c0_g1	-2.57244377574606	0.752306699676963	NA
TRINITY_DN6941_c0_g1	-1.88879373548288	NA	NA
TRINITY_DN6942_c0_g1	-0.755814508920393	NA	NA
TRINITY_DN6942_c0_g1	-0.755814508920393	NA	NA
TRINITY_DN6942_c0_g2	-1.53013167364286	NA	NA
TRINITY_DN6944_c0_g1	-0.239617831162469	NA	NA
TRINITY_DN6944_c0_g2	-0.586776277885347	NA	NA
TRINITY_DN6945_c0_g1	0.404024701322506	NA	NA
TRINITY_DN6946_c0_g1	0.0798949481873222	NA	NA
TRINITY_DN6946_c0_g2	0.700440479516024	NA	NA
TRINITY_DN6947_c0_g1	-1.4750274833064	NA	NA
TRINITY_DN6949_c0_g1	0.828809043157293	0.999155368198447	NA
TRINITY_DN695_c0_g1	0.484781156606745	0.999155368198447	NA
TRINITY_DN6950_c0_g1	1.65975062912289	NA	NA
TRINITY_DN6951_c0_g1	2.3898365606805	NA	NA
TRINITY_DN6952_c0_g1	-0.0890705381544954	0.999155368198447	NA
TRINITY_DN6952_c0_g1	-0.0890705381544954	0.999155368198447	NA
TRINITY_DN6953_c0_g1	2.12577745505687	NA	NA
TRINITY_DN6954_c0_g1	1.11590424640245	NA	NA
TRINITY_DN6955_c0_g1	0.425336097210917	NA	NA
TRINITY_DN6957_c0_g1	1.76208259853803	NA	NA
TRINITY_DN6958_c0_g1	-1.84503833302279	NA	NA
TRINITY_DN6959_c0_g1	-3.11155858223824	NA	NA
TRINITY_DN6959_c0_g2	-2.81847357337681	NA	NA
TRINITY_DN696_c0_g1	0.594984946464402	0.999155368198447	NA
TRINITY_DN6960_c0_g1	0.363572185348642	NA	NA
TRINITY_DN6961_c0_g1	-0.645305467289521	NA	NA
TRINITY_DN6962_c0_g1	0.470793018288349	NA	NA
TRINITY_DN6963_c0_g1	2.11179914571522	NA	NA
TRINITY_DN6963_c0_g2	-0.00856190907062302	NA	NA
TRINITY_DN6964_c0_g1	0.400005293616761	NA	NA
TRINITY_DN6964_c0_g2	0.896466971395324	NA	NA
TRINITY_DN6964_c0_g3	0.3597329645157	NA	NA
TRINITY_DN6965_c0_g1	1.70650718640727	NA	NA
TRINITY_DN6966_c0_g1	-2.1061246527153	NA	NA
TRINITY_DN6967_c0_g1	1.66981363373633	NA	NA
TRINITY_DN6967_c0_g2	1.6528981348517	NA	NA
TRINITY_DN6967_c0_g3	-0.176141769788458	NA	NA
TRINITY_DN6969_c0_g1	0.131495510442835	NA	NA
TRINITY_DN6969_c0_g2	-0.492939907592527	NA	NA
TRINITY_DN697_c0_g1	0.393416612527397	0.999155368198447	NA
TRINITY_DN697_c0_g1	0.393416612527397	0.999155368198447	NA
TRINITY_DN6970_c0_g1	1.97876251267335	NA	NA
TRINITY_DN6970_c0_g1	1.97876251267335	NA	NA
TRINITY_DN6970_c0_g2	0.231372830464057	NA	NA
TRINITY_DN6971_c1_g1	1.86008621251346	NA	NA
TRINITY_DN6972_c0_g1	0.337268879849323	NA	NA
TRINITY_DN6972_c0_g2	-2.33048978484593	NA	NA
TRINITY_DN6973_c0_g1	-0.768614095511196	NA	NA
TRINITY_DN6973_c0_g2	2.36240593926635	NA	NA
TRINITY_DN6974_c0_g1	-3.08719569967318	NA	NA
TRINITY_DN6974_c0_g2	0.373136707293914	NA	NA
TRINITY_DN6976_c0_g1	1.36447609656541	NA	NA
TRINITY_DN6977_c0_g1	-2.10738999259162	NA	NA
TRINITY_DN6977_c0_g2	-1.52237678933332	NA	NA
TRINITY_DN6978_c0_g1	0.327735350895539	0.999155368198447	NA
TRINITY_DN698_c0_g1	-1.15561772206363	NA	NA
TRINITY_DN698_c0_g2	-0.57127821463799	NA	NA
TRINITY_DN6982_c0_g2	0.366720487892597	NA	NA
TRINITY_DN6985_c0_g1	0.437621922873225	NA	NA
TRINITY_DN6986_c0_g1	-0.326525906005423	NA	NA
TRINITY_DN6987_c0_g1	-3.68134352287171	NA	NA
TRINITY_DN699_c0_g1	0.515242920678902	0.999155368198447	NA
TRINITY_DN699_c0_g1	0.515242920678902	0.999155368198447	NA
TRINITY_DN6990_c0_g1	-0.816159544549879	0.999155368198447	NA
TRINITY_DN6990_c0_g1	-0.816159544549879	0.999155368198447	NA
TRINITY_DN6990_c1_g1	-2.58004435421207	NA	NA
TRINITY_DN6990_c1_g1	-2.58004435421207	NA	NA
TRINITY_DN6990_c1_g2	-2.52109505901859	NA	NA
TRINITY_DN6990_c1_g3	2.12314703543799	NA	NA
TRINITY_DN6990_c2_g1	1.39403347770583	NA	NA
TRINITY_DN6990_c3_g1	3.15956303802142	NA	NA
TRINITY_DN6990_c4_g1	1.06645197998059	NA	NA
TRINITY_DN6991_c0_g1	0.674184401229797	NA	NA
TRINITY_DN6992_c0_g1	0.402641250941582	NA	NA
TRINITY_DN6995_c0_g1	-0.179675009609471	NA	NA
TRINITY_DN6998_c0_g1	-1.10815625430566	NA	NA
TRINITY_DN6999_c0_g1	0.0995307620920211	0.999155368198447	NA
TRINITY_DN6999_c0_g2	0.99317869732815	NA	NA
TRINITY_DN7_c0_g1	0.602324076423507	0.999155368198447	NA
TRINITY_DN7_c0_g1	0.602324076423507	0.999155368198447	NA
TRINITY_DN7_c0_g1	0.602324076423507	0.999155368198447	NA
TRINITY_DN7_c0_g1	0.602324076423507	0.999155368198447	NA
TRINITY_DN7_c0_g1	0.602324076423507	0.999155368198447	NA
TRINITY_DN7_c0_g1	0.602324076423507	0.999155368198447	NA
TRINITY_DN70_c0_g1	-0.444990234660142	0.999155368198447	NA
TRINITY_DN700_c0_g1	1.14376324060029	NA	NA
TRINITY_DN7000_c0_g1	-1.04206014379755	NA	NA
TRINITY_DN7001_c0_g1	-0.62942776793444	NA	NA
TRINITY_DN7003_c0_g1	-0.487623733433233	NA	NA
TRINITY_DN7003_c0_g2	-0.543731793648859	NA	NA
TRINITY_DN7004_c0_g1	0.0772195434029266	NA	NA
TRINITY_DN7005_c0_g1	-2.41340458201845	NA	NA
TRINITY_DN7006_c0_g1	0.731162112329876	NA	NA
TRINITY_DN7007_c0_g1	-1.50576064523823	NA	NA
TRINITY_DN7009_c0_g1	1.11253584851873	NA	NA
TRINITY_DN7009_c0_g2	-0.768614095511196	NA	NA
TRINITY_DN701_c0_g1	-0.669998308846844	NA	NA
TRINITY_DN701_c0_g1	-0.669998308846844	NA	NA
TRINITY_DN7010_c0_g1	-0.27523908223077	NA	NA
TRINITY_DN7011_c0_g1	-0.357620298417789	NA	NA
TRINITY_DN7011_c0_g2	-0.565483155921176	NA	NA
TRINITY_DN7014_c0_g1	-2.46912998241708	NA	NA
TRINITY_DN7018_c0_g1	1.08066492732353	NA	NA
TRINITY_DN7019_c0_g1	-2.46258299624801	NA	NA
TRINITY_DN702_c0_g1	0.118120855054	0.999155368198447	NA
TRINITY_DN702_c1_g1	-0.179675009609471	NA	NA
TRINITY_DN7021_c0_g1	0.928395337502301	NA	NA
TRINITY_DN7023_c0_g1	-0.478987576081733	NA	NA
TRINITY_DN7024_c0_g1	2.81100338776588	NA	NA
TRINITY_DN7026_c0_g1	-1.60681981346357	NA	NA
TRINITY_DN7026_c0_g1	-1.60681981346357	NA	NA
TRINITY_DN7027_c0_g1	1.80950231271155	NA	NA
TRINITY_DN7027_c0_g2	-0.575557587545101	NA	NA
TRINITY_DN7028_c0_g1	-1.04878746515088	NA	NA
TRINITY_DN703_c0_g1	-3.68576965165092	NA	NA
TRINITY_DN703_c0_g2	1.01316389676385	NA	NA
TRINITY_DN7030_c0_g1	-1.49327118451111	NA	NA
TRINITY_DN7032_c0_g1	-1.82103193554342	NA	NA
TRINITY_DN7033_c0_g1	0.91996322746888	0.999155368198447	NA
TRINITY_DN7036_c0_g1	-0.589249241223475	NA	NA
TRINITY_DN7036_c0_g1	-0.589249241223475	NA	NA
TRINITY_DN7036_c0_g2	-3.31790777489284	NA	NA
TRINITY_DN7037_c0_g1	2.44725580814198	NA	NA
TRINITY_DN7038_c0_g1	-0.684388635650584	0.999155368198447	NA
TRINITY_DN7038_c0_g1	-0.684388635650584	0.999155368198447	NA
TRINITY_DN7039_c0_g1	-1.09155427029209	NA	NA
TRINITY_DN704_c0_g1	1.17673743908999	NA	NA
TRINITY_DN704_c0_g2	-0.76526029836507	NA	NA
TRINITY_DN7042_c0_g1	0.19923586138866	NA	NA
TRINITY_DN7048_c0_g1	0.410360388094382	NA	NA
TRINITY_DN705_c0_g1	-0.512893360036192	NA	NA
TRINITY_DN705_c0_g2	-0.954650855286709	NA	NA
TRINITY_DN7051_c0_g1	0.828291747830948	NA	NA
TRINITY_DN7052_c0_g1	-1.489233366903	NA	NA
TRINITY_DN7054_c0_g1	-0.511506111526228	NA	NA
TRINITY_DN7054_c0_g2	-1.17632817234348	0.999155368198447	NA
TRINITY_DN7055_c0_g1	0.638326171539742	NA	NA
TRINITY_DN7057_c0_g1	-1.88710623985829	NA	NA
TRINITY_DN7058_c0_g1	0.371546442800816	NA	NA
TRINITY_DN7059_c0_g1	-0.180790668929449	NA	NA
TRINITY_DN706_c0_g1	0.207720981461773	0.999155368198447	NA
TRINITY_DN7060_c0_g1	0.0582743342045574	NA	NA
TRINITY_DN7062_c0_g1	-1.51408937232975	NA	NA
TRINITY_DN7065_c0_g1	-1.08782474938681	NA	NA
TRINITY_DN7067_c0_g1	-2.51703130674498	NA	NA
TRINITY_DN7068_c0_g1	-1.13083254575864	NA	NA
TRINITY_DN7068_c0_g2	1.1105547342354	NA	NA
TRINITY_DN7069_c0_g1	-1.29370505489126	0.999155368198447	NA
TRINITY_DN707_c0_g1	-0.300925600716823	0.999155368198447	NA
TRINITY_DN7070_c0_g1	-2.47136070345954	NA	NA
TRINITY_DN7071_c0_g1	0.993714070498866	NA	NA
TRINITY_DN7072_c0_g1	1.13486243831128	NA	NA
TRINITY_DN7074_c0_g2	3.18486576126646	NA	NA
TRINITY_DN7075_c0_g1	1.10038501600137	NA	NA
TRINITY_DN7077_c0_g1	-0.565948761441051	NA	NA
TRINITY_DN7078_c0_g1	-2.06097736660881	NA	NA
TRINITY_DN7079_c0_g1	-2.09030870408581	NA	NA
TRINITY_DN708_c0_g1	0.354350440479135	NA	NA
TRINITY_DN7080_c0_g1	-1.09895479029431	NA	NA
TRINITY_DN7080_c0_g2	2.83032869577907	NA	NA
TRINITY_DN7081_c0_g1	0.820632527316623	NA	NA
TRINITY_DN7082_c0_g1	-2.34976994272066	NA	NA
TRINITY_DN7086_c0_g1	-2.06983468100724	NA	NA
TRINITY_DN7086_c0_g2	0.0656596061723824	NA	NA
TRINITY_DN7088_c0_g1	1.73609838813154	NA	NA
TRINITY_DN7089_c0_g1	-0.579518920675429	NA	NA
TRINITY_DN709_c0_g1	-3.11175604036639	NA	NA
TRINITY_DN7091_c0_g1	-0.768614095511196	NA	NA
TRINITY_DN7091_c0_g2	1.41691950834709	NA	NA
TRINITY_DN7092_c0_g1	-1.52237678933332	NA	NA
TRINITY_DN7093_c0_g2	0.437973952206398	NA	NA
TRINITY_DN7097_c0_g1	2.18023485476437	NA	NA
TRINITY_DN7099_c0_g1	NA	NA	NA
TRINITY_DN71_c0_g1	-0.814019062925433	0.48480237489102	NA
TRINITY_DN71_c0_g1	-0.814019062925433	0.48480237489102	NA
TRINITY_DN710_c0_g1	3.35134267394786	NA	NA
TRINITY_DN710_c0_g1	3.35134267394786	NA	NA
TRINITY_DN7100_c0_g1	1.86008621251346	NA	NA
TRINITY_DN7100_c0_g2	1.09492075929747	NA	NA
TRINITY_DN7102_c0_g1	0.327763730757908	NA	NA
TRINITY_DN7103_c0_g1	0.121038354033321	NA	NA
TRINITY_DN7104_c0_g1	0.978703461689379	NA	NA
TRINITY_DN7105_c0_g1	-0.577420855580623	NA	NA
TRINITY_DN7106_c0_g1	2.42059323328607	NA	NA
TRINITY_DN7106_c0_g2	0.184638280296087	NA	NA
TRINITY_DN7108_c0_g1	-0.619630821196701	NA	NA
TRINITY_DN7108_c0_g2	0.197151745161031	NA	NA
TRINITY_DN711_c0_g1	1.53114559221628	0.69242418978957	NA
TRINITY_DN711_c0_g1	1.53114559221628	0.69242418978957	NA
TRINITY_DN711_c0_g1	1.53114559221628	0.69242418978957	NA
TRINITY_DN711_c0_g1	1.53114559221628	0.69242418978957	NA
TRINITY_DN711_c0_g1	1.53114559221628	0.69242418978957	NA
TRINITY_DN711_c0_g1	1.53114559221628	0.69242418978957	NA
TRINITY_DN711_c0_g2	3.67053816887466	NA	NA
TRINITY_DN711_c0_g3	3.6344424790459	NA	NA
TRINITY_DN711_c1_g1	2.75905656485706	NA	NA
TRINITY_DN7111_c0_g1	-2.12599672253002	NA	NA
TRINITY_DN7112_c0_g1	2.02230964569636	NA	NA
TRINITY_DN7113_c0_g2	-2.82468904223586	NA	NA
TRINITY_DN7118_c0_g1	0.351353439703362	NA	NA
TRINITY_DN712_c0_g1	0.491246062486741	0.999155368198447	NA
TRINITY_DN712_c0_g1	0.491246062486741	0.999155368198447	NA
TRINITY_DN712_c0_g1	0.491246062486741	0.999155368198447	NA
TRINITY_DN712_c0_g2	1.34107243157407	NA	NA
TRINITY_DN7120_c0_g1	-0.848477592269889	0.999155368198447	NA
TRINITY_DN7121_c0_g1	-0.179035556076574	0.999155368198447	NA
TRINITY_DN7121_c0_g1	-0.179035556076574	0.999155368198447	NA
TRINITY_DN7123_c0_g1	-2.45660059954148	NA	NA
TRINITY_DN7124_c0_g1	-1.51408937232975	NA	NA
TRINITY_DN7125_c0_g2	-2.1075959237613	NA	NA
TRINITY_DN7126_c0_g2	2.34479942720385	NA	NA
TRINITY_DN7127_c0_g1	1.80950231271155	NA	NA
TRINITY_DN7128_c0_g1	1.71174514241381	NA	NA
TRINITY_DN713_c0_g1	-2.00386865422631	0.999155368198447	NA
TRINITY_DN713_c0_g1	-2.00386865422631	0.999155368198447	NA
TRINITY_DN7132_c0_g1	0.914501092495741	NA	NA
TRINITY_DN7132_c0_g2	0.960593062006282	NA	NA
TRINITY_DN7134_c0_g1	-1.53179830324179	NA	NA
TRINITY_DN7134_c0_g2	0.221427360473344	NA	NA
TRINITY_DN7137_c0_g1	1.09030709351825	NA	NA
TRINITY_DN714_c0_g1	0.404751707063148	NA	NA
TRINITY_DN714_c0_g2	0.472023410303269	NA	NA
TRINITY_DN714_c0_g3	-0.0948351235481506	NA	NA
TRINITY_DN7141_c0_g2	0.971918982631564	NA	NA
TRINITY_DN7142_c0_g1	3.37897135732927	NA	NA
TRINITY_DN7145_c0_g1	-0.327285961722309	NA	NA
TRINITY_DN7145_c0_g2	0.204160711827246	NA	NA
TRINITY_DN7146_c0_g1	-1.52211104020486	NA	NA
TRINITY_DN7147_c0_g1	-2.4713240269188	NA	NA
TRINITY_DN7148_c0_g1	2.81122390659209	NA	NA
TRINITY_DN715_c0_g1	-1.36094289746989	0.999155368198447	NA
TRINITY_DN715_c0_g1	-1.36094289746989	0.999155368198447	NA
TRINITY_DN7154_c0_g1	-2.51732249506355	NA	NA
TRINITY_DN7154_c0_g2	-1.08605689337594	NA	NA
TRINITY_DN7156_c0_g1	1.76208259853803	NA	NA
TRINITY_DN7156_c0_g2	-2.09302402147116	NA	NA
TRINITY_DN7157_c0_g1	1.11935605341147	NA	NA
TRINITY_DN7158_c0_g1	-2.50208532319534	NA	NA
TRINITY_DN716_c0_g1	0.539011860722277	0.999155368198447	NA
TRINITY_DN7160_c0_g1	2.40039248516094	NA	NA
TRINITY_DN7161_c0_g1	-0.804804783128684	NA	NA
TRINITY_DN7164_c0_g1	-0.507660350682883	NA	NA
TRINITY_DN7165_c0_g1	0.413433235452329	NA	NA
TRINITY_DN7166_c0_g1	1.86008621251346	NA	NA
TRINITY_DN7166_c0_g2	0.913891438849162	NA	NA
TRINITY_DN7168_c0_g1	-2.12599672253002	NA	NA
TRINITY_DN717_c0_g1	-0.229780661960486	0.999155368198447	NA
TRINITY_DN717_c0_g1	-0.229780661960486	0.999155368198447	NA
TRINITY_DN717_c0_g1	-0.229780661960486	0.999155368198447	NA
TRINITY_DN717_c0_g1	-0.229780661960486	0.999155368198447	NA
TRINITY_DN7170_c0_g1	2.11160710623637	NA	NA
TRINITY_DN7173_c0_g1	-1.49198708382761	NA	NA
TRINITY_DN7173_c0_g2	-0.971116100332723	NA	NA
TRINITY_DN7173_c0_g3	-0.517577842347734	NA	NA
TRINITY_DN7176_c0_g1	0.955659554682695	NA	NA
TRINITY_DN7177_c0_g1	1.39316166640739	NA	NA
TRINITY_DN7178_c0_g1	1.83480038992976	NA	NA
TRINITY_DN7178_c0_g2	-1.08972710095273	NA	NA
TRINITY_DN7179_c0_g1	2.8110055329277	NA	NA
TRINITY_DN718_c0_g1	-3.10159543378807	NA	NA
TRINITY_DN7181_c0_g1	-0.960722085202851	NA	NA
TRINITY_DN7184_c0_g1	-0.614236863187286	NA	NA
TRINITY_DN7184_c0_g2	-2.51791202371628	NA	NA
TRINITY_DN7185_c0_g1	-1.15166272146108	NA	NA
TRINITY_DN7185_c0_g2	0.190257665086505	NA	NA
TRINITY_DN7186_c0_g1	0.362915312792804	NA	NA
TRINITY_DN7188_c0_g1	0.463830971567679	NA	NA
TRINITY_DN7188_c1_g1	-1.45746470731771	NA	NA
TRINITY_DN719_c0_g1	0.388028632213434	NA	NA
TRINITY_DN7191_c0_g1	0.160704546232716	NA	NA
TRINITY_DN7191_c0_g1	0.160704546232716	NA	NA
TRINITY_DN7193_c0_g1	-2.51380949202491	NA	NA
TRINITY_DN7194_c0_g1	1.1163000980254	NA	NA
TRINITY_DN7195_c0_g1	2.44725580814198	NA	NA
TRINITY_DN7198_c0_g1	-2.11018250113965	NA	NA
TRINITY_DN72_c0_g1	0.0619658002648352	0.999155368198447	NA
TRINITY_DN72_c0_g1	0.0619658002648352	0.999155368198447	NA
TRINITY_DN72_c0_g1	0.0619658002648352	0.999155368198447	NA
TRINITY_DN72_c0_g1	0.0619658002648352	0.999155368198447	NA
TRINITY_DN72_c0_g1	0.0619658002648352	0.999155368198447	NA
TRINITY_DN72_c0_g1	0.0619658002648352	0.999155368198447	NA
TRINITY_DN72_c0_g1	0.0619658002648352	0.999155368198447	NA
TRINITY_DN72_c0_g1	0.0619658002648352	0.999155368198447	NA
TRINITY_DN72_c0_g1	0.0619658002648352	0.999155368198447	NA
TRINITY_DN72_c1_g1	4.28720318223741	NA	NA
TRINITY_DN720_c0_g1	1.13873991996792	NA	NA
TRINITY_DN7200_c0_g1	0.381386031381784	NA	NA
TRINITY_DN7201_c0_g1	0.976793309874914	NA	NA
TRINITY_DN7202_c0_g1	-1.08276877477269	NA	NA
TRINITY_DN7205_c0_g1	-0.181467068697785	NA	NA
TRINITY_DN7206_c0_g1	-0.768614095511196	NA	NA
TRINITY_DN7206_c0_g2	0.430799920285953	NA	NA
TRINITY_DN7208_c0_g1	2.14048189740076	NA	NA
TRINITY_DN721_c0_g1	-1.4055846420091	NA	NA
TRINITY_DN721_c0_g2	-0.976726121931795	NA	NA
TRINITY_DN7210_c0_g1	0.357411243188349	NA	NA
TRINITY_DN7211_c0_g1	-2.73502693382069	NA	NA
TRINITY_DN7211_c0_g2	1.99909411458904	NA	NA
TRINITY_DN7213_c0_g1	-3.08643239251006	NA	NA
TRINITY_DN7214_c0_g1	0.401142446665294	NA	NA
TRINITY_DN7216_c0_g1	-0.909479305922624	NA	NA
TRINITY_DN7217_c0_g1	-2.11002714552432	NA	NA
TRINITY_DN7219_c0_g1	-2.45647810918455	NA	NA
TRINITY_DN722_c0_g1	0.208485452905427	0.999155368198447	NA
TRINITY_DN722_c0_g1	0.208485452905427	0.999155368198447	NA
TRINITY_DN722_c0_g1	0.208485452905427	0.999155368198447	NA
TRINITY_DN7220_c0_g1	-1.52237678933332	NA	NA
TRINITY_DN7220_c0_g2	-0.532292486582169	NA	NA
TRINITY_DN7222_c0_g1	1.40835550627459	NA	NA
TRINITY_DN7224_c0_g1	2.0032251622053	NA	NA
TRINITY_DN7225_c0_g1	-1.64639128748302	NA	NA
TRINITY_DN7225_c0_g2	-3.50158522193287	NA	NA
TRINITY_DN7229_c0_g1	-0.31502935688658	NA	NA
TRINITY_DN723_c0_g1	-4.74476384705093	NA	NA
TRINITY_DN723_c0_g2	-1.27063282608101	0.999155368198447	NA
TRINITY_DN7232_c0_g1	0.398410560819798	NA	NA
TRINITY_DN7233_c0_g1	-1.45746470731771	NA	NA
TRINITY_DN7237_c0_g1	1.76208259853803	NA	NA
TRINITY_DN7239_c0_g1	1.86008621251346	NA	NA
TRINITY_DN724_c0_g1	-1.44854961947854	NA	NA
TRINITY_DN724_c0_g2	-0.613993862662297	NA	NA
TRINITY_DN7242_c0_g1	0.0195187216252014	NA	NA
TRINITY_DN7242_c0_g1	0.0195187216252014	NA	NA
TRINITY_DN7243_c0_g2	-2.49874644155327	NA	NA
TRINITY_DN7245_c0_g1	1.94043398373893	NA	NA
TRINITY_DN7246_c0_g1	2.81104198567623	NA	NA
TRINITY_DN7248_c0_g1	0.863994076725285	NA	NA
TRINITY_DN7249_c0_g1	-1.13099000648138	NA	NA
TRINITY_DN725_c0_g1	-2.67517650003635	NA	NA
TRINITY_DN7250_c0_g1	-2.05762597212104	NA	NA
TRINITY_DN7252_c0_g1	-2.987317563007	NA	NA
TRINITY_DN7252_c0_g2	0.368854636505987	NA	NA
TRINITY_DN7253_c0_g1	-2.12599672253002	NA	NA
TRINITY_DN7258_c0_g1	-0.196873946945221	NA	NA
TRINITY_DN7259_c0_g1	-1.86087264166017	NA	NA
TRINITY_DN726_c0_g1	-0.597233337345281	NA	NA
TRINITY_DN7265_c0_g1	-0.559190428511384	NA	NA
TRINITY_DN7266_c0_g1	0.81953040057011	NA	NA
TRINITY_DN7267_c0_g1	0.390207300863434	NA	NA
TRINITY_DN7269_c0_g1	-2.84614580584489	NA	NA
TRINITY_DN727_c0_g1	-0.170030720154593	0.999155368198447	NA
TRINITY_DN727_c0_g1	-0.170030720154593	0.999155368198447	NA
TRINITY_DN7270_c0_g1	-2.09430517770794	NA	NA
TRINITY_DN7273_c0_g1	-2.09302402147116	NA	NA
TRINITY_DN7274_c0_g1	-0.768614095511196	NA	NA
TRINITY_DN7274_c0_g2	-0.537935546398677	NA	NA
TRINITY_DN7279_c0_g1	0.428290285150131	NA	NA
TRINITY_DN728_c0_g1	-1.32163363103462	0.999155368198447	NA
TRINITY_DN7280_c0_g1	0.405344338461162	NA	NA
TRINITY_DN7281_c0_g1	-2.05790638485691	NA	NA
TRINITY_DN7286_c0_g1	-1.50748892642298	NA	NA
TRINITY_DN7286_c0_g2	1.6912411116799	NA	NA
TRINITY_DN7287_c0_g1	3.10983164445167	NA	NA
TRINITY_DN729_c0_g1	-1.16805572064807	NA	NA
TRINITY_DN729_c0_g1	-1.16805572064807	NA	NA
TRINITY_DN7291_c0_g1	1.09074047656982	NA	NA
TRINITY_DN7292_c0_g1	-1.88351431115964	NA	NA
TRINITY_DN7293_c0_g1	0.204048823606283	NA	NA
TRINITY_DN7296_c0_g1	-0.565839011398534	NA	NA
TRINITY_DN73_c0_g1	0.973838128600242	0.999155368198447	NA
TRINITY_DN73_c0_g2	-0.622158304005974	0.999155368198447	NA
TRINITY_DN73_c0_g2	-0.622158304005974	0.999155368198447	NA
TRINITY_DN73_c0_g3	-0.320958809558541	0.999155368198447	NA
TRINITY_DN73_c0_g3	-0.320958809558541	0.999155368198447	NA
TRINITY_DN73_c0_g3	-0.320958809558541	0.999155368198447	NA
TRINITY_DN73_c0_g3	-0.320958809558541	0.999155368198447	NA
TRINITY_DN73_c0_g3	-0.320958809558541	0.999155368198447	NA
TRINITY_DN73_c0_g3	-0.320958809558541	0.999155368198447	NA
TRINITY_DN73_c0_g4	0.91450109249574	NA	NA
TRINITY_DN73_c1_g1	1.96292004570662	0.473130272804515	NA
TRINITY_DN73_c1_g1	1.96292004570662	0.473130272804515	NA
TRINITY_DN73_c1_g1	1.96292004570662	0.473130272804515	NA
TRINITY_DN73_c1_g1	1.96292004570662	0.473130272804515	NA
TRINITY_DN73_c1_g1	1.96292004570662	0.473130272804515	NA
TRINITY_DN73_c1_g1	1.96292004570662	0.473130272804515	NA
TRINITY_DN730_c0_g1	1.10095532856012	0.999155368198447	NA
TRINITY_DN7300_c0_g1	-2.45646637503638	NA	NA
TRINITY_DN7301_c0_g1	-2.09302402147116	NA	NA
TRINITY_DN7302_c0_g1	0.182370198633867	NA	NA
TRINITY_DN7302_c0_g2	-2.11026995230839	NA	NA
TRINITY_DN7303_c0_g1	-2.06995802415341	NA	NA
TRINITY_DN7304_c0_g1	-2.49728843929288	NA	NA
TRINITY_DN7305_c0_g1	1.07876719185357	NA	NA
TRINITY_DN7306_c0_g1	2.83055717957524	NA	NA
TRINITY_DN7309_c0_g1	-0.0972355479891704	NA	NA
TRINITY_DN731_c0_g1	0.486813639469395	0.999155368198447	NA
TRINITY_DN7310_c0_g1	-2.84206566669278	NA	NA
TRINITY_DN7312_c0_g1	-2.50829056031268	NA	NA
TRINITY_DN7312_c0_g1	-2.50829056031268	NA	NA
TRINITY_DN7317_c0_g1	0.446252443499641	NA	NA
TRINITY_DN7317_c0_g2	3.16582880215683	NA	NA
TRINITY_DN7319_c0_g1	-1.85833424805893	NA	NA
TRINITY_DN732_c0_g1	0.897200218059037	NA	NA
TRINITY_DN7320_c0_g1	0.416847725021031	NA	NA
TRINITY_DN733_c0_g1	-0.187583038440843	0.999155368198447	NA
TRINITY_DN7330_c0_g1	0.367560109655545	NA	NA
TRINITY_DN7332_c0_g1	-1.14575307419735	NA	NA
TRINITY_DN7334_c0_g1	-1.11737304801815	NA	NA
TRINITY_DN7335_c0_g1	1.40078542105826	NA	NA
TRINITY_DN7337_c0_g1	-1.52237678933332	NA	NA
TRINITY_DN7339_c0_g1	-2.0438253325151	NA	NA
TRINITY_DN734_c0_g1	-1.94674412349471	NA	NA
TRINITY_DN734_c0_g2	2.11354105350169	NA	NA
TRINITY_DN7340_c0_g1	0.368426533929281	NA	NA
TRINITY_DN7341_c0_g1	3.13134408283979	NA	NA
TRINITY_DN7345_c0_g1	-1.98923090974888	NA	NA
TRINITY_DN7348_c0_g1	1.70605348033161	NA	NA
TRINITY_DN735_c0_g1	2.41105709150387	0.072880087058927	NA
TRINITY_DN735_c0_g1	2.41105709150387	0.072880087058927	NA
TRINITY_DN735_c0_g1	2.41105709150387	0.072880087058927	NA
TRINITY_DN735_c1_g1	-0.471171973199917	NA	NA
TRINITY_DN735_c1_g2	0.72691912154693	0.999155368198447	NA
TRINITY_DN7352_c0_g1	0.350077790651681	NA	NA
TRINITY_DN7353_c0_g1	0.701674144088011	NA	NA
TRINITY_DN7357_c0_g1	-1.15293050164694	0.999155368198447	NA
TRINITY_DN7358_c0_g1	-1.10176898377529	NA	NA
TRINITY_DN7359_c0_g1	-2.1008471726672	NA	NA
TRINITY_DN7359_c0_g2	0.91450109249574	NA	NA
TRINITY_DN736_c0_g1	-0.2823320680156	0.999155368198447	NA
TRINITY_DN7363_c0_g1	2.83563230111853	NA	NA
TRINITY_DN7364_c0_g1	0.839437378969802	NA	NA
TRINITY_DN7366_c0_g1	-1.57084403296846	NA	NA
TRINITY_DN7368_c0_g1	2.80941590716106	NA	NA
TRINITY_DN737_c0_g1	-1.44522855839828	NA	NA
TRINITY_DN737_c0_g2	1.42548065572347	NA	NA
TRINITY_DN7371_c0_g1	2.29137795092752	0.580119915375424	NA
TRINITY_DN7372_c0_g1	0.335522266817087	NA	NA
TRINITY_DN7375_c0_g1	-1.52237678933332	NA	NA
TRINITY_DN7376_c0_g2	-2.84764741704858	NA	NA
TRINITY_DN738_c0_g1	0.392031853284505	NA	NA
TRINITY_DN7381_c0_g1	-2.12599672253002	NA	NA
TRINITY_DN7382_c0_g1	0.719955584521146	NA	NA
TRINITY_DN7383_c0_g1	0.414327936571491	NA	NA
TRINITY_DN7384_c0_g1	0.35317035295872	NA	NA
TRINITY_DN7385_c0_g1	-0.461239899347909	0.999155368198447	NA
TRINITY_DN7385_c0_g1	-0.461239899347909	0.999155368198447	NA
TRINITY_DN7387_c0_g1	2.39439602029138	NA	NA
TRINITY_DN7388_c0_g1	0.0684886752510632	NA	NA
TRINITY_DN739_c0_g1	0.295237290805296	0.999155368198447	NA
TRINITY_DN739_c0_g2	0.712840019867999	NA	NA
TRINITY_DN7390_c0_g1	1.01315134812724	NA	NA
TRINITY_DN7391_c0_g1	0.388577224136902	NA	NA
TRINITY_DN7394_c0_g1	2.80941590716106	NA	NA
TRINITY_DN7397_c0_g1	-2.49820393174779	NA	NA
TRINITY_DN7398_c0_g1	-2.46038415400068	NA	NA
TRINITY_DN7398_c0_g2	1.68785123898368	NA	NA
TRINITY_DN74_c0_g1	-0.244798017851804	0.999155368198447	NA
TRINITY_DN74_c0_g1	-0.244798017851804	0.999155368198447	NA
TRINITY_DN74_c0_g1	-0.244798017851804	0.999155368198447	NA
TRINITY_DN74_c0_g1	-0.244798017851804	0.999155368198447	NA
TRINITY_DN74_c0_g1	-0.244798017851804	0.999155368198447	NA
TRINITY_DN74_c0_g1	-0.244798017851804	0.999155368198447	NA
TRINITY_DN74_c0_g1	-0.244798017851804	0.999155368198447	NA
TRINITY_DN740_c0_g1	-0.196729057685156	0.999155368198447	NA
TRINITY_DN7400_c0_g1	0.394760200003774	NA	NA
TRINITY_DN7401_c0_g1	1.15404499311954	NA	NA
TRINITY_DN7403_c0_g1	-2.09897012151874	NA	NA
TRINITY_DN7403_c0_g2	1.6588031811991	NA	NA
TRINITY_DN7404_c0_g1	-2.09302402147116	NA	NA
TRINITY_DN7405_c0_g2	0.999154255365291	NA	NA
TRINITY_DN7407_c0_g1	-1.47496869546543	NA	NA
TRINITY_DN7408_c0_g1	-3.49811363958983	NA	NA
TRINITY_DN741_c0_g1	0.278932303658421	NA	NA
TRINITY_DN7410_c0_g1	2.08243834315631	NA	NA
TRINITY_DN7413_c0_g1	1.12339718060067	NA	NA
TRINITY_DN7414_c0_g1	-0.590254475125747	NA	NA
TRINITY_DN742_c0_g1	-2.08672527948464	NA	NA
TRINITY_DN7424_c0_g1	0.426484641748306	NA	NA
TRINITY_DN7424_c0_g2	-1.52237678933332	NA	NA
TRINITY_DN7426_c0_g1	0.810894112502263	0.999155368198447	NA
TRINITY_DN7427_c0_g1	-2.52741986921672	NA	NA
TRINITY_DN7428_c0_g1	-0.27230532768883	NA	NA
TRINITY_DN7429_c0_g1	-0.847039597262415	0.999155368198447	NA
TRINITY_DN743_c0_g1	0.304549764009918	0.999155368198447	NA
TRINITY_DN7432_c0_g1	-0.247390586023144	NA	NA
TRINITY_DN7436_c0_g1	-1.41244020973244	NA	NA
TRINITY_DN7437_c0_g1	-1.14577010793759	NA	NA
TRINITY_DN7438_c0_g1	1.76208259853803	NA	NA
TRINITY_DN7439_c0_g1	-2.91442286446173	NA	NA
TRINITY_DN744_c0_g1	0.626751795888713	0.999155368198447	NA
TRINITY_DN744_c0_g1	0.626751795888713	0.999155368198447	NA
TRINITY_DN7440_c0_g1	-0.483113911231671	NA	NA
TRINITY_DN7440_c0_g2	-0.566217600059941	NA	NA
TRINITY_DN7441_c0_g1	-0.840514392457671	NA	NA
TRINITY_DN7443_c0_g1	0.988672446956201	NA	NA
TRINITY_DN7443_c0_g2	2.45822082346773	NA	NA
TRINITY_DN7444_c0_g1	0.37195623624445	NA	NA
TRINITY_DN7445_c0_g2	0.35358264409578	NA	NA
TRINITY_DN7448_c0_g1	0.413480571045956	0.999155368198447	NA
TRINITY_DN7449_c0_g1	0.00247856739648253	0.999155368198447	NA
TRINITY_DN745_c0_g1	-0.0129258912211708	NA	NA
TRINITY_DN7451_c0_g2	2.42232396805775	NA	NA
TRINITY_DN7452_c0_g1	-1.85723898547771	NA	NA
TRINITY_DN7453_c0_g1	-1.42429025351909	NA	NA
TRINITY_DN7453_c0_g2	1.11039559116581	NA	NA
TRINITY_DN7454_c0_g1	1.40739473915082	NA	NA
TRINITY_DN7455_c0_g1	0.931628323279404	NA	NA
TRINITY_DN7456_c0_g1	1.36607145876492	NA	NA
TRINITY_DN7457_c0_g1	0.886791648017634	NA	NA
TRINITY_DN7457_c0_g2	-0.61718991414503	0.999155368198447	NA
TRINITY_DN7458_c0_g1	-1.55255562283153	NA	NA
TRINITY_DN7458_c1_g1	0.33612497907775	NA	NA
TRINITY_DN7459_c0_g1	-0.764782811116935	NA	NA
TRINITY_DN746_c0_g1	-0.241663171678597	0.999155368198447	NA
TRINITY_DN746_c0_g1	-0.241663171678597	0.999155368198447	NA
TRINITY_DN746_c0_g1	-0.241663171678597	0.999155368198447	NA
TRINITY_DN746_c0_g1	-0.241663171678597	0.999155368198447	NA
TRINITY_DN746_c0_g1	-0.241663171678597	0.999155368198447	NA
TRINITY_DN746_c0_g1	-0.241663171678597	0.999155368198447	NA
TRINITY_DN7460_c0_g1	0.91450109249574	NA	NA
TRINITY_DN7460_c0_g2	1.44122954770261	0.999155368198447	NA
TRINITY_DN7461_c0_g1	-0.132347085161525	NA	NA
TRINITY_DN7462_c0_g1	-1.53260098124927	NA	NA
TRINITY_DN7462_c0_g2	0.399223924375635	NA	NA
TRINITY_DN7463_c0_g1	-1.57822075087792	NA	NA
TRINITY_DN7464_c0_g1	-2.05742665835146	NA	NA
TRINITY_DN7465_c0_g1	0.460714295468521	NA	NA
TRINITY_DN7466_c0_g1	-0.542842674028303	NA	NA
TRINITY_DN747_c0_g1	-0.28951876526798	NA	NA
TRINITY_DN7470_c0_g1	0.945740692122245	NA	NA
TRINITY_DN7471_c0_g1	-0.689033416847189	0.999155368198447	NA
TRINITY_DN7471_c0_g2	0.0162467371670181	0.999155368198447	NA
TRINITY_DN7472_c0_g1	-0.021034086790808	0.999155368198447	NA
TRINITY_DN7474_c0_g1	0.0795548408809333	NA	NA
TRINITY_DN7474_c0_g2	0.24619033717485	0.999155368198447	NA
TRINITY_DN7477_c0_g1	-0.593722513254296	NA	NA
TRINITY_DN7478_c0_g1	0.354680773839493	NA	NA
TRINITY_DN748_c0_g1	-0.0496222330660564	0.999155368198447	NA
TRINITY_DN748_c0_g1	-0.0496222330660564	0.999155368198447	NA
TRINITY_DN748_c0_g1	-0.0496222330660564	0.999155368198447	NA
TRINITY_DN748_c0_g1	-0.0496222330660564	0.999155368198447	NA
TRINITY_DN748_c0_g1	-0.0496222330660564	0.999155368198447	NA
TRINITY_DN748_c0_g1	-0.0496222330660564	0.999155368198447	NA
TRINITY_DN748_c1_g1	-0.798420942037784	0.999155368198447	NA
TRINITY_DN748_c1_g1	-0.798420942037784	0.999155368198447	NA
TRINITY_DN748_c2_g1	0.375256869678663	0.999155368198447	NA
TRINITY_DN748_c3_g1	1.49256338708955	0.999155368198447	NA
TRINITY_DN748_c4_g1	0.834407083409046	NA	NA
TRINITY_DN748_c5_g1	-3.10345496275075	NA	NA
TRINITY_DN7481_c0_g1	-2.5182870942612	NA	NA
TRINITY_DN7481_c0_g2	1.06976911441969	NA	NA
TRINITY_DN7483_c0_g1	1.72095807276839	NA	NA
TRINITY_DN7484_c0_g1	-0.316397494338605	0.999155368198447	NA
TRINITY_DN7485_c0_g1	2.41230178351027	NA	NA
TRINITY_DN7485_c0_g1	2.41230178351027	NA	NA
TRINITY_DN7487_c0_g1	-0.768614095511196	NA	NA
TRINITY_DN7487_c0_g2	0.360997199181365	NA	NA
TRINITY_DN7489_c0_g1	-1.45746470731771	NA	NA
TRINITY_DN749_c0_g1	-0.637294753822529	NA	NA
TRINITY_DN749_c0_g2	-0.134351849537269	0.999155368198447	NA
TRINITY_DN7491_c0_g1	0.0553016788055957	0.999155368198447	NA
TRINITY_DN7492_c0_g1	1.80946760724545	NA	NA
TRINITY_DN7493_c0_g1	2.81110569061053	NA	NA
TRINITY_DN7496_c0_g1	-1.08201399403979	NA	NA
TRINITY_DN7496_c0_g2	2.68974525644997	NA	NA
TRINITY_DN7498_c0_g1	0.822646413798829	0.999155368198447	NA
TRINITY_DN75_c0_g1	0.2195182724091	0.999155368198447	NA
TRINITY_DN75_c0_g1	0.2195182724091	0.999155368198447	NA
TRINITY_DN75_c0_g1	0.2195182724091	0.999155368198447	NA
TRINITY_DN75_c0_g1	0.2195182724091	0.999155368198447	NA
TRINITY_DN75_c0_g1	0.2195182724091	0.999155368198447	NA
TRINITY_DN75_c0_g1	0.2195182724091	0.999155368198447	NA
TRINITY_DN75_c0_g1	0.2195182724091	0.999155368198447	NA
TRINITY_DN75_c0_g1	0.2195182724091	0.999155368198447	NA
TRINITY_DN75_c0_g1	0.2195182724091	0.999155368198447	NA
TRINITY_DN75_c0_g1	0.2195182724091	0.999155368198447	NA
TRINITY_DN750_c0_g1	-0.0920239789840965	0.999155368198447	NA
TRINITY_DN7501_c0_g1	0.0938273170082126	NA	NA
TRINITY_DN7503_c0_g1	-0.324923213252802	0.999155368198447	NA
TRINITY_DN7505_c0_g1	0.283696853077597	0.999155368198447	NA
TRINITY_DN7505_c0_g1	0.283696853077597	0.999155368198447	NA
TRINITY_DN7505_c0_g1	0.283696853077597	0.999155368198447	NA
TRINITY_DN7509_c0_g1	-0.416383654100626	0.999155368198447	NA
TRINITY_DN7509_c0_g1	-0.416383654100626	0.999155368198447	NA
TRINITY_DN751_c0_g1	0.355760916184197	NA	NA
TRINITY_DN7510_c0_g1	-1.8594347419058	NA	NA
TRINITY_DN7511_c0_g1	-1.82785197921223	NA	NA
TRINITY_DN7512_c0_g1	0.868283704839033	NA	NA
TRINITY_DN7512_c0_g2	-1.83067390518911	NA	NA
TRINITY_DN7513_c0_g1	1.62432595704218	NA	NA
TRINITY_DN7513_c0_g2	-0.768614095511197	NA	NA
TRINITY_DN7514_c0_g1	1.10900927993379	NA	NA
TRINITY_DN7514_c0_g2	-0.89576746857686	NA	NA
TRINITY_DN7516_c0_g1	-0.861281481003455	0.999155368198447	NA
TRINITY_DN7517_c0_g1	-0.577792379577993	NA	NA
TRINITY_DN752_c0_g1	0.611214454541344	0.999155368198447	NA
TRINITY_DN752_c0_g1	0.611214454541344	0.999155368198447	NA
TRINITY_DN752_c0_g2	-1.39078459462176	NA	NA
TRINITY_DN752_c0_g3	0.405173295139194	NA	NA
TRINITY_DN752_c0_g4	-0.0153335647759352	0.999155368198447	NA
TRINITY_DN752_c0_g5	0.733106271429401	NA	NA
TRINITY_DN752_c1_g1	-0.382142905220981	0.999155368198447	NA
TRINITY_DN752_c1_g1	-0.382142905220981	0.999155368198447	NA
TRINITY_DN752_c1_g2	0.300365196275309	0.999155368198447	NA
TRINITY_DN752_c2_g1	0.786488498920192	0.999155368198447	NA
TRINITY_DN7522_c0_g1	0.427144733963861	NA	NA
TRINITY_DN7525_c0_g1	0.0593980882669615	0.999155368198447	NA
TRINITY_DN7526_c0_g1	-0.515037968325524	NA	NA
TRINITY_DN7526_c0_g2	0.430916114624337	NA	NA
TRINITY_DN7527_c0_g1	2.11871682202174	NA	NA
TRINITY_DN753_c0_g1	0.37945734375071	0.999155368198447	NA
TRINITY_DN753_c0_g1	0.37945734375071	0.999155368198447	NA
TRINITY_DN753_c0_g1	0.37945734375071	0.999155368198447	NA
TRINITY_DN753_c0_g1	0.37945734375071	0.999155368198447	NA
TRINITY_DN7530_c0_g1	-1.46528968119425	NA	NA
TRINITY_DN7530_c0_g2	0.282402867836478	0.999155368198447	NA
TRINITY_DN7530_c0_g2	0.282402867836478	0.999155368198447	NA
TRINITY_DN7531_c0_g1	0.185002864156637	NA	NA
TRINITY_DN7531_c0_g2	-2.54158249550552	NA	NA
TRINITY_DN7533_c0_g1	-2.03095000909396	NA	NA
TRINITY_DN7534_c0_g1	2.90704254537512	NA	NA
TRINITY_DN7534_c0_g2	-0.467933201131883	NA	NA
TRINITY_DN7535_c0_g1	0.770293615244607	NA	NA
TRINITY_DN7535_c0_g2	0.209147066933062	NA	NA
TRINITY_DN7538_c0_g1	-1.51629674740779	NA	NA
TRINITY_DN7539_c0_g1	-0.174973537732257	NA	NA
TRINITY_DN754_c0_g1	-1.08959731981402	0.999155368198447	NA
TRINITY_DN754_c0_g1	-1.08959731981402	0.999155368198447	NA
TRINITY_DN754_c0_g2	-0.641037267274467	NA	NA
TRINITY_DN7541_c0_g1	1.76070330853264	NA	NA
TRINITY_DN7541_c0_g2	0.178841846306091	NA	NA
TRINITY_DN7542_c0_g1	-0.526284436665134	NA	NA
TRINITY_DN7544_c0_g1	0.379148163590978	NA	NA
TRINITY_DN7547_c0_g1	-2.5182980362475	NA	NA
TRINITY_DN755_c0_g1	2.05773413350548	0.999155368198447	NA
TRINITY_DN755_c0_g2	-1.73069409982366	NA	NA
TRINITY_DN7550_c0_g1	1.70423475582511	NA	NA
TRINITY_DN7551_c0_g1	-2.80259271209795	NA	NA
TRINITY_DN7551_c0_g2	-2.31259489957694	NA	NA
TRINITY_DN7552_c0_g1	-3.49464462688442	NA	NA
TRINITY_DN7553_c0_g1	1.04536567453681	NA	NA
TRINITY_DN7554_c0_g1	0.365881929313637	NA	NA
TRINITY_DN7556_c0_g1	-1.49115936390346	NA	NA
TRINITY_DN7557_c0_g1	-0.159902477060628	NA	NA
TRINITY_DN7558_c0_g1	-2.05922121765888	NA	NA
TRINITY_DN7558_c0_g2	1.38197664142729	NA	NA
TRINITY_DN7559_c0_g1	-0.596562756955332	NA	NA
TRINITY_DN756_c0_g1	-0.768614095511196	NA	NA
TRINITY_DN756_c0_g2	2.70294698989938	NA	NA
TRINITY_DN7561_c0_g1	1.13940174331793	NA	NA
TRINITY_DN7561_c0_g2	-2.78914676252117	NA	NA
TRINITY_DN7562_c0_g1	0.0690110971446434	NA	NA
TRINITY_DN7564_c0_g1	0.33209440126792	NA	NA
TRINITY_DN7566_c0_g1	0.849551192898757	NA	NA
TRINITY_DN7567_c0_g1	-1.8207809806584	NA	NA
TRINITY_DN7569_c0_g1	-0.964755779586946	NA	NA
TRINITY_DN757_c0_g1	2.87792622245257	NA	NA
TRINITY_DN7570_c0_g1	0.537149404082698	NA	NA
TRINITY_DN7572_c0_g1	1.37037737898282	NA	NA
TRINITY_DN7576_c0_g1	0.351831637599751	NA	NA
TRINITY_DN7578_c0_g1	-1.34718808902822	NA	NA
TRINITY_DN758_c0_g1	-2.65064948376533	NA	NA
TRINITY_DN758_c0_g2	1.00588729968419	0.999155368198447	NA
TRINITY_DN7580_c0_g1	1.96714606538167	NA	NA
TRINITY_DN7581_c0_g1	1.05584814924043	NA	NA
TRINITY_DN7582_c0_g1	-0.693163356748021	NA	NA
TRINITY_DN7582_c0_g1	-0.693163356748021	NA	NA
TRINITY_DN7585_c0_g1	0.355571727817877	NA	NA
TRINITY_DN7585_c0_g2	0.928145662674859	NA	NA
TRINITY_DN7587_c0_g1	2.42008804647681	NA	NA
TRINITY_DN7588_c0_g1	1.38066665210598	NA	NA
TRINITY_DN7588_c0_g2	-2.10037738277712	NA	NA
TRINITY_DN759_c0_g1	0.307185327480553	0.999155368198447	NA
TRINITY_DN759_c1_g1	-0.28000767992776	NA	NA
TRINITY_DN7591_c0_g1	1.86008621251346	NA	NA
TRINITY_DN7592_c0_g1	-2.49527261094109	NA	NA
TRINITY_DN7593_c0_g1	3.40426053731453	NA	NA
TRINITY_DN7594_c0_g1	1.13051986426976	NA	NA
TRINITY_DN7595_c0_g1	1.03764332931792	NA	NA
TRINITY_DN7595_c0_g2	-0.517202255923421	0.999155368198447	NA
TRINITY_DN7597_c0_g1	0.914501092495741	NA	NA
TRINITY_DN7597_c0_g2	2.79354318163432	NA	NA
TRINITY_DN7599_c0_g1	-0.520394687505917	NA	NA
TRINITY_DN76_c0_g1	-0.29814270466058	0.999155368198447	NA
TRINITY_DN76_c0_g1	-0.29814270466058	0.999155368198447	NA
TRINITY_DN76_c0_g1	-0.29814270466058	0.999155368198447	NA
TRINITY_DN76_c0_g1	-0.29814270466058	0.999155368198447	NA
TRINITY_DN76_c0_g1	-0.29814270466058	0.999155368198447	NA
TRINITY_DN76_c0_g1	-0.29814270466058	0.999155368198447	NA
TRINITY_DN76_c0_g2	-0.211274177652281	0.999155368198447	NA
TRINITY_DN76_c1_g1	-0.571086167161631	NA	NA
TRINITY_DN76_c2_g1	-2.09898080218466	NA	NA
TRINITY_DN760_c0_g1	-2.39601075791889	0.999155368198447	NA
TRINITY_DN7600_c0_g1	-0.517310983389711	NA	NA
TRINITY_DN7602_c0_g1	0.175435222488656	NA	NA
TRINITY_DN7602_c0_g2	0.315111595219092	NA	NA
TRINITY_DN7603_c0_g1	-2.10769132626819	NA	NA
TRINITY_DN7604_c0_g1	0.370820745473351	NA	NA
TRINITY_DN7606_c0_g1	-1.16534367398028	NA	NA
TRINITY_DN7606_c0_g2	-0.761828249434993	NA	NA
TRINITY_DN7606_c0_g2	-0.761828249434993	NA	NA
TRINITY_DN7608_c0_g1	-2.02959642777368	NA	NA
TRINITY_DN7608_c0_g2	-0.768614095511196	NA	NA
TRINITY_DN761_c0_g1	-0.291364235738123	NA	NA
TRINITY_DN761_c0_g2	0.550374457585244	0.999155368198447	NA
TRINITY_DN761_c0_g2	0.550374457585244	0.999155368198447	NA
TRINITY_DN7610_c0_g1	1.80950231271155	NA	NA
TRINITY_DN7611_c0_g1	1.38902478545456	NA	NA
TRINITY_DN7611_c0_g2	-0.162274231209911	NA	NA
TRINITY_DN7612_c0_g2	-1.21364036817639	NA	NA
TRINITY_DN7615_c0_g1	1.00309170301438	NA	NA
TRINITY_DN7618_c0_g1	-2.49054900218881	NA	NA
TRINITY_DN762_c0_g1	-1.94615534982892	0.999155368198447	NA
TRINITY_DN7625_c0_g1	-0.602796596759472	NA	NA
TRINITY_DN7625_c0_g2	-1.42596801616262	NA	NA
TRINITY_DN7626_c0_g1	-2.09944076772461	NA	NA
TRINITY_DN7627_c0_g1	-0.153559521046303	NA	NA
TRINITY_DN7628_c0_g1	0.814038551329742	NA	NA
TRINITY_DN763_c0_g1	-0.384363995792463	NA	NA
TRINITY_DN7635_c0_g1	0.343083836962672	NA	NA
TRINITY_DN7637_c0_g1	2.78502037518495	NA	NA
TRINITY_DN7638_c0_g1	0.379492723906796	NA	NA
TRINITY_DN7638_c0_g2	2.80436184764478	NA	NA
TRINITY_DN7638_c0_g3	0.91450109249574	NA	NA
TRINITY_DN7639_c0_g2	-2.1065931839368	NA	NA
TRINITY_DN764_c0_g1	-0.456534333932888	NA	NA
TRINITY_DN764_c0_g1	-0.456534333932888	NA	NA
TRINITY_DN7640_c0_g1	-0.182072479792435	NA	NA
TRINITY_DN7641_c0_g1	-1.09732578758865	NA	NA
TRINITY_DN7642_c0_g1	-2.48069429921351	NA	NA
TRINITY_DN7643_c0_g1	-0.515969672121933	NA	NA
TRINITY_DN7643_c0_g2	-0.261392570947854	NA	NA
TRINITY_DN7644_c0_g1	1.6948265278814	NA	NA
TRINITY_DN7645_c0_g1	2.44725580814198	NA	NA
TRINITY_DN7647_c0_g1	-0.461887918474293	NA	NA
TRINITY_DN7649_c0_g1	0.0714316599687125	NA	NA
TRINITY_DN7649_c0_g2	-2.10698916114604	NA	NA
TRINITY_DN765_c0_g1	0.759229807425951	0.999155368198447	NA
TRINITY_DN765_c0_g1	0.759229807425951	0.999155368198447	NA
TRINITY_DN7651_c0_g1	0.902765647685355	0.999155368198447	NA
TRINITY_DN7651_c0_g1	0.902765647685355	0.999155368198447	NA
TRINITY_DN7651_c1_g1	1.00969290827963	NA	NA
TRINITY_DN7652_c0_g1	1.76208259853803	NA	NA
TRINITY_DN7654_c0_g1	1.12456247242603	NA	NA
TRINITY_DN7656_c0_g1	-0.261373785017764	NA	NA
TRINITY_DN7657_c0_g1	-1.11905706648085	NA	NA
TRINITY_DN7657_c0_g2	-0.501483503179097	NA	NA
TRINITY_DN7658_c0_g1	2.39439602029138	NA	NA
TRINITY_DN7658_c0_g2	3.13081488783838	NA	NA
TRINITY_DN7659_c0_g1	1.11306205353503	NA	NA
TRINITY_DN766_c0_g2	0.256813471890145	NA	NA
TRINITY_DN766_c0_g2	0.256813471890145	NA	NA
TRINITY_DN766_c0_g2	0.256813471890145	NA	NA
TRINITY_DN7660_c0_g1	0.608419633288564	0.999155368198447	NA
TRINITY_DN7661_c0_g1	1.10610394368313	NA	NA
TRINITY_DN7662_c0_g1	-2.76881557035471	NA	NA
TRINITY_DN7662_c0_g2	0.345602994940892	NA	NA
TRINITY_DN7663_c0_g1	-0.224760847681596	NA	NA
TRINITY_DN7663_c0_g2	-0.470170579692159	NA	NA
TRINITY_DN7664_c0_g1	-1.45746470731771	NA	NA
TRINITY_DN7664_c0_g2	-4.17224872553636	NA	NA
TRINITY_DN7668_c0_g1	-0.216052522425101	NA	NA
TRINITY_DN7669_c0_g1	0.299942437869284	NA	NA
TRINITY_DN767_c0_g1	-0.78158147245912	0.999155368198447	NA
TRINITY_DN7671_c0_g2	1.11632170714529	NA	NA
TRINITY_DN7672_c0_g1	-2.02584506314121	NA	NA
TRINITY_DN7673_c0_g1	0.34168467814946	0.999155368198447	NA
TRINITY_DN7674_c0_g1	-0.465855327669997	NA	NA
TRINITY_DN7674_c0_g2	2.85254304188735	NA	NA
TRINITY_DN7675_c0_g1	-2.45796327663414	NA	NA
TRINITY_DN7676_c0_g1	0.233892974262279	NA	NA
TRINITY_DN7677_c0_g1	-0.368793381733238	NA	NA
TRINITY_DN7679_c0_g2	-0.582692589629167	NA	NA
TRINITY_DN768_c0_g1	0.683352415362861	0.999155368198447	NA
TRINITY_DN768_c0_g1	0.683352415362861	0.999155368198447	NA
TRINITY_DN768_c0_g1	0.683352415362861	0.999155368198447	NA
TRINITY_DN768_c0_g1	0.683352415362861	0.999155368198447	NA
TRINITY_DN768_c0_g1	0.683352415362861	0.999155368198447	NA
TRINITY_DN768_c0_g1	0.683352415362861	0.999155368198447	NA
TRINITY_DN768_c0_g1	0.683352415362861	0.999155368198447	NA
TRINITY_DN768_c0_g1	0.683352415362861	0.999155368198447	NA
TRINITY_DN768_c0_g1	0.683352415362861	0.999155368198447	NA
TRINITY_DN768_c0_g1	0.683352415362861	0.999155368198447	NA
TRINITY_DN768_c0_g1	0.683352415362861	0.999155368198447	NA
TRINITY_DN768_c0_g2	1.03224621908455	NA	NA
TRINITY_DN768_c0_g2	1.03224621908455	NA	NA
TRINITY_DN7683_c0_g1	0.361041325279945	NA	NA
TRINITY_DN7685_c0_g1	-2.28646435018929	NA	NA
TRINITY_DN7686_c0_g1	-1.16244874200817	NA	NA
TRINITY_DN7688_c0_g1	2.36068864919328	NA	NA
TRINITY_DN7689_c0_g1	-2.07373259929952	NA	NA
TRINITY_DN769_c0_g1	-0.248347834048924	0.999155368198447	NA
TRINITY_DN769_c0_g1	-0.248347834048924	0.999155368198447	NA
TRINITY_DN769_c0_g1	-0.248347834048924	0.999155368198447	NA
TRINITY_DN7690_c0_g1	2.80433547572584	NA	NA
TRINITY_DN7691_c0_g1	-2.06558374679742	NA	NA
TRINITY_DN7692_c0_g1	-0.768614095511196	NA	NA
TRINITY_DN7692_c0_g2	0.396418284168188	NA	NA
TRINITY_DN7693_c0_g1	-0.322880896831037	NA	NA
TRINITY_DN7694_c0_g1	-2.06543780769028	NA	NA
TRINITY_DN7695_c0_g1	1.80950231271155	NA	NA
TRINITY_DN7696_c0_g1	0.567801973782127	NA	NA
TRINITY_DN7697_c0_g1	-1.11352846365735	NA	NA
TRINITY_DN7699_c0_g1	-0.527368556717737	NA	NA
TRINITY_DN7699_c0_g2	0.0481470377265144	NA	NA
TRINITY_DN77_c0_g1	1.02410994314306	NA	NA
TRINITY_DN77_c0_g2	-1.8886484251317	0.325373141912262	NA
TRINITY_DN77_c0_g2	-1.8886484251317	0.325373141912262	NA
TRINITY_DN77_c0_g2	-1.8886484251317	0.325373141912262	NA
TRINITY_DN77_c0_g2	-1.8886484251317	0.325373141912262	NA
TRINITY_DN77_c0_g3	1.85482835874413	0.892511752226086	NA
TRINITY_DN77_c1_g1	-0.617256950117476	0.999155368198447	NA
TRINITY_DN77_c1_g1	-0.617256950117476	0.999155368198447	NA
TRINITY_DN770_c0_g1	0.525570312491118	NA	NA
TRINITY_DN7700_c0_g2	1.13542016325149	NA	NA
TRINITY_DN7701_c0_g2	-1.80665468049833	NA	NA
TRINITY_DN7702_c0_g1	1.86008621251346	NA	NA
TRINITY_DN7708_c0_g1	-1.08801762998039	NA	NA
TRINITY_DN771_c0_g1	1.41632865844285	NA	NA
TRINITY_DN7715_c0_g1	0.190575517823607	NA	NA
TRINITY_DN7715_c0_g2	-2.44790559686642	NA	NA
TRINITY_DN7716_c0_g1	-1.12474819196157	NA	NA
TRINITY_DN772_c0_g1	1.63628655433387	0.999155368198447	NA
TRINITY_DN772_c0_g1	1.63628655433387	0.999155368198447	NA
TRINITY_DN772_c0_g1	1.63628655433387	0.999155368198447	NA
TRINITY_DN7721_c0_g1	-0.180613008762599	NA	NA
TRINITY_DN7722_c0_g1	1.76208259853803	NA	NA
TRINITY_DN7724_c0_g1	1.72146263657203	NA	NA
TRINITY_DN7725_c0_g1	2.39218893483915	NA	NA
TRINITY_DN7726_c0_g1	-0.984042246758476	0.999155368198447	NA
TRINITY_DN7726_c1_g1	-0.635350037897517	NA	NA
TRINITY_DN7727_c0_g1	0.356920660793883	NA	NA
TRINITY_DN773_c0_g1	-1.04099804199446	0.999155368198447	NA
TRINITY_DN7731_c0_g1	1.04673961220648	NA	NA
TRINITY_DN7732_c0_g1	1.86008621251346	NA	NA
TRINITY_DN7737_c0_g1	-0.251867912323835	NA	NA
TRINITY_DN774_c0_g1	-1.20586547579036	0.999155368198447	NA
TRINITY_DN774_c0_g1	-1.20586547579036	0.999155368198447	NA
TRINITY_DN7740_c0_g1	-0.183477914501113	NA	NA
TRINITY_DN7741_c0_g1	-1.07684347064632	NA	NA
TRINITY_DN7745_c0_g1	-2.48125549940331	NA	NA
TRINITY_DN7748_c0_g1	-2.07003641881144	NA	NA
TRINITY_DN7748_c0_g2	-2.1007170890706	NA	NA
TRINITY_DN7748_c0_g3	-2.43686396789055	NA	NA
TRINITY_DN775_c0_g1	0.107745070701846	0.999155368198447	NA
TRINITY_DN7752_c0_g1	1.86008621251346	NA	NA
TRINITY_DN7753_c0_g1	-1.8021701264392	NA	NA
TRINITY_DN7754_c0_g1	-2.45960155896898	NA	NA
TRINITY_DN7758_c0_g1	-1.45746470731771	NA	NA
TRINITY_DN7759_c0_g1	-1.45746470731771	NA	NA
TRINITY_DN776_c0_g1	-0.630695252807929	NA	NA
TRINITY_DN776_c0_g2	0.164715643640667	NA	NA
TRINITY_DN7760_c0_g1	1.40414867483369	NA	NA
TRINITY_DN7764_c0_g1	0.785732958847869	NA	NA
TRINITY_DN7766_c0_g1	-0.145452275430984	NA	NA
TRINITY_DN7766_c0_g1	-0.145452275430984	NA	NA
TRINITY_DN7767_c0_g1	0.973167036769253	NA	NA
TRINITY_DN777_c0_g1	-0.198150537290066	0.999155368198447	NA
TRINITY_DN777_c0_g1	-0.198150537290066	0.999155368198447	NA
TRINITY_DN777_c0_g1	-0.198150537290066	0.999155368198447	NA
TRINITY_DN777_c0_g1	-0.198150537290066	0.999155368198447	NA
TRINITY_DN7770_c0_g1	-0.768614095511196	NA	NA
TRINITY_DN7770_c0_g2	-2.41340458201845	NA	NA
TRINITY_DN7771_c0_g1	1.09020306381774	NA	NA
TRINITY_DN7772_c0_g1	0.409047849261392	NA	NA
TRINITY_DN7774_c0_g1	-3.10351444360498	NA	NA
TRINITY_DN7776_c0_g1	-2.83799821010093	NA	NA
TRINITY_DN7778_c0_g1	1.80950231271155	NA	NA
TRINITY_DN7779_c0_g1	-1.14026821522518	NA	NA
TRINITY_DN778_c0_g1	-0.156105782776687	NA	NA
TRINITY_DN778_c0_g1	-0.156105782776687	NA	NA
TRINITY_DN7780_c0_g1	1.83476395343365	NA	NA
TRINITY_DN7783_c0_g1	-0.181252113421947	NA	NA
TRINITY_DN7784_c0_g1	-2.82492032926695	NA	NA
TRINITY_DN779_c0_g1	-0.110868721147005	0.999155368198447	NA
TRINITY_DN7790_c0_g1	-1.52237678933332	NA	NA
TRINITY_DN7793_c0_g1	-1.99987284096263	NA	NA
TRINITY_DN7794_c0_g1	0.980518653925521	NA	NA
TRINITY_DN78_c0_g1	0.520025968570238	0.999155368198447	NA
TRINITY_DN78_c0_g1	0.520025968570238	0.999155368198447	NA
TRINITY_DN78_c0_g1	0.520025968570238	0.999155368198447	NA
TRINITY_DN78_c1_g1	1.02798929251102	0.999155368198447	NA
TRINITY_DN780_c0_g1	-1.52248772806833	0.999155368198447	NA
TRINITY_DN7804_c0_g1	0.00604136432553545	NA	NA
TRINITY_DN7807_c0_g1	-0.186091736361168	NA	NA
TRINITY_DN7808_c0_g1	1.39294100266835	NA	NA
TRINITY_DN7809_c0_g1	1.76208259853803	NA	NA
TRINITY_DN781_c0_g1	-0.152651406516146	0.999155368198447	NA
TRINITY_DN781_c0_g1	-0.152651406516146	0.999155368198447	NA
TRINITY_DN781_c0_g1	-0.152651406516146	0.999155368198447	NA
TRINITY_DN7810_c0_g1	0.416842336117616	NA	NA
TRINITY_DN7812_c0_g1	-0.526609026707662	NA	NA
TRINITY_DN7814_c0_g1	-0.555771052217826	NA	NA
TRINITY_DN782_c0_g1	-0.17650310716338	0.999155368198447	NA
TRINITY_DN782_c0_g1	-0.17650310716338	0.999155368198447	NA
TRINITY_DN7820_c0_g1	-2.49061461004304	NA	NA
TRINITY_DN7824_c0_g1	0.94697372258495	NA	NA
TRINITY_DN7828_c0_g1	-1.86826284393514	NA	NA
TRINITY_DN7829_c0_g1	-1.51408937232975	NA	NA
TRINITY_DN783_c0_g1	1.7091543931659	NA	NA
TRINITY_DN783_c0_g2	-0.153637253622055	NA	NA
TRINITY_DN7830_c0_g1	1.08238167432016	NA	NA
TRINITY_DN7831_c0_g1	0.567234938072363	0.999155368198447	NA
TRINITY_DN7832_c0_g1	-3.33235076502594	NA	NA
TRINITY_DN7832_c0_g2	0.491168906392812	0.999155368198447	NA
TRINITY_DN7833_c0_g1	-2.02635703968568	NA	NA
TRINITY_DN7835_c0_g1	-0.614476654075933	NA	NA
TRINITY_DN7836_c0_g1	-0.213859035052421	NA	NA
TRINITY_DN7837_c0_g1	0.367760770605123	NA	NA
TRINITY_DN7838_c0_g1	0.0107733653506469	NA	NA
TRINITY_DN784_c0_g1	1.08164872827242	NA	NA
TRINITY_DN7841_c0_g1	1.71531730612871	NA	NA
TRINITY_DN7846_c0_g1	-1.07580835188129	NA	NA
TRINITY_DN7848_c0_g1	-1.51408937232975	NA	NA
TRINITY_DN7849_c0_g1	1.76208259853803	NA	NA
TRINITY_DN785_c0_g1	0.00211771998029611	NA	NA
TRINITY_DN7850_c0_g1	1.07825924053554	NA	NA
TRINITY_DN7851_c0_g2	-3.48215401854277	NA	NA
TRINITY_DN7855_c0_g1	-0.874614376087223	NA	NA
TRINITY_DN7855_c0_g1	-0.874614376087223	NA	NA
TRINITY_DN7855_c0_g2	-0.640257813827322	0.999155368198447	NA
TRINITY_DN7856_c0_g1	0.403989653964754	NA	NA
TRINITY_DN7857_c0_g1	-0.53320331320902	NA	NA
TRINITY_DN7857_c0_g2	1.71784061953897	NA	NA
TRINITY_DN7858_c0_g1	0.0425382906657114	0.999155368198447	NA
TRINITY_DN7859_c0_g1	-0.894941377329506	NA	NA
TRINITY_DN786_c0_g1	-0.19114858765006	0.999155368198447	NA
TRINITY_DN786_c0_g1	-0.19114858765006	0.999155368198447	NA
TRINITY_DN786_c0_g1	-0.19114858765006	0.999155368198447	NA
TRINITY_DN786_c0_g1	-0.19114858765006	0.999155368198447	NA
TRINITY_DN7861_c0_g1	-2.09556685629445	NA	NA
TRINITY_DN7862_c0_g1	-0.266246219820631	NA	NA
TRINITY_DN7862_c0_g2	0.704918972183443	NA	NA
TRINITY_DN7863_c0_g1	0.209811574863181	NA	NA
TRINITY_DN7863_c0_g2	0.197696760630292	NA	NA
TRINITY_DN7864_c0_g1	0.984761205244306	NA	NA
TRINITY_DN7865_c0_g1	-0.626492538542538	NA	NA
TRINITY_DN7867_c0_g1	0.706838211732318	NA	NA
TRINITY_DN7868_c0_g1	-0.130948533660594	NA	NA
TRINITY_DN7868_c0_g2	-2.04551202161609	NA	NA
TRINITY_DN7869_c0_g1	1.67889502039104	NA	NA
TRINITY_DN7869_c0_g2	-2.12599672253002	NA	NA
TRINITY_DN787_c0_g1	0.378854993050147	NA	NA
TRINITY_DN787_c0_g2	-1.17290740290728	NA	NA
TRINITY_DN7874_c0_g1	-2.48703164004675	NA	NA
TRINITY_DN7875_c0_g2	0.342415627620783	NA	NA
TRINITY_DN7876_c0_g1	-2.09302402147116	NA	NA
TRINITY_DN7876_c0_g2	-0.768614095511196	NA	NA
TRINITY_DN7878_c0_g1	-1.51287699227234	NA	NA
TRINITY_DN788_c0_g1	-0.0985043586793728	NA	NA
TRINITY_DN788_c0_g2	-3.23065059994588	NA	NA
TRINITY_DN7880_c0_g1	-0.141104720751416	0.999155368198447	NA
TRINITY_DN7880_c0_g1	-0.141104720751416	0.999155368198447	NA
TRINITY_DN7881_c0_g1	0.902154549496962	NA	NA
TRINITY_DN7881_c0_g2	0.96505333624521	NA	NA
TRINITY_DN7883_c0_g1	2.75905656485706	NA	NA
TRINITY_DN7885_c0_g1	0.345435947390483	NA	NA
TRINITY_DN7886_c0_g1	-1.07617177572529	NA	NA
TRINITY_DN7887_c0_g1	-0.218827090805133	NA	NA
TRINITY_DN7887_c0_g2	-2.41340458201845	NA	NA
TRINITY_DN789_c0_g1	-0.805318137666505	0.999155368198447	NA
TRINITY_DN789_c0_g1	-0.805318137666505	0.999155368198447	NA
TRINITY_DN789_c0_g1	-0.805318137666505	0.999155368198447	NA
TRINITY_DN789_c0_g2	-0.604830245382688	NA	NA
TRINITY_DN7891_c0_g1	-2.50108761128439	NA	NA
TRINITY_DN7892_c0_g1	1.12578591692541	NA	NA
TRINITY_DN7893_c0_g1	-1.41950633381617	NA	NA
TRINITY_DN79_c0_g1	-0.583337083967493	0.999155368198447	NA
TRINITY_DN79_c1_g1	-1.19339715096089	NA	NA
TRINITY_DN79_c1_g2	-0.387764660458088	0.999155368198447	NA
TRINITY_DN79_c1_g2	-0.387764660458088	0.999155368198447	NA
TRINITY_DN790_c0_g1	1.47370156980652	NA	NA
TRINITY_DN7900_c0_g2	-1.50828514361327	NA	NA
TRINITY_DN7902_c0_g1	0.413892941015826	NA	NA
TRINITY_DN7902_c0_g2	-1.52237678933332	NA	NA
TRINITY_DN7903_c0_g1	1.86008621251346	NA	NA
TRINITY_DN7904_c0_g1	-2.54158249550552	NA	NA
TRINITY_DN7905_c0_g1	-1.85195815371213	NA	NA
TRINITY_DN7908_c0_g1	2.36571732886094	NA	NA
TRINITY_DN7908_c0_g2	0.91450109249574	NA	NA
TRINITY_DN791_c0_g1	-3.69005939518356	NA	NA
TRINITY_DN7912_c0_g1	-0.696643121407872	NA	NA
TRINITY_DN7914_c0_g1	1.72362068493195	NA	NA
TRINITY_DN7914_c0_g2	-2.09072088002574	NA	NA
TRINITY_DN7915_c0_g1	3.18486576126646	NA	NA
TRINITY_DN7916_c0_g1	2.89072248455706	NA	NA
TRINITY_DN7917_c0_g1	-1.23855395520229	0.999155368198447	NA
TRINITY_DN7917_c0_g1	-1.23855395520229	0.999155368198447	NA
TRINITY_DN7917_c0_g2	-1.05556068922733	NA	NA
TRINITY_DN7917_c0_g3	-0.456104660928506	0.999155368198447	NA
TRINITY_DN7917_c1_g1	-0.259620338580907	0.999155368198447	NA
TRINITY_DN7917_c1_g1	-0.259620338580907	0.999155368198447	NA
TRINITY_DN792_c0_g1	-0.948127675606759	NA	NA
TRINITY_DN792_c0_g2	-3.07671317250281	NA	NA
TRINITY_DN7920_c0_g1	1.34023273922237	NA	NA
TRINITY_DN7921_c0_g1	3.99214766518291	NA	NA
TRINITY_DN7922_c0_g1	0.110483587907466	0.999155368198447	NA
TRINITY_DN7923_c0_g1	-2.07353674178635	NA	NA
TRINITY_DN7923_c0_g2	1.18976008854521	NA	NA
TRINITY_DN7926_c0_g1	-2.8351168373945	NA	NA
TRINITY_DN7928_c0_g1	0.391995773102796	NA	NA
TRINITY_DN793_c0_g1	-1.90636732064303	0.999155368198447	NA
TRINITY_DN793_c0_g1	-1.90636732064303	0.999155368198447	NA
TRINITY_DN793_c0_g1	-1.90636732064303	0.999155368198447	NA
TRINITY_DN793_c0_g1	-1.90636732064303	0.999155368198447	NA
TRINITY_DN7930_c0_g1	-2.80415930371438	NA	NA
TRINITY_DN7931_c0_g1	-0.893207088912821	0.999155368198447	NA
TRINITY_DN7931_c0_g1	-0.893207088912821	0.999155368198447	NA
TRINITY_DN7932_c0_g1	1.42308270907455	NA	NA
TRINITY_DN7932_c0_g2	0.189663481797507	NA	NA
TRINITY_DN7933_c0_g1	-0.607219817954393	NA	NA
TRINITY_DN7934_c0_g1	1.11145883839044	NA	NA
TRINITY_DN7934_c0_g2	-0.961733808354732	NA	NA
TRINITY_DN7935_c0_g1	-0.163603181353886	NA	NA
TRINITY_DN7935_c0_g2	3.26729237242197	NA	NA
TRINITY_DN7938_c0_g1	1.12421331936603	NA	NA
TRINITY_DN7938_c0_g2	2.39920928138143	NA	NA
TRINITY_DN7939_c0_g1	-1.82967140068933	NA	NA
TRINITY_DN794_c0_g1	-0.408938150638831	0.999155368198447	NA
TRINITY_DN794_c0_g1	-0.408938150638831	0.999155368198447	NA
TRINITY_DN794_c0_g1	-0.408938150638831	0.999155368198447	NA
TRINITY_DN794_c0_g1	-0.408938150638831	0.999155368198447	NA
TRINITY_DN7940_c0_g1	0.914501092495741	NA	NA
TRINITY_DN7940_c0_g2	2.79795147653158	NA	NA
TRINITY_DN7941_c0_g1	-1.50576064523823	NA	NA
TRINITY_DN7942_c0_g1	1.0002552946435	NA	NA
TRINITY_DN7942_c0_g2	0.91450109249574	NA	NA
TRINITY_DN7944_c0_g1	0.410770698215525	NA	NA
TRINITY_DN7945_c0_g1	-1.45746470731771	NA	NA
TRINITY_DN7946_c0_g1	-2.28590709828771	NA	NA
TRINITY_DN7947_c0_g1	1.47856787591242	0.951303799648802	NA
TRINITY_DN7948_c0_g1	0.85814560148654	NA	NA
TRINITY_DN7949_c0_g1	-0.201554739294413	NA	NA
TRINITY_DN795_c0_g1	2.44725580814198	NA	NA
TRINITY_DN795_c0_g2	0.494745148669657	0.999155368198447	NA
TRINITY_DN795_c0_g2	0.494745148669657	0.999155368198447	NA
TRINITY_DN7950_c0_g1	0.359246449290821	NA	NA
TRINITY_DN7951_c0_g1	-1.51978850670719	NA	NA
TRINITY_DN7952_c0_g1	0.124921544496384	0.999155368198447	NA
TRINITY_DN7953_c0_g1	1.11982241933422	NA	NA
TRINITY_DN7954_c0_g1	3.58114532119791	0.155361069526317	NA
TRINITY_DN7954_c0_g1	3.58114532119791	0.155361069526317	NA
TRINITY_DN7954_c0_g1	3.58114532119791	0.155361069526317	NA
TRINITY_DN7955_c0_g1	-2.10907332018113	NA	NA
TRINITY_DN7956_c0_g1	2.82609713076841	NA	NA
TRINITY_DN7957_c0_g1	-0.143790973514328	NA	NA
TRINITY_DN7958_c0_g1	0.487446742927261	0.999155368198447	NA
TRINITY_DN7959_c0_g1	1.10710244441932	NA	NA
TRINITY_DN796_c0_g1	-1.00234739187672	0.999155368198447	NA
TRINITY_DN7960_c0_g1	-1.47205094885252	NA	NA
TRINITY_DN7961_c0_g1	0.761234979053599	NA	NA
TRINITY_DN7962_c0_g1	1.66568380890868	0.999155368198447	NA
TRINITY_DN7963_c0_g1	0.121885858836127	NA	NA
TRINITY_DN7964_c0_g1	-1.47443175885757	NA	NA
TRINITY_DN7965_c0_g1	-0.0471878941514258	0.999155368198447	NA
TRINITY_DN7966_c0_g1	0.20760732290502	NA	NA
TRINITY_DN7967_c0_g1	0.050718949524907	0.999155368198447	NA
TRINITY_DN7968_c0_g1	-2.12599672253002	NA	NA
TRINITY_DN7969_c0_g1	2.40378477567335	NA	NA
TRINITY_DN797_c0_g1	0.907742797925374	0.999155368198447	NA
TRINITY_DN7970_c0_g1	0.0878484986103991	NA	NA
TRINITY_DN7971_c0_g1	2.30956476497583	NA	NA
TRINITY_DN7972_c0_g1	0.871055800053323	NA	NA
TRINITY_DN7973_c0_g1	-1.20388962839748	0.999155368198447	NA
TRINITY_DN7974_c0_g1	-0.0480262054491394	NA	NA
TRINITY_DN7975_c0_g1	-1.86183748185184	0.999155368198447	NA
TRINITY_DN7976_c0_g1	1.86008621251346	NA	NA
TRINITY_DN7977_c0_g1	-1.45746470731771	NA	NA
TRINITY_DN7978_c0_g1	1.1022406710446	NA	NA
TRINITY_DN7979_c0_g1	1.86008621251346	NA	NA
TRINITY_DN798_c0_g1	-0.595577146135399	NA	NA
TRINITY_DN7980_c0_g1	0.0448913347975899	NA	NA
TRINITY_DN7981_c0_g1	0.363878931403532	NA	NA
TRINITY_DN7982_c0_g1	0.965659388743636	NA	NA
TRINITY_DN7983_c0_g1	-0.51858058957316	NA	NA
TRINITY_DN7984_c0_g1	-2.50489455484172	NA	NA
TRINITY_DN7985_c0_g1	0.0295943695884375	NA	NA
TRINITY_DN7986_c0_g1	0.0337787135532942	0.999155368198447	NA
TRINITY_DN7986_c0_g1	0.0337787135532942	0.999155368198447	NA
TRINITY_DN7986_c0_g1	0.0337787135532942	0.999155368198447	NA
TRINITY_DN7987_c0_g1	1.14061684649031	NA	NA
TRINITY_DN7988_c0_g1	-1.52237678933332	NA	NA
TRINITY_DN7989_c0_g1	2.39979320302443	NA	NA
TRINITY_DN799_c0_g1	4.70113565379994	0.0580974391780368	NA
TRINITY_DN799_c0_g1	4.70113565379994	0.0580974391780368	NA
TRINITY_DN799_c1_g1	0.537654883110701	0.999155368198447	NA
TRINITY_DN799_c2_g1	0.12506656425824	0.999155368198447	NA
TRINITY_DN799_c2_g2	-1.18474437590128	NA	NA
TRINITY_DN799_c3_g1	-0.408809464093221	0.999155368198447	NA
TRINITY_DN799_c4_g1	-2.04549362163986	NA	NA
TRINITY_DN7990_c0_g1	-2.18109825806809	NA	NA
TRINITY_DN7991_c0_g1	2.82890709091546	NA	NA
TRINITY_DN7992_c0_g1	1.71643444045784	NA	NA
TRINITY_DN7993_c0_g1	0.364045741925206	NA	NA
TRINITY_DN7994_c0_g1	-2.0953085269932	NA	NA
TRINITY_DN7995_c0_g1	-2.09302402147116	NA	NA
TRINITY_DN7996_c0_g1	-0.549431741556982	0.999155368198447	NA
TRINITY_DN7996_c0_g1	-0.549431741556982	0.999155368198447	NA
TRINITY_DN7997_c0_g1	-3.66480613646651	NA	NA
TRINITY_DN7998_c0_g1	-1.37958919778601	NA	NA
TRINITY_DN7999_c0_g1	0.960398903705671	NA	NA
TRINITY_DN8_c0_g1	0.47918542959134	0.999155368198447	NA
TRINITY_DN8_c0_g1	0.47918542959134	0.999155368198447	NA
TRINITY_DN80_c0_g1	-0.345654963054228	0.999155368198447	NA
TRINITY_DN80_c0_g1	-0.345654963054228	0.999155368198447	NA
TRINITY_DN800_c0_g1	1.07384604066991	0.999155368198447	NA
TRINITY_DN8001_c0_g1	0.649707185438345	NA	NA
TRINITY_DN8002_c0_g1	0.469191956360806	0.999155368198447	NA
TRINITY_DN8003_c0_g1	2.29636173573998	NA	NA
TRINITY_DN8004_c0_g1	-1.51408937232975	NA	NA
TRINITY_DN8005_c0_g1	-2.08171306563957	NA	NA
TRINITY_DN8006_c0_g1	-0.321683734395118	0.999155368198447	NA
TRINITY_DN8007_c0_g1	-0.206398320520963	NA	NA
TRINITY_DN8008_c0_g1	0.327457421594027	0.999155368198447	NA
TRINITY_DN8009_c0_g1	2.39149606706828	NA	NA
TRINITY_DN801_c0_g1	-1.86594846917508	NA	NA
TRINITY_DN8010_c0_g1	-1.50142525937861	NA	NA
TRINITY_DN8011_c0_g1	0.366212733850636	0.999155368198447	NA
TRINITY_DN8012_c0_g1	-2.09302402147116	NA	NA
TRINITY_DN8013_c0_g1	-0.18876800698328	0.999155368198447	NA
TRINITY_DN8014_c0_g1	-0.582432487921469	NA	NA
TRINITY_DN8015_c0_g1	-0.936357125516461	NA	NA
TRINITY_DN8016_c0_g1	0.125999591902183	NA	NA
TRINITY_DN8017_c0_g1	-0.893150127899613	0.999155368198447	NA
TRINITY_DN8018_c0_g1	1.76208259853803	NA	NA
TRINITY_DN8019_c0_g1	0.765539288349967	NA	NA
TRINITY_DN802_c0_g1	1.21200750029304	NA	NA
TRINITY_DN8020_c0_g1	1.38101096674013	NA	NA
TRINITY_DN8021_c0_g1	0.386851274034226	NA	NA
TRINITY_DN8022_c0_g1	-0.312146394645153	NA	NA
TRINITY_DN8023_c0_g1	-0.902721257127221	0.999155368198447	NA
TRINITY_DN8024_c0_g1	1.39624352545179	NA	NA
TRINITY_DN8025_c0_g1	-0.478476330828074	0.999155368198447	NA
TRINITY_DN8026_c0_g1	-0.462581436369052	NA	NA
TRINITY_DN8027_c0_g1	-2.08484401414487	NA	NA
TRINITY_DN8028_c0_g1	-1.23165938584065	NA	NA
TRINITY_DN8029_c0_g1	1.12519883437468	NA	NA
TRINITY_DN803_c0_g1	0.379971277901864	NA	NA
TRINITY_DN803_c0_g2	-3.5423827727048	NA	NA
TRINITY_DN8030_c0_g1	-2.8637419385562	NA	NA
TRINITY_DN8031_c0_g1	0.242755895180282	0.999155368198447	NA
TRINITY_DN8032_c0_g1	-0.439075633857226	NA	NA
TRINITY_DN8033_c0_g1	-1.49841171508968	NA	NA
TRINITY_DN8034_c0_g1	2.41607827179463	NA	NA
TRINITY_DN8035_c0_g1	0.747505365522285	0.999155368198447	NA
TRINITY_DN8036_c0_g1	-1.50578844196139	NA	NA
TRINITY_DN8037_c0_g1	-0.111922189791054	NA	NA
TRINITY_DN8038_c0_g1	1.06977819612987	NA	NA
TRINITY_DN8039_c0_g1	0.351063032360964	NA	NA
TRINITY_DN804_c0_g1	-0.461331303795162	NA	NA
TRINITY_DN8041_c0_g1	1.80950231271155	NA	NA
TRINITY_DN8042_c0_g1	-1.51391123099667	NA	NA
TRINITY_DN8043_c0_g1	0.403330427731176	NA	NA
TRINITY_DN8044_c0_g1	0.438895350020128	NA	NA
TRINITY_DN8045_c0_g1	-0.139977963948768	0.999155368198447	NA
TRINITY_DN8046_c0_g1	-0.148404718053562	NA	NA
TRINITY_DN8048_c0_g1	0.76444457899205	NA	NA
TRINITY_DN8049_c0_g1	-0.213185482212053	NA	NA
TRINITY_DN805_c0_g1	-0.753796060568329	0.999155368198447	NA
TRINITY_DN805_c0_g1	-0.753796060568329	0.999155368198447	NA
TRINITY_DN8050_c0_g1	1.20783458326673	NA	NA
TRINITY_DN8051_c0_g1	0.369020097355017	0.999155368198447	NA
TRINITY_DN8052_c0_g1	-1.83340088190766	NA	NA
TRINITY_DN8053_c0_g1	-0.956922361837078	0.999155368198447	NA
TRINITY_DN8054_c0_g1	0.842517486227489	0.999155368198447	NA
TRINITY_DN8055_c0_g1	1.71419516867209	NA	NA
TRINITY_DN8056_c0_g1	-1.52237678933332	NA	NA
TRINITY_DN8057_c0_g1	0.405964246092469	NA	NA
TRINITY_DN8058_c0_g1	-0.994127594728378	NA	NA
TRINITY_DN8059_c0_g1	1.18840087263991	NA	NA
TRINITY_DN806_c0_g1	0.0772607371955029	0.999155368198447	NA
TRINITY_DN806_c1_g1	0.385966320529619	0.999155368198447	NA
TRINITY_DN8060_c0_g1	1.76208259853803	NA	NA
TRINITY_DN8061_c0_g1	-0.647077052222148	NA	NA
TRINITY_DN8062_c0_g1	-2.81841741559871	NA	NA
TRINITY_DN8063_c0_g1	0.97672363203484	NA	NA
TRINITY_DN8064_c0_g1	-0.458808013505072	0.999155368198447	NA
TRINITY_DN8065_c0_g1	0.539451964164027	NA	NA
TRINITY_DN8066_c0_g1	0.00124691634173222	NA	NA
TRINITY_DN8067_c0_g1	-2.07376948862121	NA	NA
TRINITY_DN8068_c0_g1	0.377078737512426	0.999155368198447	NA
TRINITY_DN8069_c0_g1	2.34479942720385	NA	NA
TRINITY_DN807_c0_g1	-3.26249985150221	NA	NA
TRINITY_DN807_c0_g2	1.43161419007633	NA	NA
TRINITY_DN8070_c0_g1	-3.04450525579882	NA	NA
TRINITY_DN8071_c0_g1	2.1777855217097	NA	NA
TRINITY_DN8072_c0_g1	-2.50054083266526	NA	NA
TRINITY_DN8073_c0_g1	-0.450674525217431	0.999155368198447	NA
TRINITY_DN8074_c0_g1	-2.50543198742143	NA	NA
TRINITY_DN8075_c0_g1	-0.134361655184656	NA	NA
TRINITY_DN8076_c0_g1	-0.59937421494712	NA	NA
TRINITY_DN8077_c0_g1	-1.52237678933332	NA	NA
TRINITY_DN8078_c0_g1	1.66508092612895	NA	NA
TRINITY_DN8079_c0_g1	-0.180009131137286	NA	NA
TRINITY_DN808_c0_g1	1.83070988623334	NA	NA
TRINITY_DN808_c0_g1	1.83070988623334	NA	NA
TRINITY_DN8081_c0_g1	1.38675759510698	NA	NA
TRINITY_DN8082_c0_g1	-0.523106643325939	NA	NA
TRINITY_DN8083_c0_g1	-1.51465158493017	NA	NA
TRINITY_DN8084_c0_g1	1.12692719951432	NA	NA
TRINITY_DN8086_c0_g1	2.78488683463335	NA	NA
TRINITY_DN8087_c0_g1	-1.50462579686744	NA	NA
TRINITY_DN8088_c0_g1	1.08216178187802	NA	NA
TRINITY_DN8089_c0_g1	0.0143005502096594	NA	NA
TRINITY_DN809_c0_g1	-0.529752589820744	0.999155368198447	NA
TRINITY_DN809_c0_g1	-0.529752589820744	0.999155368198447	NA
TRINITY_DN8090_c0_g1	-0.917972998264685	NA	NA
TRINITY_DN8091_c0_g1	0.900658217498272	NA	NA
TRINITY_DN8091_c0_g1	0.900658217498272	NA	NA
TRINITY_DN8092_c0_g1	0.0486236354983714	0.999155368198447	NA
TRINITY_DN8093_c0_g1	-0.554151693840852	NA	NA
TRINITY_DN8094_c0_g1	2.41729793937484	NA	NA
TRINITY_DN8095_c0_g1	-0.632328228549139	0.999155368198447	NA
TRINITY_DN8096_c0_g1	0.685521390060765	NA	NA
TRINITY_DN8097_c0_g1	0.394363493505188	NA	NA
TRINITY_DN8098_c0_g1	-2.51831445729578	NA	NA
TRINITY_DN8099_c0_g1	2.12294964680381	NA	NA
TRINITY_DN81_c0_g1	0.463110898618052	0.999155368198447	NA
TRINITY_DN81_c0_g1	0.463110898618052	0.999155368198447	NA
TRINITY_DN81_c0_g1	0.463110898618052	0.999155368198447	NA
TRINITY_DN81_c0_g1	0.463110898618052	0.999155368198447	NA
TRINITY_DN81_c0_g1	0.463110898618052	0.999155368198447	NA
TRINITY_DN81_c0_g1	0.463110898618052	0.999155368198447	NA
TRINITY_DN81_c0_g1	0.463110898618052	0.999155368198447	NA
TRINITY_DN810_c0_g1	1.22267542569381	0.999155368198447	NA
TRINITY_DN8100_c0_g1	2.34479942720385	NA	NA
TRINITY_DN8101_c0_g1	2.44725580814198	NA	NA
TRINITY_DN8102_c0_g1	0.977525855695978	NA	NA
TRINITY_DN8103_c0_g1	1.86008621251346	NA	NA
TRINITY_DN8104_c0_g1	-2.32304628080454	NA	NA
TRINITY_DN8105_c0_g1	-2.08134676973634	NA	NA
TRINITY_DN8106_c0_g1	-3.31826542445109	NA	NA
TRINITY_DN8107_c0_g1	3.12980790362298	NA	NA
TRINITY_DN8108_c0_g1	-2.09302402147116	NA	NA
TRINITY_DN8109_c0_g1	0.205079054207926	NA	NA
TRINITY_DN811_c0_g1	2.37016069772525	NA	NA
TRINITY_DN8110_c0_g1	1.1086129869833	NA	NA
TRINITY_DN8111_c0_g1	-0.498594329438851	0.999155368198447	NA
TRINITY_DN8112_c0_g1	-0.502627721604332	0.999155368198447	NA
TRINITY_DN8112_c0_g1	-0.502627721604332	0.999155368198447	NA
TRINITY_DN8113_c0_g1	0.424452381573015	NA	NA
TRINITY_DN8115_c0_g1	-1.50576064523823	NA	NA
TRINITY_DN8116_c0_g1	1.13377984166062	NA	NA
TRINITY_DN8117_c0_g1	0.403611422436235	NA	NA
TRINITY_DN8118_c0_g1	0.267072047866289	0.999155368198447	NA
TRINITY_DN8119_c0_g1	-2.09089199696564	NA	NA
TRINITY_DN812_c0_g1	-0.0899317833173712	NA	NA
TRINITY_DN8120_c0_g1	-2.09302402147116	NA	NA
TRINITY_DN8121_c0_g1	1.13923641064438	NA	NA
TRINITY_DN8122_c0_g1	1.12367630008793	NA	NA
TRINITY_DN8123_c0_g1	2.37908256345802	NA	NA
TRINITY_DN8125_c0_g1	-1.51408937232975	NA	NA
TRINITY_DN8126_c0_g1	1.4153928889698	NA	NA
TRINITY_DN8127_c0_g1	-0.0736029537798885	0.999155368198447	NA
TRINITY_DN8128_c0_g1	3.41271490697382	NA	NA
TRINITY_DN8129_c0_g1	-0.207536090699182	0.999155368198447	NA
TRINITY_DN813_c0_g1	-1.41428547150959	NA	NA
TRINITY_DN813_c0_g2	-1.79560655322287	NA	NA
TRINITY_DN8130_c0_g1	0.788950413773167	NA	NA
TRINITY_DN8131_c0_g1	-1.83852878765229	NA	NA
TRINITY_DN8132_c0_g1	0.156055861998559	0.999155368198447	NA
TRINITY_DN8133_c0_g1	0.860075728053488	0.999155368198447	NA
TRINITY_DN8134_c0_g1	0.704037791049858	0.999155368198447	NA
TRINITY_DN8135_c0_g1	0.497603813000309	0.999155368198447	NA
TRINITY_DN8136_c0_g1	-0.11542974907524	NA	NA
TRINITY_DN8138_c0_g1	2.42078940013102	NA	NA
TRINITY_DN8139_c0_g1	2.81822465879958	NA	NA
TRINITY_DN814_c0_g1	NA	NA	NA
TRINITY_DN814_c0_g2	-0.382147391732341	NA	NA
TRINITY_DN8140_c0_g1	-1.12347450117787	0.999155368198447	NA
TRINITY_DN8141_c0_g1	-2.50207013202662	NA	NA
TRINITY_DN8142_c0_g1	0.341641036490348	NA	NA
TRINITY_DN8143_c0_g1	1.11527631197357	NA	NA
TRINITY_DN8144_c0_g1	-0.551793526070239	NA	NA
TRINITY_DN8145_c0_g1	2.80941590716106	NA	NA
TRINITY_DN8146_c0_g1	1.2380724738946	NA	NA
TRINITY_DN8147_c0_g1	-0.559815841613309	NA	NA
TRINITY_DN8148_c0_g1	1.76208259853803	NA	NA
TRINITY_DN8149_c0_g1	-2.10875058789399	NA	NA
TRINITY_DN815_c0_g1	-0.0523407432012076	0.999155368198447	NA
TRINITY_DN815_c0_g1	-0.0523407432012076	0.999155368198447	NA
TRINITY_DN8150_c0_g1	-4.30700225006879	NA	NA
TRINITY_DN8151_c0_g1	0.407942453690099	NA	NA
TRINITY_DN8153_c0_g1	-0.816932761852885	0.999155368198447	NA
TRINITY_DN8154_c0_g1	-1.19367981931711	NA	NA
TRINITY_DN8155_c0_g1	1.86008621251346	NA	NA
TRINITY_DN8156_c0_g1	-0.529383490649868	NA	NA
TRINITY_DN8157_c0_g1	-1.40773229662309	NA	NA
TRINITY_DN8158_c0_g1	0.367018215526645	0.999155368198447	NA
TRINITY_DN8159_c0_g1	-1.62998449851029	NA	NA
TRINITY_DN816_c0_g1	-1.51415661743949	NA	NA
TRINITY_DN8160_c0_g1	0.366281216447859	0.999155368198447	NA
TRINITY_DN8161_c0_g1	-1.09801331530169	NA	NA
TRINITY_DN8162_c0_g1	0.131739230856354	NA	NA
TRINITY_DN8163_c0_g1	-0.111276590128548	0.999155368198447	NA
TRINITY_DN8165_c0_g1	0.983925938297164	NA	NA
TRINITY_DN8166_c0_g1	-1.28862829813419	NA	NA
TRINITY_DN8167_c0_g1	-1.1344684613942	NA	NA
TRINITY_DN8168_c0_g1	-1.52237678933332	NA	NA
TRINITY_DN8169_c0_g1	0.0183617210691116	0.999155368198447	NA
TRINITY_DN817_c0_g1	-0.361802462399301	0.999155368198447	NA
TRINITY_DN8170_c0_g1	-1.18545860377447	NA	NA
TRINITY_DN8171_c0_g1	1.86008621251346	NA	NA
TRINITY_DN8172_c0_g1	2.42285892382122	NA	NA
TRINITY_DN8173_c0_g1	1.28865454747904	NA	NA
TRINITY_DN8174_c0_g1	-2.49646362384781	NA	NA
TRINITY_DN8175_c0_g1	-1.86507618362668	NA	NA
TRINITY_DN8176_c0_g1	-4.07422195344459	NA	NA
TRINITY_DN8177_c0_g1	1.61715723462166	NA	NA
TRINITY_DN8178_c0_g1	1.0968511185393	NA	NA
TRINITY_DN8179_c0_g1	-1.31127814651962	NA	NA
TRINITY_DN818_c0_g1	-0.472718421346416	0.999155368198447	NA
TRINITY_DN818_c0_g1	-0.472718421346416	0.999155368198447	NA
TRINITY_DN818_c0_g1	-0.472718421346416	0.999155368198447	NA
TRINITY_DN8180_c0_g1	0.985751965917572	NA	NA
TRINITY_DN8181_c0_g1	-1.52237678933332	NA	NA
TRINITY_DN8182_c0_g1	0.184365418630467	NA	NA
TRINITY_DN8183_c0_g1	-0.519968747358833	NA	NA
TRINITY_DN8184_c0_g1	0.175556342740668	NA	NA
TRINITY_DN8185_c0_g1	-1.60962036354672	NA	NA
TRINITY_DN8186_c0_g1	0.0105791385977635	0.999155368198447	NA
TRINITY_DN8186_c0_g1	0.0105791385977635	0.999155368198447	NA
TRINITY_DN8187_c0_g1	-2.02639275067407	NA	NA
TRINITY_DN8188_c0_g1	1.41073483197533	NA	NA
TRINITY_DN8189_c0_g1	-2.12599672253002	NA	NA
TRINITY_DN819_c0_g1	-1.44959807042833	0.951303799648802	NA
TRINITY_DN819_c0_g1	-1.44959807042833	0.951303799648802	NA
TRINITY_DN8190_c0_g1	0.342841808882716	NA	NA
TRINITY_DN8191_c0_g1	2.0921301978558	NA	NA
TRINITY_DN8192_c0_g1	0.387047604148918	NA	NA
TRINITY_DN8193_c0_g1	-0.555984077252245	NA	NA
TRINITY_DN8194_c0_g1	2.11970313780013	NA	NA
TRINITY_DN8195_c0_g1	-3.08120617132472	NA	NA
TRINITY_DN8196_c0_g1	1.21315365651283	NA	NA
TRINITY_DN8197_c0_g1	0.341482380300466	NA	NA
TRINITY_DN8199_c0_g1	-1.33540147544035	0.999155368198447	NA
TRINITY_DN82_c0_g1	0.313370625126672	0.999155368198447	NA
TRINITY_DN820_c0_g1	0.305300289443276	0.999155368198447	NA
TRINITY_DN820_c0_g1	0.305300289443276	0.999155368198447	NA
TRINITY_DN8200_c0_g1	2.69896133026381	NA	NA
TRINITY_DN8201_c0_g1	1.09084857887951	NA	NA
TRINITY_DN8202_c0_g1	0.803182305716165	NA	NA
TRINITY_DN8203_c0_g1	0.0342562676428178	0.999155368198447	NA
TRINITY_DN8204_c0_g1	3.34378186080414	NA	NA
TRINITY_DN8205_c0_g1	-4.98948922949969	0.421743530204957	NA
TRINITY_DN8206_c0_g1	1.29312840199888	NA	NA
TRINITY_DN8207_c0_g1	0.0999372558559454	NA	NA
TRINITY_DN8208_c0_g1	-0.44321952043132	0.999155368198447	NA
TRINITY_DN8209_c0_g1	-1.72774426724829	0.999155368198447	NA
TRINITY_DN821_c0_g1	-2.50829056031268	NA	NA
TRINITY_DN8210_c0_g1	-0.0489947217926132	0.999155368198447	NA
TRINITY_DN8211_c0_g1	-2.09302402147116	NA	NA
TRINITY_DN8212_c0_g1	-1.57782497804437	NA	NA
TRINITY_DN8214_c0_g1	-0.927539403815132	NA	NA
TRINITY_DN8216_c0_g1	-1.54650983190098	NA	NA
TRINITY_DN8217_c0_g1	-1.45746470731771	NA	NA
TRINITY_DN8218_c0_g1	0.963043797657752	NA	NA
TRINITY_DN8219_c0_g1	1.71365328489379	NA	NA
TRINITY_DN822_c0_g1	0.766732650265526	0.999155368198447	NA
TRINITY_DN822_c0_g1	0.766732650265526	0.999155368198447	NA
TRINITY_DN8220_c0_g1	1.06781663835063	NA	NA
TRINITY_DN8221_c0_g1	-1.99987284096263	NA	NA
TRINITY_DN8222_c0_g1	0.385370572452757	NA	NA
TRINITY_DN8223_c0_g1	-2.54158249550552	NA	NA
TRINITY_DN8224_c0_g1	3.08086146207432	NA	NA
TRINITY_DN8225_c0_g1	-0.464335394012107	0.999155368198447	NA
TRINITY_DN8227_c0_g1	0.0323431794258823	NA	NA
TRINITY_DN8228_c0_g1	-1.50576064523823	NA	NA
TRINITY_DN823_c0_g1	0.911093559605792	0.999155368198447	NA
TRINITY_DN8230_c0_g1	-1.03060385701459	NA	NA
TRINITY_DN8230_c0_g1	-1.03060385701459	NA	NA
TRINITY_DN8231_c0_g1	2.40021565731179	NA	NA
TRINITY_DN8232_c0_g1	-0.555938102278796	NA	NA
TRINITY_DN8233_c0_g1	-0.869699097418862	NA	NA
TRINITY_DN8235_c0_g1	1.11073392730052	NA	NA
TRINITY_DN8237_c0_g1	-0.521000335468081	NA	NA
TRINITY_DN8238_c0_g1	1.42472039499149	NA	NA
TRINITY_DN8239_c0_g1	1.76208259853803	NA	NA
TRINITY_DN824_c0_g1	0.741973536572399	NA	NA
TRINITY_DN824_c0_g1	0.741973536572399	NA	NA
TRINITY_DN8240_c0_g1	0.940472625545275	NA	NA
TRINITY_DN8241_c0_g1	-2.08495149730777	NA	NA
TRINITY_DN8242_c0_g1	-2.08134676973634	NA	NA
TRINITY_DN8243_c0_g1	0.637891936554697	0.999155368198447	NA
TRINITY_DN8244_c0_g1	-1.45746470731771	NA	NA
TRINITY_DN8245_c0_g1	0.641604749558187	NA	NA
TRINITY_DN8246_c0_g1	2.39439602029138	NA	NA
TRINITY_DN8247_c0_g1	0.613375383444081	0.999155368198447	NA
TRINITY_DN8248_c0_g1	0.73755071505065	0.999155368198447	NA
TRINITY_DN8249_c0_g1	-0.822427445536395	NA	NA
TRINITY_DN825_c0_g1	-0.102307354163921	0.999155368198447	NA
TRINITY_DN8250_c0_g1	-2.12451201944602	NA	NA
TRINITY_DN8251_c0_g1	1.80950231271155	NA	NA
TRINITY_DN8252_c0_g1	2.34479942720385	NA	NA
TRINITY_DN8253_c0_g1	2.1129293555195	NA	NA
TRINITY_DN8255_c0_g1	3.12756286453282	NA	NA
TRINITY_DN8256_c0_g1	-2.08134676973634	NA	NA
TRINITY_DN8257_c0_g1	-2.4964636238478	NA	NA
TRINITY_DN8258_c0_g1	1.13172361919589	NA	NA
TRINITY_DN8259_c0_g1	0.4015988378944	NA	NA
TRINITY_DN826_c0_g1	0.475495647101209	0.999155368198447	NA
TRINITY_DN8260_c0_g1	-0.20044862032846	0.999155368198447	NA
TRINITY_DN8261_c0_g1	-0.302718471037499	0.999155368198447	NA
TRINITY_DN8262_c0_g1	-0.148524349019004	NA	NA
TRINITY_DN8263_c0_g1	0.543884451260703	NA	NA
TRINITY_DN8264_c0_g1	-0.516448591527378	NA	NA
TRINITY_DN8265_c0_g1	-1.31269380050003	NA	NA
TRINITY_DN8265_c0_g1	-1.31269380050003	NA	NA
TRINITY_DN8266_c0_g1	-2.43134306060658	NA	NA
TRINITY_DN8267_c0_g1	0.367377093456082	NA	NA
TRINITY_DN8268_c0_g1	-0.699967752068867	0.999155368198447	NA
TRINITY_DN8269_c0_g1	1.86008621251346	NA	NA
TRINITY_DN827_c0_g1	0.202826741566626	0.999155368198447	NA
TRINITY_DN8270_c0_g1	3.40495981001736	NA	NA
TRINITY_DN8271_c0_g1	-2.12599672253002	NA	NA
TRINITY_DN8272_c0_g1	0.666208675171927	NA	NA
TRINITY_DN8273_c0_g1	-1.14438215011027	0.999155368198447	NA
TRINITY_DN8274_c0_g1	2.34479942720385	NA	NA
TRINITY_DN8275_c0_g1	-2.08176503189553	NA	NA
TRINITY_DN8276_c0_g1	1.37295490557723	NA	NA
TRINITY_DN8277_c0_g1	-0.0198623841831906	NA	NA
TRINITY_DN8278_c0_g1	2.83568437274336	NA	NA
TRINITY_DN8279_c0_g1	-2.47558702867141	NA	NA
TRINITY_DN8281_c0_g1	-1.1939684197898	0.999155368198447	NA
TRINITY_DN8282_c0_g1	-2.19472508449149	NA	NA
TRINITY_DN8283_c0_g1	-1.99987284096263	NA	NA
TRINITY_DN8284_c0_g1	2.75905656485706	NA	NA
TRINITY_DN8285_c0_g1	1.68644634793848	NA	NA
TRINITY_DN8286_c0_g1	-2.09302402147116	NA	NA
TRINITY_DN8287_c0_g1	-0.615136445167251	NA	NA
TRINITY_DN8288_c0_g1	1.121082251293	NA	NA
TRINITY_DN8289_c0_g1	-0.190410341847739	NA	NA
TRINITY_DN829_c0_g1	-0.31784535674618	0.999155368198447	NA
TRINITY_DN829_c0_g1	-0.31784535674618	0.999155368198447	NA
TRINITY_DN8290_c0_g1	-1.41971413955362	NA	NA
TRINITY_DN8291_c0_g1	-1.51191219167	NA	NA
TRINITY_DN8292_c0_g1	-0.491218116675225	NA	NA
TRINITY_DN8293_c0_g1	-0.0177393323578129	NA	NA
TRINITY_DN8294_c0_g1	0.391380054293987	0.999155368198447	NA
TRINITY_DN8295_c0_g1	1.07571401068002	NA	NA
TRINITY_DN8296_c0_g1	-0.226987621867708	NA	NA
TRINITY_DN8297_c0_g1	-0.426923026479923	0.999155368198447	NA
TRINITY_DN8298_c0_g1	2.08214839507524	NA	NA
TRINITY_DN8299_c0_g1	-0.448342133222306	NA	NA
TRINITY_DN8299_c0_g1	-0.448342133222306	NA	NA
TRINITY_DN83_c0_g1	-0.0788325747729554	0.999155368198447	NA
TRINITY_DN830_c0_g1	1.99105895995751	NA	NA
TRINITY_DN8300_c0_g1	-0.384385280765052	0.999155368198447	NA
TRINITY_DN8301_c0_g1	-0.989290196285232	NA	NA
TRINITY_DN8303_c0_g1	2.78501498148358	NA	NA
TRINITY_DN8304_c0_g1	-2.03090802044861	NA	NA
TRINITY_DN8305_c0_g1	-2.52403459412131	NA	NA
TRINITY_DN8306_c0_g1	0.109135296607764	0.999155368198447	NA
TRINITY_DN8307_c0_g1	-1.04595764930609	NA	NA
TRINITY_DN8309_c0_g1	0.093176230683573	0.999155368198447	NA
TRINITY_DN8309_c0_g1	0.093176230683573	0.999155368198447	NA
TRINITY_DN831_c0_g1	-0.257869455110571	NA	NA
TRINITY_DN831_c0_g1	-0.257869455110571	NA	NA
TRINITY_DN8311_c0_g1	-2.1099899363761	NA	NA
TRINITY_DN8312_c0_g1	1.71452656074972	NA	NA
TRINITY_DN8313_c0_g1	-0.214640369115952	NA	NA
TRINITY_DN8314_c0_g1	2.44725580814198	NA	NA
TRINITY_DN8315_c0_g1	-2.07368715368224	NA	NA
TRINITY_DN8316_c0_g1	-0.660750717475135	NA	NA
TRINITY_DN8317_c0_g1	-0.337421973853229	NA	NA
TRINITY_DN8318_c0_g1	-0.834489369439012	NA	NA
TRINITY_DN8319_c0_g1	-2.49504069337414	NA	NA
TRINITY_DN832_c0_g1	1.97947442339919	NA	NA
TRINITY_DN8320_c0_g1	-0.483918881011205	NA	NA
TRINITY_DN8321_c0_g1	2.78505676026163	NA	NA
TRINITY_DN8322_c0_g1	2.39439602029138	NA	NA
TRINITY_DN8323_c0_g1	-0.466470444318279	0.999155368198447	NA
TRINITY_DN8324_c0_g1	-1.05806797881686	NA	NA
TRINITY_DN8325_c0_g1	-1.45746470731771	NA	NA
TRINITY_DN8326_c0_g1	-1.15492775198525	NA	NA
TRINITY_DN8327_c0_g1	0.492377198866743	0.999155368198447	NA
TRINITY_DN8328_c0_g1	1.65485612161801	NA	NA
TRINITY_DN8329_c0_g1	-1.60308788065661	NA	NA
TRINITY_DN833_c0_g1	0.288538844057993	0.999155368198447	NA
TRINITY_DN833_c0_g1	0.288538844057993	0.999155368198447	NA
TRINITY_DN833_c0_g1	0.288538844057993	0.999155368198447	NA
TRINITY_DN8330_c0_g1	-0.131392423778865	NA	NA
TRINITY_DN8331_c0_g1	-1.51807154720192	NA	NA
TRINITY_DN8332_c0_g1	-1.51408937232975	NA	NA
TRINITY_DN8333_c0_g1	0.392542487358296	NA	NA
TRINITY_DN8334_c0_g1	1.71504630038668	NA	NA
TRINITY_DN8335_c0_g1	-3.0590437820326	NA	NA
TRINITY_DN8336_c0_g1	1.05985711630624	NA	NA
TRINITY_DN8337_c0_g1	1.39670240208421	NA	NA
TRINITY_DN8338_c0_g1	0.993054589323031	NA	NA
TRINITY_DN8339_c0_g1	0.354341071828177	NA	NA
TRINITY_DN834_c0_g1	0.891248258739833	0.999155368198447	NA
TRINITY_DN834_c0_g1	0.891248258739833	0.999155368198447	NA
TRINITY_DN834_c0_g2	-0.515824503618979	NA	NA
TRINITY_DN8340_c0_g1	0.371369475747632	NA	NA
TRINITY_DN8341_c0_g1	1.69420849527254	NA	NA
TRINITY_DN8342_c0_g1	-0.51575433958432	NA	NA
TRINITY_DN8343_c0_g1	-1.29494301838219	NA	NA
TRINITY_DN8344_c0_g1	0.760768945751959	0.999155368198447	NA
TRINITY_DN8346_c0_g1	0.428484586623703	NA	NA
TRINITY_DN8347_c0_g1	1.67766934843175	0.999155368198447	NA
TRINITY_DN8348_c0_g1	-1.45746470731771	NA	NA
TRINITY_DN8349_c0_g1	0.441612397532189	0.999155368198447	NA
TRINITY_DN835_c0_g1	0.915166486590226	NA	NA
TRINITY_DN835_c0_g2	0.457290615315688	0.999155368198447	NA
TRINITY_DN8351_c0_g1	1.86008621251346	NA	NA
TRINITY_DN8352_c0_g1	0.349398603666387	NA	NA
TRINITY_DN8353_c0_g1	0.207131915246185	NA	NA
TRINITY_DN8354_c0_g1	-0.513647024019592	NA	NA
TRINITY_DN8356_c0_g1	-1.52237678933332	NA	NA
TRINITY_DN8358_c0_g1	0.450324332678127	NA	NA
TRINITY_DN8359_c0_g1	0.804888086848675	NA	NA
TRINITY_DN836_c0_g1	-2.26296831974281	0.155361069526317	NA
TRINITY_DN836_c0_g1	-2.26296831974281	0.155361069526317	NA
TRINITY_DN8361_c0_g1	-0.618752008295418	NA	NA
TRINITY_DN8363_c0_g1	-0.827473024164479	NA	NA
TRINITY_DN8364_c0_g1	0.0169865098603356	NA	NA
TRINITY_DN8365_c0_g1	-0.348115373093001	NA	NA
TRINITY_DN8366_c0_g1	0.735964890604582	0.999155368198447	NA
TRINITY_DN8367_c0_g1	-0.519899799931343	NA	NA
TRINITY_DN8368_c0_g1	-1.38398440383488	NA	NA
TRINITY_DN837_c0_g1	-3.24692132977949	NA	NA
TRINITY_DN837_c0_g1	-3.24692132977949	NA	NA
TRINITY_DN8371_c0_g1	0.65058511580424	NA	NA
TRINITY_DN8372_c0_g1	-1.51408937232975	NA	NA
TRINITY_DN8373_c0_g1	-1.07120353087903	NA	NA
TRINITY_DN8374_c0_g1	-0.525838849150862	NA	NA
TRINITY_DN8377_c0_g1	-0.608664987900814	0.999155368198447	NA
TRINITY_DN8378_c0_g1	-1.49673392711497	NA	NA
TRINITY_DN8379_c0_g1	0.381864444249979	NA	NA
TRINITY_DN838_c0_g1	-0.00691710448009923	0.999155368198447	NA
TRINITY_DN838_c0_g1	-0.00691710448009923	0.999155368198447	NA
TRINITY_DN838_c1_g1	0.398692298867683	0.999155368198447	NA
TRINITY_DN8380_c0_g1	0.956737022452008	NA	NA
TRINITY_DN8381_c0_g1	-1.47650956821854	NA	NA
TRINITY_DN8382_c0_g1	1.40896879598044	NA	NA
TRINITY_DN8383_c0_g1	-1.93488777232207	NA	NA
TRINITY_DN8384_c0_g1	-1.51408937232975	NA	NA
TRINITY_DN8386_c0_g1	0.254058673982856	0.999155368198447	NA
TRINITY_DN8387_c0_g1	0.113274228232201	NA	NA
TRINITY_DN8388_c0_g1	-2.45656003975112	NA	NA
TRINITY_DN8389_c0_g1	-1.82731856173417	NA	NA
TRINITY_DN839_c0_g1	-0.625241500888619	NA	NA
TRINITY_DN8390_c0_g1	1.53762853628065	NA	NA
TRINITY_DN8392_c0_g1	-0.580116166297711	0.999155368198447	NA
TRINITY_DN8393_c0_g1	-0.277630153453794	0.999155368198447	NA
TRINITY_DN8394_c0_g1	-2.65646595153923	NA	NA
TRINITY_DN8395_c0_g1	-2.46013419580259	NA	NA
TRINITY_DN8396_c0_g1	-2.05722641402559	NA	NA
TRINITY_DN8397_c0_g1	0.704765857007946	NA	NA
TRINITY_DN8398_c0_g1	-1.52237678933332	NA	NA
TRINITY_DN8399_c0_g1	-1.6010536517227	NA	NA
TRINITY_DN84_c0_g1	-0.967452869816174	0.951303799648802	NA
TRINITY_DN84_c0_g1	-0.967452869816174	0.951303799648802	NA
TRINITY_DN84_c0_g1	-0.967452869816174	0.951303799648802	NA
TRINITY_DN84_c0_g1	-0.967452869816174	0.951303799648802	NA
TRINITY_DN84_c0_g1	-0.967452869816174	0.951303799648802	NA
TRINITY_DN840_c0_g1	0.975941945104941	NA	NA
TRINITY_DN840_c0_g2	-0.734221542111379	NA	NA
TRINITY_DN840_c0_g3	-0.768614095511196	NA	NA
TRINITY_DN8400_c0_g1	1.00822887810411	0.999155368198447	NA
TRINITY_DN8401_c0_g1	-0.519017918350114	NA	NA
TRINITY_DN8402_c0_g1	0.985744913385701	NA	NA
TRINITY_DN8403_c0_g1	-2.08502008428798	NA	NA
TRINITY_DN8404_c0_g1	-0.512373123714712	NA	NA
TRINITY_DN8405_c0_g1	1.95566773858478	NA	NA
TRINITY_DN8406_c0_g1	-1.55194279298093	NA	NA
TRINITY_DN8407_c0_g1	0.193293222530027	NA	NA
TRINITY_DN8408_c0_g1	-3.09290305223783	NA	NA
TRINITY_DN8409_c0_g1	1.11872335098737	NA	NA
TRINITY_DN841_c0_g1	0.812698447321283	NA	NA
TRINITY_DN841_c0_g2	-2.4868859001175	NA	NA
TRINITY_DN8410_c0_g1	1.00016719507024	NA	NA
TRINITY_DN8411_c0_g1	-3.28421628442505	NA	NA
TRINITY_DN8412_c0_g1	0.61451847161342	0.999155368198447	NA
TRINITY_DN8412_c0_g1	0.61451847161342	0.999155368198447	NA
TRINITY_DN8413_c0_g1	-2.06715700066464	NA	NA
TRINITY_DN8414_c0_g1	1.07738455283493	NA	NA
TRINITY_DN8415_c0_g1	-1.17963028801568	NA	NA
TRINITY_DN8416_c0_g1	1.41878057259454	NA	NA
TRINITY_DN8417_c0_g1	-2.0923719411414	NA	NA
TRINITY_DN8418_c0_g1	0.354114483907779	NA	NA
TRINITY_DN8419_c0_g1	-1.10341655923048	NA	NA
TRINITY_DN842_c0_g1	1.01092348819731	NA	NA
TRINITY_DN8420_c0_g1	-2.56210571180061	NA	NA
TRINITY_DN8421_c0_g1	1.65975540690092	NA	NA
TRINITY_DN8422_c0_g1	0.704576511701927	NA	NA
TRINITY_DN8424_c0_g1	-0.00437837995072562	NA	NA
TRINITY_DN8425_c0_g1	-0.522501318054903	NA	NA
TRINITY_DN8426_c0_g1	-0.481905600482849	NA	NA
TRINITY_DN8427_c0_g1	-1.26861675015464	NA	NA
TRINITY_DN8428_c0_g1	-1.51408937232975	NA	NA
TRINITY_DN8429_c0_g1	-1.99987284096263	NA	NA
TRINITY_DN843_c0_g1	-0.468290828044536	0.999155368198447	NA
TRINITY_DN843_c0_g2	0.305711822522524	0.999155368198447	NA
TRINITY_DN8430_c0_g1	1.86008621251346	NA	NA
TRINITY_DN8431_c0_g1	1.12287914896523	NA	NA
TRINITY_DN8432_c0_g1	-1.03479984256809	NA	NA
TRINITY_DN8433_c0_g1	-2.0264282121039	NA	NA
TRINITY_DN8434_c0_g1	0.973170514872882	NA	NA
TRINITY_DN8436_c0_g1	-0.494392068387023	NA	NA
TRINITY_DN8437_c0_g1	-1.50576064523823	NA	NA
TRINITY_DN844_c0_g1	-0.843971232848273	NA	NA
TRINITY_DN844_c0_g2	-2.13425045565301	NA	NA
TRINITY_DN8440_c0_g1	0.172876068954801	0.999155368198447	NA
TRINITY_DN8441_c0_g1	1.66687868844429	NA	NA
TRINITY_DN8442_c0_g1	3.1562842506844	NA	NA
TRINITY_DN8443_c0_g1	0.399485359987013	NA	NA
TRINITY_DN8444_c0_g1	-0.31887610998444	NA	NA
TRINITY_DN8445_c0_g1	-2.02610751460644	NA	NA
TRINITY_DN8446_c0_g1	-0.522286959535533	NA	NA
TRINITY_DN8447_c0_g1	-2.10695694030927	NA	NA
TRINITY_DN8448_c0_g1	-0.510279656850522	NA	NA
TRINITY_DN8449_c0_g1	-1.12770062492134	NA	NA
TRINITY_DN845_c0_g1	0.494843133903368	0.999155368198447	NA
TRINITY_DN845_c0_g2	0.263820934356375	0.999155368198447	NA
TRINITY_DN845_c0_g3	-0.947201813428983	NA	NA
TRINITY_DN8451_c0_g1	-1.50866049812215	NA	NA
TRINITY_DN8452_c0_g1	0.957819459071384	NA	NA
TRINITY_DN8453_c0_g1	1.23615958635289	NA	NA
TRINITY_DN8454_c0_g1	-0.652662958285529	NA	NA
TRINITY_DN8456_c0_g1	-0.128500668509777	NA	NA
TRINITY_DN8457_c0_g1	0.820674879656911	NA	NA
TRINITY_DN8458_c0_g1	1.10673402437309	NA	NA
TRINITY_DN8459_c0_g1	-1.60521306333775	NA	NA
TRINITY_DN846_c0_g1	0.0726373497435599	NA	NA
TRINITY_DN8460_c0_g1	-2.08134676973634	NA	NA
TRINITY_DN8461_c0_g1	1.12465397403372	NA	NA
TRINITY_DN8462_c0_g1	-1.42436069585891	NA	NA
TRINITY_DN8463_c0_g1	-1.99987284096263	NA	NA
TRINITY_DN8464_c0_g1	1.47557425815188	0.999155368198447	NA
TRINITY_DN8465_c0_g1	-2.3075948153256	NA	NA
TRINITY_DN8466_c0_g1	-1.50576064523823	NA	NA
TRINITY_DN8467_c0_g1	2.39149606706828	NA	NA
TRINITY_DN8468_c0_g1	-1.49795519094814	NA	NA
TRINITY_DN847_c0_g1	-1.62154645468024	NA	NA
TRINITY_DN847_c0_g1	-1.62154645468024	NA	NA
TRINITY_DN8470_c0_g1	1.14372025834901	NA	NA
TRINITY_DN8471_c0_g1	2.12668163916184	NA	NA
TRINITY_DN8472_c0_g1	-0.385230364756985	NA	NA
TRINITY_DN8473_c0_g1	0.398839844922272	NA	NA
TRINITY_DN8474_c0_g1	-0.406710972404718	NA	NA
TRINITY_DN8476_c0_g1	-0.622792282276946	NA	NA
TRINITY_DN8477_c0_g1	0.963138439674655	0.999155368198447	NA
TRINITY_DN8478_c0_g1	-2.51830402939496	NA	NA
TRINITY_DN8479_c0_g1	-0.539541235476862	NA	NA
TRINITY_DN848_c0_g1	-0.833681930684787	0.999155368198447	NA
TRINITY_DN8480_c0_g1	-1.50828880602036	NA	NA
TRINITY_DN8481_c0_g1	1.86008621251346	NA	NA
TRINITY_DN8482_c0_g1	-0.518346403511689	NA	NA
TRINITY_DN8483_c0_g1	-2.10729602487888	NA	NA
TRINITY_DN8484_c0_g1	0.00155565495127763	NA	NA
TRINITY_DN8487_c0_g1	1.0710303700645	NA	NA
TRINITY_DN8488_c0_g1	-0.964804946041473	NA	NA
TRINITY_DN8489_c0_g1	1.13514511076768	NA	NA
TRINITY_DN849_c0_g1	3.83261021715486	NA	NA
TRINITY_DN849_c0_g2	-0.43852340672847	NA	NA
TRINITY_DN8490_c0_g1	1.71156646937794	NA	NA
TRINITY_DN8491_c0_g1	-0.807810101902755	NA	NA
TRINITY_DN8492_c0_g1	-1.45746470731771	NA	NA
TRINITY_DN8493_c0_g1	-0.537072466736856	NA	NA
TRINITY_DN8494_c0_g1	-3.66488504395257	NA	NA
TRINITY_DN8495_c0_g1	-2.12599672253002	NA	NA
TRINITY_DN8496_c0_g1	-1.50576064523823	NA	NA
TRINITY_DN8497_c0_g1	-0.849333306501715	NA	NA
TRINITY_DN8498_c0_g1	-0.520493036508757	NA	NA
TRINITY_DN8499_c0_g1	2.39165803575994	NA	NA
TRINITY_DN85_c0_g1	-0.051582603400657	0.999155368198447	NA
TRINITY_DN85_c0_g2	-1.5745661165816	0.0270296486077348	NA
TRINITY_DN85_c0_g2	-1.5745661165816	0.0270296486077348	NA
TRINITY_DN85_c0_g2	-1.5745661165816	0.0270296486077348	NA
TRINITY_DN850_c0_g1	0.964750456676465	NA	NA
TRINITY_DN8500_c0_g1	-0.410829117140229	NA	NA
TRINITY_DN8501_c0_g1	-2.4964636238478	NA	NA
TRINITY_DN8502_c0_g1	2.3955612757261	NA	NA
TRINITY_DN8503_c0_g1	-0.933239472834968	0.999155368198447	NA
TRINITY_DN8504_c0_g1	-0.537171057247036	NA	NA
TRINITY_DN8505_c0_g1	-0.571246627110138	0.999155368198447	NA
TRINITY_DN8506_c0_g1	-0.858730966852747	0.999155368198447	NA
TRINITY_DN8507_c0_g1	-1.82821755567957	NA	NA
TRINITY_DN8508_c0_g1	2.92116993331436	NA	NA
TRINITY_DN8509_c0_g1	0.599911601347576	0.999155368198447	NA
TRINITY_DN851_c0_g1	0.653439733220314	NA	NA
TRINITY_DN851_c0_g1	0.653439733220314	NA	NA
TRINITY_DN851_c0_g2	0.76162489168528	0.999155368198447	NA
TRINITY_DN851_c0_g2	0.76162489168528	0.999155368198447	NA
TRINITY_DN851_c0_g2	0.76162489168528	0.999155368198447	NA
TRINITY_DN851_c0_g2	0.76162489168528	0.999155368198447	NA
TRINITY_DN851_c1_g1	-0.283229254918169	NA	NA
TRINITY_DN8510_c0_g1	0.986786055142042	NA	NA
TRINITY_DN8511_c0_g1	0.80740947146428	0.999155368198447	NA
TRINITY_DN8512_c0_g1	1.02734169020978	NA	NA
TRINITY_DN8513_c0_g1	0.450730222885822	NA	NA
TRINITY_DN8514_c0_g1	-1.09777343355845	NA	NA
TRINITY_DN8515_c0_g1	-3.09340080949283	NA	NA
TRINITY_DN8516_c0_g1	-2.46264574274825	NA	NA
TRINITY_DN8517_c0_g1	-0.617136904296735	NA	NA
TRINITY_DN8518_c0_g1	-2.49330333772342	NA	NA
TRINITY_DN8519_c0_g1	-1.51438270442644	NA	NA
TRINITY_DN852_c0_g1	-0.41995680872567	0.999155368198447	NA
TRINITY_DN8520_c0_g1	1.11874978254885	NA	NA
TRINITY_DN8521_c0_g1	-1.50893347452093	NA	NA
TRINITY_DN8523_c0_g1	0.874669725769427	NA	NA
TRINITY_DN8524_c0_g1	-0.0129925434423735	NA	NA
TRINITY_DN8525_c0_g1	-0.887732333050268	NA	NA
TRINITY_DN8526_c0_g1	1.80950231271155	NA	NA
TRINITY_DN8527_c0_g1	-0.505708540529546	NA	NA
TRINITY_DN8528_c0_g1	0.169715477293571	NA	NA
TRINITY_DN8528_c0_g1	0.169715477293571	NA	NA
TRINITY_DN8529_c0_g1	1.1101163318368	NA	NA
TRINITY_DN853_c0_g1	-1.50874370300235	0.999155368198447	NA
TRINITY_DN853_c0_g1	-1.50874370300235	0.999155368198447	NA
TRINITY_DN853_c1_g1	-0.761560486617119	0.999155368198447	NA
TRINITY_DN853_c1_g1	-0.761560486617119	0.999155368198447	NA
TRINITY_DN853_c1_g2	-0.0686830192733181	NA	NA
TRINITY_DN8530_c0_g1	-1.52237678933332	NA	NA
TRINITY_DN8531_c0_g1	1.86008621251346	NA	NA
TRINITY_DN8532_c0_g1	-1.10930881136059	NA	NA
TRINITY_DN8533_c0_g1	2.46182012100631	NA	NA
TRINITY_DN8534_c0_g1	2.37860217594852	NA	NA
TRINITY_DN8535_c0_g1	-1.06874416662998	NA	NA
TRINITY_DN8536_c0_g1	-0.811915790644642	NA	NA
TRINITY_DN8537_c0_g1	0.368886064774989	NA	NA
TRINITY_DN8538_c0_g1	-0.595797260323962	0.999155368198447	NA
TRINITY_DN8539_c0_g1	-1.1594263552737	NA	NA
TRINITY_DN854_c0_g1	-0.113244401018336	0.999155368198447	NA
TRINITY_DN8540_c0_g1	-1.13574201163436	NA	NA
TRINITY_DN8541_c0_g1	-0.0801932480929615	0.999155368198447	NA
TRINITY_DN8543_c0_g1	-1.45746470731771	NA	NA
TRINITY_DN8544_c0_g1	1.96979606120582	0.999155368198447	NA
TRINITY_DN8545_c0_g1	-2.09302402147116	NA	NA
TRINITY_DN8546_c0_g1	1.10285137052455	NA	NA
TRINITY_DN8547_c0_g1	-0.10853084290396	NA	NA
TRINITY_DN8548_c0_g1	1.05587108538951	NA	NA
TRINITY_DN8549_c0_g1	-1.06428077267037	NA	NA
TRINITY_DN855_c0_g1	-0.718340218392608	0.999155368198447	NA
TRINITY_DN8550_c0_g1	-3.13111137810113	NA	NA
TRINITY_DN8551_c0_g1	2.11493880871883	NA	NA
TRINITY_DN8552_c0_g1	-2.1070706071009	NA	NA
TRINITY_DN8553_c0_g1	-1.5055524358408	NA	NA
TRINITY_DN8554_c0_g1	-0.578116652101483	NA	NA
TRINITY_DN8555_c0_g1	1.86008621251346	NA	NA
TRINITY_DN8556_c0_g1	-0.558973049102877	NA	NA
TRINITY_DN8557_c0_g1	2.44725580814198	NA	NA
TRINITY_DN8558_c0_g1	1.76208259853803	NA	NA
TRINITY_DN8559_c0_g1	1.66495418123649	NA	NA
TRINITY_DN856_c0_g1	0.79311166499782	NA	NA
TRINITY_DN8560_c0_g1	0.703422703226835	NA	NA
TRINITY_DN8561_c0_g1	0.39033068302818	NA	NA
TRINITY_DN8562_c0_g1	-1.10400597517048	NA	NA
TRINITY_DN8563_c0_g1	-0.991589383206789	NA	NA
TRINITY_DN8564_c0_g1	-1.02459926200802	NA	NA
TRINITY_DN8565_c0_g1	-0.126081370522379	NA	NA
TRINITY_DN8567_c0_g1	-0.522882009813686	NA	NA
TRINITY_DN8568_c0_g1	-0.024553112237334	NA	NA
TRINITY_DN8569_c0_g1	-1.95109841669963	NA	NA
TRINITY_DN857_c0_g1	0.591084931630585	0.999155368198447	NA
TRINITY_DN857_c0_g1	0.591084931630585	0.999155368198447	NA
TRINITY_DN857_c0_g1	0.591084931630585	0.999155368198447	NA
TRINITY_DN8570_c0_g1	-1.99987284096263	NA	NA
TRINITY_DN8571_c0_g1	-2.4720048255011	NA	NA
TRINITY_DN8572_c0_g1	-0.063769189762555	NA	NA
TRINITY_DN8573_c0_g1	-1.47483245560641	NA	NA
TRINITY_DN8574_c0_g1	-0.172865002682099	NA	NA
TRINITY_DN8575_c0_g1	-1.49381778737577	NA	NA
TRINITY_DN8576_c0_g1	1.70433560396375	NA	NA
TRINITY_DN8577_c0_g1	0.95331180087267	0.999155368198447	NA
TRINITY_DN8578_c0_g1	0.18942495087922	NA	NA
TRINITY_DN8579_c0_g1	0.383044081443432	NA	NA
TRINITY_DN858_c0_g1	1.067619092486	0.979696956929915	NA
TRINITY_DN858_c0_g1	1.067619092486	0.979696956929915	NA
TRINITY_DN858_c0_g1	1.067619092486	0.979696956929915	NA
TRINITY_DN8581_c0_g1	2.42348654509768	NA	NA
TRINITY_DN8582_c0_g1	-0.58572386391042	NA	NA
TRINITY_DN8583_c0_g1	-2.05721213270385	NA	NA
TRINITY_DN8584_c0_g1	3.12607346937444	NA	NA
TRINITY_DN8585_c0_g1	-2.08608934221649	NA	NA
TRINITY_DN8586_c0_g1	0.460315789956257	NA	NA
TRINITY_DN8588_c0_g1	-1.52237678933332	NA	NA
TRINITY_DN8589_c0_g1	2.42529558941647	NA	NA
TRINITY_DN859_c0_g1	1.06093672835901	NA	NA
TRINITY_DN859_c0_g1	1.06093672835901	NA	NA
TRINITY_DN859_c0_g2	-3.29612886222043	NA	NA
TRINITY_DN8590_c0_g1	2.48903721245975	NA	NA
TRINITY_DN8591_c0_g1	-1.49713797081836	0.951303799648802	NA
TRINITY_DN8592_c0_g1	0.428513483309022	NA	NA
TRINITY_DN8593_c0_g1	-0.164140736146514	NA	NA
TRINITY_DN8594_c0_g1	1.80950231271155	NA	NA
TRINITY_DN8595_c0_g1	-0.844632041451747	NA	NA
TRINITY_DN8597_c0_g1	1.09366675616838	NA	NA
TRINITY_DN8598_c0_g1	-0.734886251725523	NA	NA
TRINITY_DN8599_c0_g1	0.801878459839863	NA	NA
TRINITY_DN86_c0_g1	0.901547518666468	0.999155368198447	NA
TRINITY_DN860_c0_g1	-0.361207322872124	NA	NA
TRINITY_DN860_c0_g1	-0.361207322872124	NA	NA
TRINITY_DN860_c0_g2	0.184551300804458	NA	NA
TRINITY_DN8600_c0_g1	2.11575715616115	NA	NA
TRINITY_DN8601_c0_g1	0.193302217408275	NA	NA
TRINITY_DN8602_c0_g1	1.86008621251346	NA	NA
TRINITY_DN8603_c0_g1	1.39767042004038	NA	NA
TRINITY_DN8604_c0_g1	-1.19784893287869	NA	NA
TRINITY_DN8605_c0_g1	2.41765362365986	NA	NA
TRINITY_DN8606_c0_g1	-0.619287641976433	NA	NA
TRINITY_DN8607_c0_g1	1.09719912308939	NA	NA
TRINITY_DN8608_c0_g1	1.76208259853803	NA	NA
TRINITY_DN8609_c0_g1	1.08839993473329	NA	NA
TRINITY_DN861_c0_g1	-1.07683978676113	NA	NA
TRINITY_DN8610_c0_g1	-0.521664497220911	NA	NA
TRINITY_DN8611_c0_g1	-2.52144450797494	NA	NA
TRINITY_DN8612_c0_g1	-0.33385808019293	NA	NA
TRINITY_DN8613_c0_g1	-1.51202641165258	NA	NA
TRINITY_DN8614_c0_g1	-1.45746470731771	NA	NA
TRINITY_DN8616_c0_g1	-0.565408007755037	NA	NA
TRINITY_DN8617_c0_g1	1.76208259853803	NA	NA
TRINITY_DN8618_c0_g1	-0.067074918051168	NA	NA
TRINITY_DN8619_c0_g1	-1.64587294883994	NA	NA
TRINITY_DN862_c0_g1	-2.83640458153672	NA	NA
TRINITY_DN862_c0_g2	2.07919275990711	NA	NA
TRINITY_DN8620_c0_g1	2.39964525743085	NA	NA
TRINITY_DN8623_c0_g1	-0.513186508478271	NA	NA
TRINITY_DN8624_c0_g1	-3.96993577835602	NA	NA
TRINITY_DN8625_c0_g1	2.39439602029138	NA	NA
TRINITY_DN8626_c0_g1	-2.8051198273952	NA	NA
TRINITY_DN8627_c0_g1	2.39439602029138	NA	NA
TRINITY_DN8628_c0_g1	3.63154347840517	NA	NA
TRINITY_DN8629_c0_g1	-2.08999567766302	NA	NA
TRINITY_DN863_c0_g1	0.54309773052522	NA	NA
TRINITY_DN8630_c0_g1	0.42367725704993	NA	NA
TRINITY_DN8632_c0_g1	-0.619003202623129	NA	NA
TRINITY_DN8633_c0_g1	-0.768614095511196	NA	NA
TRINITY_DN8634_c0_g1	2.40053157247302	NA	NA
TRINITY_DN8635_c0_g1	-0.768614095511196	NA	NA
TRINITY_DN8636_c0_g1	-0.199271400469354	NA	NA
TRINITY_DN8637_c0_g1	-1.51408937232975	NA	NA
TRINITY_DN8638_c0_g1	1.1494235224131	NA	NA
TRINITY_DN864_c0_g1	-2.87993721817801	NA	NA
TRINITY_DN864_c0_g2	-0.0213063936795032	NA	NA
TRINITY_DN8642_c0_g1	-1.84110125578731	NA	NA
TRINITY_DN8643_c0_g1	2.39549073532307	NA	NA
TRINITY_DN8644_c0_g1	2.09676991070134	NA	NA
TRINITY_DN8645_c0_g1	-1.41092560931304	NA	NA
TRINITY_DN8646_c0_g1	-2.05860949763441	NA	NA
TRINITY_DN8647_c0_g1	1.4252417883907	NA	NA
TRINITY_DN8648_c0_g1	-0.541377771806676	NA	NA
TRINITY_DN8649_c0_g1	-1.5241491215821	NA	NA
TRINITY_DN865_c0_g1	0.233445597881358	0.999155368198447	NA
TRINITY_DN865_c0_g1	0.233445597881358	0.999155368198447	NA
TRINITY_DN8650_c0_g1	0.359534580792708	NA	NA
TRINITY_DN8651_c0_g1	2.11094439825156	NA	NA
TRINITY_DN8652_c0_g1	2.39439602029138	NA	NA
TRINITY_DN8653_c0_g1	-0.598434540164016	NA	NA
TRINITY_DN8654_c0_g1	0.851265334439793	0.999155368198447	NA
TRINITY_DN8655_c0_g1	-1.51408937232975	NA	NA
TRINITY_DN8656_c0_g1	-0.96415749036857	NA	NA
TRINITY_DN8657_c0_g1	0.793067369837991	NA	NA
TRINITY_DN8658_c0_g1	2.69888024577856	NA	NA
TRINITY_DN8659_c0_g1	-2.41340458201845	NA	NA
TRINITY_DN866_c0_g1	-0.341932592160077	NA	NA
TRINITY_DN8660_c0_g1	-2.48070286487411	NA	NA
TRINITY_DN8661_c0_g1	-1.79309908594165	NA	NA
TRINITY_DN8662_c0_g1	0.966646636038418	NA	NA
TRINITY_DN8663_c0_g1	0.342385079963201	NA	NA
TRINITY_DN8664_c0_g1	2.61858087090128	NA	NA
TRINITY_DN8665_c0_g1	2.01686872130412	NA	NA
TRINITY_DN8666_c0_g1	0.954993407428611	NA	NA
TRINITY_DN867_c0_g1	-0.121644787648189	0.999155368198447	NA
TRINITY_DN867_c0_g2	0.243904713697595	0.999155368198447	NA
TRINITY_DN867_c0_g3	0.0851800187798312	0.999155368198447	NA
TRINITY_DN8671_c0_g1	-0.289363575332157	0.999155368198447	NA
TRINITY_DN8673_c0_g1	0.187898172014585	NA	NA
TRINITY_DN8673_c0_g1	0.187898172014585	NA	NA
TRINITY_DN8674_c0_g1	-0.520907631970884	NA	NA
TRINITY_DN8676_c0_g1	-1.14579195169698	NA	NA
TRINITY_DN8677_c0_g1	-0.619132182803271	0.999155368198447	NA
TRINITY_DN8678_c0_g1	0.211610077056103	NA	NA
TRINITY_DN8679_c0_g1	-1.50576064523823	NA	NA
TRINITY_DN868_c0_g1	-0.311705618142343	0.999155368198447	NA
TRINITY_DN868_c0_g1	-0.311705618142343	0.999155368198447	NA
TRINITY_DN8681_c0_g1	1.58078909387907	0.999155368198447	NA
TRINITY_DN8682_c0_g1	1.37461649405099	NA	NA
TRINITY_DN8683_c0_g1	1.00359594288175	NA	NA
TRINITY_DN8684_c0_g1	-1.50576064523823	NA	NA
TRINITY_DN8685_c0_g1	-0.616014109726179	NA	NA
TRINITY_DN8686_c0_g1	1.76208259853803	NA	NA
TRINITY_DN8687_c0_g1	0.984049931509506	NA	NA
TRINITY_DN8688_c0_g1	0.0259862081805706	0.999155368198447	NA
TRINITY_DN8689_c0_g1	-0.605782707972742	NA	NA
TRINITY_DN869_c0_g1	2.00275725229302	NA	NA
TRINITY_DN869_c0_g1	2.00275725229302	NA	NA
TRINITY_DN8690_c0_g1	-1.08194608658576	NA	NA
TRINITY_DN8691_c0_g1	-1.50576064523823	NA	NA
TRINITY_DN8692_c0_g1	-0.90066752600103	NA	NA
TRINITY_DN8693_c0_g1	0.390531110710242	NA	NA
TRINITY_DN8694_c0_g1	-1.52237678933332	NA	NA
TRINITY_DN8695_c0_g1	-2.05580444553258	NA	NA
TRINITY_DN8696_c0_g1	2.34479942720385	NA	NA
TRINITY_DN8698_c0_g1	-1.52237678933332	NA	NA
TRINITY_DN8699_c0_g1	0.439223962151853	NA	NA
TRINITY_DN87_c0_g1	-0.663335328207948	0.999155368198447	NA
TRINITY_DN87_c0_g1	-0.663335328207948	0.999155368198447	NA
TRINITY_DN870_c0_g1	0.128779768359848	0.999155368198447	NA
TRINITY_DN870_c0_g1	0.128779768359848	0.999155368198447	NA
TRINITY_DN8700_c0_g1	-1.50990456777407	NA	NA
TRINITY_DN8701_c0_g1	1.68668130802992	NA	NA
TRINITY_DN8702_c0_g1	-1.50576064523823	NA	NA
TRINITY_DN8703_c0_g1	-1.45746470731771	NA	NA
TRINITY_DN8704_c0_g1	0.244556225014533	NA	NA
TRINITY_DN8705_c0_g1	-1.14594910882674	NA	NA
TRINITY_DN8706_c0_g1	1.80950231271155	NA	NA
TRINITY_DN8707_c0_g1	1.76208259853803	NA	NA
TRINITY_DN8708_c0_g1	0.161155004816472	NA	NA
TRINITY_DN8709_c0_g1	-0.175130469736271	NA	NA
TRINITY_DN871_c0_g1	0.420664898014852	NA	NA
TRINITY_DN871_c0_g2	0.713728487335863	NA	NA
TRINITY_DN871_c0_g2	0.713728487335863	NA	NA
TRINITY_DN8711_c0_g1	-1.07759013070133	NA	NA
TRINITY_DN8712_c0_g1	1.08548447900828	NA	NA
TRINITY_DN8715_c0_g1	0.373242452862489	NA	NA
TRINITY_DN8716_c0_g1	-2.8465409349992	NA	NA
TRINITY_DN8717_c0_g1	-0.615048400532543	NA	NA
TRINITY_DN8718_c0_g1	-1.52237678933332	NA	NA
TRINITY_DN8719_c0_g1	0.0282901427628855	NA	NA
TRINITY_DN872_c0_g1	-2.49438949964667	NA	NA
TRINITY_DN8720_c0_g1	-2.54158249550552	NA	NA
TRINITY_DN8721_c0_g1	-1.2009079528455	NA	NA
TRINITY_DN8722_c0_g1	-1.51408937232975	NA	NA
TRINITY_DN8723_c0_g1	-1.51408937232975	NA	NA
TRINITY_DN8724_c0_g1	-0.946957603245807	NA	NA
TRINITY_DN8725_c0_g1	-0.498826641195339	0.999155368198447	NA
TRINITY_DN8726_c0_g1	3.16095237684015	NA	NA
TRINITY_DN8727_c0_g1	-0.601554192448805	NA	NA
TRINITY_DN8729_c0_g1	-1.03132717169502	NA	NA
TRINITY_DN873_c0_g1	-0.277202644482096	0.999155368198447	NA
TRINITY_DN873_c0_g1	-0.277202644482096	0.999155368198447	NA
TRINITY_DN873_c0_g1	-0.277202644482096	0.999155368198447	NA
TRINITY_DN873_c0_g1	-0.277202644482096	0.999155368198447	NA
TRINITY_DN873_c0_g1	-0.277202644482096	0.999155368198447	NA
TRINITY_DN8730_c0_g1	0.994432078098431	NA	NA
TRINITY_DN8731_c0_g1	-2.54158249550552	NA	NA
TRINITY_DN8732_c0_g1	0.406497496893216	NA	NA
TRINITY_DN8733_c0_g1	-1.52121897554579	NA	NA
TRINITY_DN8735_c0_g1	-2.77353773229138	NA	NA
TRINITY_DN8736_c0_g1	0.992399037376826	NA	NA
TRINITY_DN8737_c0_g1	-2.48894634055852	NA	NA
TRINITY_DN8738_c0_g1	3.13613564499224	NA	NA
TRINITY_DN8739_c0_g1	2.37838156173259	NA	NA
TRINITY_DN874_c0_g1	-1.13539212176165	NA	NA
TRINITY_DN874_c0_g2	1.80950231271155	NA	NA
TRINITY_DN8740_c0_g1	-1.52237678933332	NA	NA
TRINITY_DN8741_c0_g1	-1.51408937232975	NA	NA
TRINITY_DN8742_c0_g1	-2.82602923524031	NA	NA
TRINITY_DN8743_c0_g1	1.6608955242942	NA	NA
TRINITY_DN8744_c0_g1	-0.522846685730302	NA	NA
TRINITY_DN8745_c0_g1	0.394960733037154	NA	NA
TRINITY_DN8746_c0_g1	0.636663647758091	NA	NA
TRINITY_DN8747_c0_g1	-2.45653767277866	NA	NA
TRINITY_DN8748_c0_g1	2.81119493174193	NA	NA
TRINITY_DN8749_c0_g1	-0.561531327060658	NA	NA
TRINITY_DN875_c0_g1	0.868607033452842	0.999155368198447	NA
TRINITY_DN875_c0_g1	0.868607033452842	0.999155368198447	NA
TRINITY_DN875_c0_g1	0.868607033452842	0.999155368198447	NA
TRINITY_DN8750_c0_g1	2.44725580814198	NA	NA
TRINITY_DN8751_c0_g1	-2.76953137342896	NA	NA
TRINITY_DN8752_c0_g1	-2.09302402147116	NA	NA
TRINITY_DN8753_c0_g1	-1.43521412646762	NA	NA
TRINITY_DN8755_c0_g1	1.76208259853803	NA	NA
TRINITY_DN8757_c0_g1	1.76208259853803	NA	NA
TRINITY_DN8758_c0_g1	0.971307316624805	NA	NA
TRINITY_DN8759_c0_g1	1.12375666689658	NA	NA
TRINITY_DN876_c0_g1	-0.773828696977676	0.999155368198447	NA
TRINITY_DN8760_c0_g1	0.406051030748538	NA	NA
TRINITY_DN8762_c0_g1	1.0993393259586	NA	NA
TRINITY_DN8763_c0_g1	2.44784246908363	NA	NA
TRINITY_DN8765_c0_g1	-2.78685808336292	NA	NA
TRINITY_DN8766_c0_g1	-1.50576064523823	NA	NA
TRINITY_DN8767_c0_g1	0.390714641413392	NA	NA
TRINITY_DN8768_c0_g1	-1.48983607666558	NA	NA
TRINITY_DN8769_c0_g1	-2.41340458201845	NA	NA
TRINITY_DN877_c0_g1	-0.404338553272719	NA	NA
TRINITY_DN877_c0_g2	1.58242643754363	0.413057252837718	NA
TRINITY_DN8770_c0_g1	-2.49732102116962	NA	NA
TRINITY_DN8772_c0_g1	2.37924192420221	NA	NA
TRINITY_DN8773_c0_g1	-2.08145031524232	NA	NA
TRINITY_DN8774_c0_g1	1.78596716169676	NA	NA
TRINITY_DN8775_c0_g1	-1.39930957313254	NA	NA
TRINITY_DN8776_c0_g1	-2.49931784029015	NA	NA
TRINITY_DN8778_c0_g1	1.13048031488214	NA	NA
TRINITY_DN8779_c0_g1	-0.184259905672077	NA	NA
TRINITY_DN878_c0_g1	-1.33937221314888	NA	NA
TRINITY_DN8780_c0_g1	-1.43393949363659	NA	NA
TRINITY_DN8781_c0_g1	1.06048179531921	NA	NA
TRINITY_DN8782_c0_g1	1.74567105237208	NA	NA
TRINITY_DN8783_c0_g1	0.400523411920889	NA	NA
TRINITY_DN8784_c0_g1	-1.13800925856833	NA	NA
TRINITY_DN8785_c0_g1	-2.12599672253002	NA	NA
TRINITY_DN8786_c0_g1	-1.10663795030153	NA	NA
TRINITY_DN8787_c0_g1	1.09006648209103	NA	NA
TRINITY_DN8788_c0_g1	-0.0967109335720115	NA	NA
TRINITY_DN8789_c0_g1	1.402994326939	NA	NA
TRINITY_DN879_c0_g1	-1.09986382414771	NA	NA
TRINITY_DN879_c0_g2	NA	NA	NA
TRINITY_DN8790_c0_g1	0.389507227937088	NA	NA
TRINITY_DN8791_c0_g1	0.796940126034476	NA	NA
TRINITY_DN8792_c0_g1	-0.213866888304869	NA	NA
TRINITY_DN8793_c0_g1	-0.193895282041884	NA	NA
TRINITY_DN8794_c0_g1	-0.604139478974988	NA	NA
TRINITY_DN8795_c0_g1	-2.06982606534668	NA	NA
TRINITY_DN8796_c0_g1	0.421033071415487	NA	NA
TRINITY_DN8798_c0_g1	0.834654246399694	NA	NA
TRINITY_DN8799_c0_g1	-2.08422778667477	NA	NA
TRINITY_DN88_c0_g1	-0.0952563442763696	0.999155368198447	NA
TRINITY_DN88_c0_g1	-0.0952563442763696	0.999155368198447	NA
TRINITY_DN88_c0_g1	-0.0952563442763696	0.999155368198447	NA
TRINITY_DN88_c0_g1	-0.0952563442763696	0.999155368198447	NA
TRINITY_DN88_c0_g1	-0.0952563442763696	0.999155368198447	NA
TRINITY_DN88_c0_g1	-0.0952563442763696	0.999155368198447	NA
TRINITY_DN88_c0_g1	-0.0952563442763696	0.999155368198447	NA
TRINITY_DN880_c0_g1	0.351322013749181	0.999155368198447	NA
TRINITY_DN880_c0_g1	0.351322013749181	0.999155368198447	NA
TRINITY_DN880_c0_g1	0.351322013749181	0.999155368198447	NA
TRINITY_DN8802_c0_g1	1.80950231271155	NA	NA
TRINITY_DN8803_c0_g1	-0.696570628880143	0.999155368198447	NA
TRINITY_DN8805_c0_g1	-0.49383130866341	NA	NA
TRINITY_DN8806_c0_g1	-0.186563318164722	NA	NA
TRINITY_DN8808_c0_g1	1.12851183173438	NA	NA
TRINITY_DN8809_c0_g1	-0.370256823505149	NA	NA
TRINITY_DN881_c0_g1	-0.757077010970919	0.999155368198447	NA
TRINITY_DN8810_c0_g1	-0.490521966710417	NA	NA
TRINITY_DN8811_c0_g1	-2.10773994470784	NA	NA
TRINITY_DN8812_c0_g1	-1.80460075688043	NA	NA
TRINITY_DN8813_c0_g1	-0.51145526705499	NA	NA
TRINITY_DN8815_c0_g1	2.92335881277821	NA	NA
TRINITY_DN8816_c0_g1	-2.51243381040183	NA	NA
TRINITY_DN8817_c0_g1	1.11280969396572	NA	NA
TRINITY_DN8818_c0_g1	2.80941590716106	NA	NA
TRINITY_DN8819_c0_g1	1.67780610528089	NA	NA
TRINITY_DN882_c0_g1	0.0266012865273884	0.999155368198447	NA
TRINITY_DN882_c0_g1	0.0266012865273884	0.999155368198447	NA
TRINITY_DN882_c0_g1	0.0266012865273884	0.999155368198447	NA
TRINITY_DN8820_c0_g1	-1.52237678933332	NA	NA
TRINITY_DN8822_c0_g1	-0.341098552176104	NA	NA
TRINITY_DN8823_c0_g1	0.381442556133956	NA	NA
TRINITY_DN8826_c0_g1	1.46639876719603	0.999155368198447	NA
TRINITY_DN8827_c0_g1	0.395202398972739	NA	NA
TRINITY_DN8828_c0_g1	-2.50412130064194	NA	NA
TRINITY_DN8829_c0_g1	-0.578557676942198	NA	NA
TRINITY_DN883_c0_g1	0.164249328089563	0.999155368198447	NA
TRINITY_DN8830_c0_g1	0.376578143031372	NA	NA
TRINITY_DN8831_c0_g1	-4.22753029789056	NA	NA
TRINITY_DN8832_c0_g1	0.181018081997724	NA	NA
TRINITY_DN8834_c0_g1	-0.522710130415527	NA	NA
TRINITY_DN8835_c0_g1	0.43710952342837	NA	NA
TRINITY_DN8837_c0_g1	-0.519870464715066	NA	NA
TRINITY_DN8838_c0_g1	1.76208259853803	NA	NA
TRINITY_DN8839_c0_g1	0.20219970304409	NA	NA
TRINITY_DN884_c0_g1	0.12310792266269	0.999155368198447	NA
TRINITY_DN884_c0_g1	0.12310792266269	0.999155368198447	NA
TRINITY_DN8840_c0_g1	-1.11552636844146	NA	NA
TRINITY_DN8841_c0_g1	2.41741080020534	NA	NA
TRINITY_DN8842_c0_g1	-0.142445402540216	NA	NA
TRINITY_DN8843_c0_g1	0.941643588040554	NA	NA
TRINITY_DN8844_c0_g1	-0.224361552920413	NA	NA
TRINITY_DN8845_c0_g1	-2.12599672253002	NA	NA
TRINITY_DN8846_c0_g1	-0.498428331780092	NA	NA
TRINITY_DN8848_c0_g1	2.39071802124485	NA	NA
TRINITY_DN8849_c0_g1	-1.50576064523823	NA	NA
TRINITY_DN885_c0_g1	0.21113267763727	NA	NA
TRINITY_DN885_c0_g2	-1.8013415691526	NA	NA
TRINITY_DN8850_c0_g1	0.425113960472658	NA	NA
TRINITY_DN8851_c0_g1	2.86279211382665	NA	NA
TRINITY_DN8852_c0_g1	-0.469465164647068	NA	NA
TRINITY_DN8853_c0_g1	-0.211679521167578	NA	NA
TRINITY_DN8854_c0_g1	-0.560249773496422	NA	NA
TRINITY_DN8855_c0_g1	-0.559682989895084	NA	NA
TRINITY_DN8856_c0_g1	-0.582968824202644	NA	NA
TRINITY_DN8857_c0_g1	-2.41340458201845	NA	NA
TRINITY_DN8858_c0_g1	2.12739122105855	NA	NA
TRINITY_DN8859_c0_g1	0.993846479733422	NA	NA
TRINITY_DN8860_c0_g1	0.962824799610869	NA	NA
TRINITY_DN8861_c0_g1	1.69531645124463	NA	NA
TRINITY_DN8862_c0_g1	0.782763400380979	NA	NA
TRINITY_DN8863_c0_g1	1.66804664686451	NA	NA
TRINITY_DN8864_c0_g1	-2.10690869843166	NA	NA
TRINITY_DN8865_c0_g1	2.1283269695359	NA	NA
TRINITY_DN8866_c0_g1	-2.45665718899607	NA	NA
TRINITY_DN8867_c0_g1	-2.10621723125349	NA	NA
TRINITY_DN8868_c0_g1	-1.84637565417351	NA	NA
TRINITY_DN8869_c0_g1	-1.50576064523823	NA	NA
TRINITY_DN887_c0_g1	0.260114876933668	0.999155368198447	NA
TRINITY_DN887_c0_g1	0.260114876933668	0.999155368198447	NA
TRINITY_DN887_c0_g1	0.260114876933668	0.999155368198447	NA
TRINITY_DN8870_c0_g1	-2.06703706504787	NA	NA
TRINITY_DN8871_c0_g1	1.80950231271155	NA	NA
TRINITY_DN8872_c0_g1	0.961420674228998	NA	NA
TRINITY_DN8873_c0_g1	0.898023536132037	NA	NA
TRINITY_DN8874_c0_g1	-1.0914408321001	NA	NA
TRINITY_DN8875_c0_g1	-2.54158249550552	NA	NA
TRINITY_DN8876_c0_g1	-0.610158665120742	NA	NA
TRINITY_DN8877_c0_g1	1.40242184513395	NA	NA
TRINITY_DN8878_c0_g1	1.86008621251346	NA	NA
TRINITY_DN8879_c0_g1	0.614772830601347	0.999155368198447	NA
TRINITY_DN888_c0_g1	-2.3142130371142	NA	NA
TRINITY_DN8880_c0_g1	1.36877058772726	NA	NA
TRINITY_DN8881_c0_g1	-1.79331310758655	NA	NA
TRINITY_DN8882_c0_g1	2.34479942720385	NA	NA
TRINITY_DN8883_c0_g1	2.34479942720385	NA	NA
TRINITY_DN8884_c0_g1	0.310126781432764	0.999155368198447	NA
TRINITY_DN8885_c0_g1	2.58463479529229	NA	NA
TRINITY_DN8886_c0_g1	1.76208259853803	NA	NA
TRINITY_DN8887_c0_g1	0.189149540653797	NA	NA
TRINITY_DN8889_c0_g1	-2.10833073181069	NA	NA
TRINITY_DN889_c1_g1	0.380429732466943	NA	NA
TRINITY_DN8890_c0_g1	2.42579940286875	NA	NA
TRINITY_DN8891_c0_g1	-0.575311519376877	NA	NA
TRINITY_DN8892_c0_g1	3.12923123296979	NA	NA
TRINITY_DN8893_c0_g1	1.83477916511636	NA	NA
TRINITY_DN8894_c0_g1	-0.590292066582076	NA	NA
TRINITY_DN8895_c0_g1	-1.54342536301207	NA	NA
TRINITY_DN8896_c0_g1	1.86008621251346	NA	NA
TRINITY_DN8897_c0_g1	-0.238753197610539	NA	NA
TRINITY_DN8898_c0_g1	-1.50576064523823	NA	NA
TRINITY_DN8899_c0_g1	2.42207562845883	NA	NA
TRINITY_DN89_c0_g1	-0.0267522749345886	0.999155368198447	NA
TRINITY_DN890_c0_g1	2.11551064592392	NA	NA
TRINITY_DN8900_c0_g1	-0.138587287121778	NA	NA
TRINITY_DN8901_c0_g1	-0.579306975315882	NA	NA
TRINITY_DN8903_c0_g1	1.41719177931152	NA	NA
TRINITY_DN8904_c0_g1	-3.06371321929898	NA	NA
TRINITY_DN8905_c0_g1	0.965607141571164	NA	NA
TRINITY_DN8906_c0_g1	-1.38897774962225	NA	NA
TRINITY_DN8907_c0_g1	-1.50911467064045	NA	NA
TRINITY_DN8908_c0_g1	0.369559535116472	NA	NA
TRINITY_DN8909_c0_g1	-0.627328978263129	NA	NA
TRINITY_DN891_c0_g1	-1.69875578045736	NA	NA
TRINITY_DN891_c0_g1	-1.69875578045736	NA	NA
TRINITY_DN891_c0_g2	-0.23405495289585	NA	NA
TRINITY_DN8910_c0_g1	0.185096214444896	NA	NA
TRINITY_DN8911_c0_g1	0.639489070502031	NA	NA
TRINITY_DN8912_c0_g1	1.12299890666699	NA	NA
TRINITY_DN8914_c0_g1	0.416603370616655	NA	NA
TRINITY_DN8915_c0_g1	-0.928707653596823	NA	NA
TRINITY_DN8916_c0_g1	0.20354379399048	NA	NA
TRINITY_DN8917_c0_g1	-2.10642131951336	NA	NA
TRINITY_DN8918_c0_g1	1.12512289285844	NA	NA
TRINITY_DN892_c0_g1	-2.05675440069692	NA	NA
TRINITY_DN8921_c0_g1	-0.224767956490107	NA	NA
TRINITY_DN8922_c0_g1	-2.0817751836635	NA	NA
TRINITY_DN8923_c0_g1	2.71774577735931	NA	NA
TRINITY_DN8924_c0_g1	-1.490956886715	NA	NA
TRINITY_DN8925_c0_g1	0.200233146380079	NA	NA
TRINITY_DN8926_c0_g1	-1.52237678933332	NA	NA
TRINITY_DN8927_c0_g1	1.10960688436655	NA	NA
TRINITY_DN8928_c0_g1	1.76208259853803	NA	NA
TRINITY_DN8929_c0_g1	-1.52237678933332	NA	NA
TRINITY_DN893_c0_g1	1.41085302416318	NA	NA
TRINITY_DN893_c0_g2	-0.0105676734917188	NA	NA
TRINITY_DN893_c0_g3	-0.597428853964114	NA	NA
TRINITY_DN8930_c0_g1	-2.12599672253002	NA	NA
TRINITY_DN8931_c0_g1	-2.09302402147116	NA	NA
TRINITY_DN8932_c0_g1	-1.99987284096263	NA	NA
TRINITY_DN8933_c0_g1	-0.521790318023387	NA	NA
TRINITY_DN8934_c0_g1	-0.755555284629447	NA	NA
TRINITY_DN8935_c0_g1	0.394530120644859	NA	NA
TRINITY_DN8937_c0_g1	2.37708121273557	NA	NA
TRINITY_DN8938_c0_g1	1.3699462265231	NA	NA
TRINITY_DN8939_c0_g1	-2.07387225647307	NA	NA
TRINITY_DN894_c0_g1	-1.6302546587986	NA	NA
TRINITY_DN8940_c0_g1	1.10744261241965	NA	NA
TRINITY_DN8943_c0_g1	-1.47447202617605	NA	NA
TRINITY_DN8944_c0_g1	-1.84317407131426	NA	NA
TRINITY_DN8945_c0_g1	1.71042401214497	NA	NA
TRINITY_DN8946_c0_g1	1.76208259853803	NA	NA
TRINITY_DN8947_c0_g1	-1.50576064523823	NA	NA
TRINITY_DN8948_c0_g1	-2.09302402147116	NA	NA
TRINITY_DN8949_c0_g1	0.989075520999558	NA	NA
TRINITY_DN895_c0_g1	-1.48929431369921	NA	NA
TRINITY_DN895_c1_g1	-1.09288509455236	NA	NA
TRINITY_DN8951_c0_g1	0.383267510334482	NA	NA
TRINITY_DN8952_c0_g1	-0.585048991943682	NA	NA
TRINITY_DN8953_c0_g1	-1.49413260000934	NA	NA
TRINITY_DN8954_c0_g1	0.181962541376844	NA	NA
TRINITY_DN8955_c0_g1	-0.520926641785324	NA	NA
TRINITY_DN8956_c0_g1	1.83477951906819	NA	NA
TRINITY_DN8957_c0_g1	-1.45746470731771	NA	NA
TRINITY_DN8958_c0_g1	-2.68475451862902	NA	NA
TRINITY_DN8959_c0_g1	-2.83659277338251	NA	NA
TRINITY_DN8959_c0_g2	-0.521631523517171	NA	NA
TRINITY_DN896_c0_g1	0.0506196884015091	0.999155368198447	NA
TRINITY_DN896_c0_g1	0.0506196884015091	0.999155368198447	NA
TRINITY_DN896_c0_g1	0.0506196884015091	0.999155368198447	NA
TRINITY_DN8960_c0_g1	-0.912681005738518	NA	NA
TRINITY_DN8961_c0_g1	-0.566977754655229	NA	NA
TRINITY_DN8962_c0_g1	-1.03012451380264	NA	NA
TRINITY_DN8963_c0_g1	2.75905656485706	NA	NA
TRINITY_DN8964_c0_g1	2.44725580814198	NA	NA
TRINITY_DN8965_c0_g1	-1.87407950438995	NA	NA
TRINITY_DN8966_c0_g1	0.956032684593263	NA	NA
TRINITY_DN8967_c0_g1	2.14040824711451	NA	NA
TRINITY_DN8968_c0_g1	1.26640352767031	NA	NA
TRINITY_DN897_c0_g1	-0.411976176692239	0.999155368198447	NA
TRINITY_DN897_c0_g1	-0.411976176692239	0.999155368198447	NA
TRINITY_DN8970_c0_g1	0.214270026301848	NA	NA
TRINITY_DN8971_c0_g1	-2.0572095506475	NA	NA
TRINITY_DN8973_c0_g1	-2.77339255628411	NA	NA
TRINITY_DN8975_c0_g1	-0.503964419165856	NA	NA
TRINITY_DN8976_c0_g1	-0.959499112478608	NA	NA
TRINITY_DN8977_c0_g1	3.39262606428734	NA	NA
TRINITY_DN8979_c0_g1	1.76208259853803	NA	NA
TRINITY_DN898_c0_g1	-1.10483193312127	NA	NA
TRINITY_DN8980_c0_g1	-1.45746470731771	NA	NA
TRINITY_DN8981_c0_g1	-1.99987284096263	NA	NA
TRINITY_DN8982_c0_g1	-0.483571588735323	NA	NA
TRINITY_DN8983_c0_g1	0.698033109087316	NA	NA
TRINITY_DN8984_c0_g1	-0.407910367264838	NA	NA
TRINITY_DN8985_c0_g1	1.81106968829372	NA	NA
TRINITY_DN8987_c0_g1	-0.131573473857451	NA	NA
TRINITY_DN8989_c0_g1	-0.957977968591376	NA	NA
TRINITY_DN899_c0_g1	3.28535896812206	NA	NA
TRINITY_DN8990_c0_g1	-2.79802430404331	NA	NA
TRINITY_DN8991_c0_g1	1.71381472024033	NA	NA
TRINITY_DN8993_c0_g1	0.38420977627394	NA	NA
TRINITY_DN8994_c0_g1	1.05403390890022	0.999155368198447	NA
TRINITY_DN8995_c0_g1	-2.54158249550552	NA	NA
TRINITY_DN8996_c0_g1	2.08099706066291	NA	NA
TRINITY_DN8997_c0_g1	1.80950231271155	NA	NA
TRINITY_DN8998_c0_g1	2.10488214073311	NA	NA
TRINITY_DN8999_c0_g1	-2.8637419385562	NA	NA
TRINITY_DN9_c0_g1	0.204987829070393	0.999155368198447	NA
TRINITY_DN90_c0_g1	-2.49527261094109	NA	NA
TRINITY_DN90_c0_g2	-1.13916111239451	NA	NA
TRINITY_DN90_c1_g1	-1.07249150691222	NA	NA
TRINITY_DN900_c0_g1	0.471713023031736	0.999155368198447	NA
TRINITY_DN900_c0_g1	0.471713023031736	0.999155368198447	NA
TRINITY_DN900_c0_g2	0.365371862218129	0.999155368198447	NA
TRINITY_DN900_c0_g2	0.365371862218129	0.999155368198447	NA
TRINITY_DN900_c0_g2	0.365371862218129	0.999155368198447	NA
TRINITY_DN900_c0_g2	0.365371862218129	0.999155368198447	NA
TRINITY_DN900_c0_g3	0.19483447321623	0.999155368198447	NA
TRINITY_DN900_c0_g3	0.19483447321623	0.999155368198447	NA
TRINITY_DN900_c0_g4	-2.05732347033302	NA	NA
TRINITY_DN900_c0_g5	0.389564849958054	NA	NA
TRINITY_DN900_c0_g6	0.108796709515776	0.999155368198447	NA
TRINITY_DN900_c0_g7	0.0147133704597502	NA	NA
TRINITY_DN9001_c0_g1	-2.41340458201845	NA	NA
TRINITY_DN9002_c0_g1	1.06637576058832	NA	NA
TRINITY_DN9003_c0_g1	-2.09302402147116	NA	NA
TRINITY_DN9004_c0_g1	-1.51408937232975	NA	NA
TRINITY_DN9005_c0_g1	-1.51807154720192	NA	NA
TRINITY_DN9006_c0_g1	2.42081941673	NA	NA
TRINITY_DN9007_c0_g1	-2.09302402147116	NA	NA
TRINITY_DN9008_c0_g1	0.405780160076414	NA	NA
TRINITY_DN9009_c0_g1	1.69452689816348	NA	NA
TRINITY_DN901_c0_g1	0.774710910656188	NA	NA
TRINITY_DN901_c0_g1	0.774710910656188	NA	NA
TRINITY_DN9010_c0_g1	0.91450109249574	NA	NA
TRINITY_DN9012_c0_g1	1.81101276969126	NA	NA
TRINITY_DN9013_c0_g1	0.19445483466116	NA	NA
TRINITY_DN9014_c0_g1	-0.543530754058056	NA	NA
TRINITY_DN9015_c0_g1	-1.51976804488809	NA	NA
TRINITY_DN9016_c0_g1	0.367446422917247	NA	NA
TRINITY_DN9017_c0_g1	0.630584881118564	NA	NA
TRINITY_DN9018_c0_g1	2.39439602029138	NA	NA
TRINITY_DN9019_c0_g1	-0.174643790166353	NA	NA
TRINITY_DN902_c0_g1	4.27152964170223	NA	NA
TRINITY_DN902_c0_g1	4.27152964170223	NA	NA
TRINITY_DN902_c0_g2	0.769331628635525	NA	NA
TRINITY_DN9020_c0_g1	-2.08134676973634	NA	NA
TRINITY_DN9021_c0_g1	-0.204000692391714	NA	NA
TRINITY_DN9022_c0_g1	-2.54158249550552	NA	NA
TRINITY_DN9024_c0_g1	2.39439602029138	NA	NA
TRINITY_DN9026_c0_g1	-0.533896312238621	NA	NA
TRINITY_DN9027_c0_g1	-2.12599672253002	NA	NA
TRINITY_DN9028_c0_g1	2.1458265197614	NA	NA
TRINITY_DN9029_c0_g1	-1.41959338064162	NA	NA
TRINITY_DN903_c0_g1	0.91450109249574	NA	NA
TRINITY_DN903_c0_g2	-0.308005660737459	NA	NA
TRINITY_DN9031_c0_g1	-0.141128833437618	NA	NA
TRINITY_DN9032_c0_g1	1.66801123131406	NA	NA
TRINITY_DN9033_c0_g1	-1.52237678933332	NA	NA
TRINITY_DN9034_c0_g1	-2.08312377390432	NA	NA
TRINITY_DN9035_c0_g1	1.86008621251346	NA	NA
TRINITY_DN9036_c0_g1	-2.8415201208377	NA	NA
TRINITY_DN9037_c0_g1	2.91773995857297	NA	NA
TRINITY_DN9038_c0_g1	3.10314238009547	NA	NA
TRINITY_DN9038_c0_g1	3.10314238009547	NA	NA
TRINITY_DN9039_c0_g1	1.15314479349656	NA	NA
TRINITY_DN904_c0_g1	0.0286820501143013	0.999155368198447	NA
TRINITY_DN904_c0_g1	0.0286820501143013	0.999155368198447	NA
TRINITY_DN904_c0_g1	0.0286820501143013	0.999155368198447	NA
TRINITY_DN9040_c0_g1	1.86008621251346	NA	NA
TRINITY_DN9041_c0_g1	0.724602251157748	NA	NA
TRINITY_DN9042_c0_g1	-2.06991686978571	NA	NA
TRINITY_DN9043_c0_g1	1.78579578335354	NA	NA
TRINITY_DN9044_c0_g1	-1.45746470731771	NA	NA
TRINITY_DN9045_c0_g1	-0.520768982338715	NA	NA
TRINITY_DN9046_c0_g1	2.10265674672613	NA	NA
TRINITY_DN9047_c0_g1	0.398214898961712	NA	NA
TRINITY_DN9048_c0_g1	-0.182560569710738	NA	NA
TRINITY_DN9049_c0_g1	-0.437031973759071	0.999155368198447	NA
TRINITY_DN9049_c0_g1	-0.437031973759071	0.999155368198447	NA
TRINITY_DN9049_c0_g1	-0.437031973759071	0.999155368198447	NA
TRINITY_DN905_c0_g1	-1.51408937232975	NA	NA
TRINITY_DN905_c0_g2	-0.602577826165038	NA	NA
TRINITY_DN9050_c0_g1	-1.99987284096263	NA	NA
TRINITY_DN9051_c0_g1	-0.559424076068388	NA	NA
TRINITY_DN9053_c0_g1	-1.4744529219428	NA	NA
TRINITY_DN9054_c0_g1	0.364941019194716	NA	NA
TRINITY_DN9055_c0_g1	1.80950231271155	NA	NA
TRINITY_DN9057_c0_g1	-0.525230740103044	NA	NA
TRINITY_DN9058_c0_g1	2.34479942720385	NA	NA
TRINITY_DN9059_c0_g1	-2.08148785627807	NA	NA
TRINITY_DN906_c0_g1	0.00100976165012182	NA	NA
TRINITY_DN906_c0_g2	3.98967860605691	NA	NA
TRINITY_DN9061_c0_g1	-2.05648947215429	NA	NA
TRINITY_DN9062_c0_g1	-0.627373195124534	NA	NA
TRINITY_DN9063_c0_g1	1.1157260909133	NA	NA
TRINITY_DN9064_c0_g1	1.34317516068342	NA	NA
TRINITY_DN9065_c0_g1	-2.10718576926322	NA	NA
TRINITY_DN9066_c0_g1	-2.82757494879034	NA	NA
TRINITY_DN9067_c0_g1	0.987535390957299	NA	NA
TRINITY_DN9068_c0_g1	-0.560750945964973	NA	NA
TRINITY_DN907_c0_g1	-0.101498394252078	0.999155368198447	NA
TRINITY_DN907_c0_g1	-0.101498394252078	0.999155368198447	NA
TRINITY_DN9070_c0_g1	-2.12599672253002	NA	NA
TRINITY_DN9071_c0_g1	-1.52214362154297	NA	NA
TRINITY_DN9072_c0_g1	0.416381408948423	NA	NA
TRINITY_DN9073_c0_g1	-0.0679262002276781	NA	NA
TRINITY_DN9074_c0_g1	-1.04817698555909	NA	NA
TRINITY_DN9075_c0_g1	-2.79071662630926	NA	NA
TRINITY_DN9076_c0_g1	0.193224810214823	NA	NA
TRINITY_DN9077_c0_g1	0.184819773988956	NA	NA
TRINITY_DN9078_c0_g1	2.86279211382665	NA	NA
TRINITY_DN9079_c0_g1	0.402854493635414	NA	NA
TRINITY_DN908_c0_g1	0.681079349687548	0.999155368198447	NA
TRINITY_DN908_c0_g1	0.681079349687548	0.999155368198447	NA
TRINITY_DN908_c0_g1	0.681079349687548	0.999155368198447	NA
TRINITY_DN908_c0_g1	0.681079349687548	0.999155368198447	NA
TRINITY_DN908_c0_g1	0.681079349687548	0.999155368198447	NA
TRINITY_DN9080_c0_g1	-0.180791888768711	NA	NA
TRINITY_DN9081_c0_g1	-1.47427419267416	NA	NA
TRINITY_DN9082_c0_g1	-0.191366815458527	NA	NA
TRINITY_DN9083_c0_g1	-0.555609961370597	NA	NA
TRINITY_DN9084_c0_g1	1.7009490852352	NA	NA
TRINITY_DN9086_c0_g1	1.09409682913472	NA	NA
TRINITY_DN9087_c0_g1	-2.08134676973634	NA	NA
TRINITY_DN9088_c0_g1	-1.15584428657123	NA	NA
TRINITY_DN909_c0_g1	-0.0307453191387796	NA	NA
TRINITY_DN909_c0_g1	-0.0307453191387796	NA	NA
TRINITY_DN9090_c0_g1	-2.4513509885459	NA	NA
TRINITY_DN9091_c0_g1	-0.51553084266711	NA	NA
TRINITY_DN9092_c0_g1	-1.47150945445167	NA	NA
TRINITY_DN9093_c0_g1	-2.84095689838651	NA	NA
TRINITY_DN9094_c0_g1	-2.0885858058973	NA	NA
TRINITY_DN9095_c0_g1	-1.50576064523823	NA	NA
TRINITY_DN9097_c0_g1	0.0125866940283776	NA	NA
TRINITY_DN9098_c0_g1	-0.0529247342981854	NA	NA
TRINITY_DN9099_c0_g1	-0.638633619695683	NA	NA
TRINITY_DN91_c0_g1	0.0866321585677685	NA	NA
TRINITY_DN91_c0_g1	0.0866321585677685	NA	NA
TRINITY_DN910_c0_g1	1.83476506426121	NA	NA
TRINITY_DN9100_c0_g1	2.41594676155155	NA	NA
TRINITY_DN9102_c0_g1	0.195140088788532	NA	NA
TRINITY_DN9103_c0_g1	1.12238791449499	NA	NA
TRINITY_DN9104_c0_g1	-1.52420723388066	NA	NA
TRINITY_DN9105_c0_g1	1.13536054202332	NA	NA
TRINITY_DN9107_c0_g1	-1.51408937232975	NA	NA
TRINITY_DN9109_c0_g1	-2.63359660577067	NA	NA
TRINITY_DN911_c0_g1	-0.254928099153745	0.999155368198447	NA
TRINITY_DN911_c0_g1	-0.254928099153745	0.999155368198447	NA
TRINITY_DN9110_c0_g1	1.76208259853803	NA	NA
TRINITY_DN9111_c0_g1	2.84439238796439	NA	NA
TRINITY_DN9112_c0_g1	-1.50576064523823	NA	NA
TRINITY_DN9113_c0_g1	-2.41340458201845	NA	NA
TRINITY_DN9114_c0_g1	-0.325029927214982	NA	NA
TRINITY_DN9116_c0_g1	2.80400000784607	NA	NA
TRINITY_DN9117_c0_g1	-2.12599672253002	NA	NA
TRINITY_DN9118_c0_g1	-0.57191034500594	NA	NA
TRINITY_DN9119_c0_g1	-0.547620209676754	NA	NA
TRINITY_DN912_c0_g1	0.819431857654757	NA	NA
TRINITY_DN912_c0_g2	1.57928861113694	0.999155368198447	NA
TRINITY_DN9120_c0_g1	-1.41920852398951	NA	NA
TRINITY_DN9121_c0_g1	1.07567763879471	NA	NA
TRINITY_DN9122_c0_g1	-2.09302402147116	NA	NA
TRINITY_DN9123_c0_g1	-1.52237678933332	NA	NA
TRINITY_DN9124_c0_g1	2.39439602029138	NA	NA
TRINITY_DN9125_c0_g1	1.11241238491521	NA	NA
TRINITY_DN9127_c0_g1	0.22180745464996	NA	NA
TRINITY_DN9128_c0_g1	0.203978879915714	NA	NA
TRINITY_DN9129_c0_g1	-0.887824303275812	NA	NA
TRINITY_DN913_c0_g1	0.656067308005595	0.999155368198447	NA
TRINITY_DN913_c0_g1	0.656067308005595	0.999155368198447	NA
TRINITY_DN913_c0_g1	0.656067308005595	0.999155368198447	NA
TRINITY_DN913_c0_g2	1.35578056575866	0.999155368198447	NA
TRINITY_DN913_c0_g2	1.35578056575866	0.999155368198447	NA
TRINITY_DN913_c0_g3	-1.40892892880644	NA	NA
TRINITY_DN9130_c0_g1	-1.50854224505726	NA	NA
TRINITY_DN9131_c0_g1	0.973355273846045	NA	NA
TRINITY_DN9133_c0_g1	1.44418573701583	NA	NA
TRINITY_DN9134_c0_g1	-1.50576064523823	NA	NA
TRINITY_DN9135_c0_g1	-2.10087743082868	NA	NA
TRINITY_DN9136_c0_g1	1.80950231271155	NA	NA
TRINITY_DN9137_c0_g1	0.404817347430545	NA	NA
TRINITY_DN9138_c0_g1	-2.04068703234287	NA	NA
TRINITY_DN9139_c0_g1	2.44725580814198	NA	NA
TRINITY_DN914_c0_g1	0.813243392026268	NA	NA
TRINITY_DN9142_c0_g1	-1.1391572534352	NA	NA
TRINITY_DN9143_c0_g1	0.994193113755407	NA	NA
TRINITY_DN9144_c0_g1	-2.51498957624808	NA	NA
TRINITY_DN9146_c0_g1	-1.52237678933332	NA	NA
TRINITY_DN9147_c0_g1	1.86008621251346	NA	NA
TRINITY_DN9148_c0_g1	-2.08539421790196	NA	NA
TRINITY_DN915_c0_g1	0.00906926759691729	0.999155368198447	NA
TRINITY_DN9150_c0_g1	-0.577692328686913	NA	NA
TRINITY_DN9151_c0_g1	3.18486576126646	NA	NA
TRINITY_DN9152_c0_g1	0.751093315932706	NA	NA
TRINITY_DN9153_c0_g1	-0.493723570508752	NA	NA
TRINITY_DN9154_c0_g1	0.333621781803557	NA	NA
TRINITY_DN9155_c0_g1	1.78578284044653	NA	NA
TRINITY_DN9156_c0_g1	1.42340049118518	NA	NA
TRINITY_DN9157_c0_g1	-2.1001449771831	NA	NA
TRINITY_DN9158_c0_g1	-2.1099550484574	NA	NA
TRINITY_DN9159_c0_g1	-1.51807154720192	NA	NA
TRINITY_DN916_c0_g1	-2.82434028675796	NA	NA
TRINITY_DN916_c0_g2	-0.0162959598259027	NA	NA
TRINITY_DN9160_c0_g1	1.14257638414178	NA	NA
TRINITY_DN9161_c0_g1	1.11986815847275	NA	NA
TRINITY_DN9162_c0_g1	1.12330721645388	NA	NA
TRINITY_DN9163_c0_g1	2.14369285382477	NA	NA
TRINITY_DN9164_c0_g1	-2.04396780287623	NA	NA
TRINITY_DN9166_c0_g1	-1.99987284096263	NA	NA
TRINITY_DN9167_c0_g1	1.27066529464164	NA	NA
TRINITY_DN9167_c0_g1	1.27066529464164	NA	NA
TRINITY_DN9169_c0_g1	1.76208259853803	NA	NA
TRINITY_DN917_c0_g1	0.582493438782365	0.999155368198447	NA
TRINITY_DN9170_c0_g1	-2.10023177455758	NA	NA
TRINITY_DN9171_c0_g1	0.176657731187625	NA	NA
TRINITY_DN9172_c0_g1	-1.11970006065491	NA	NA
TRINITY_DN9173_c0_g1	1.76208259853803	NA	NA
TRINITY_DN9174_c0_g1	-0.225843998100718	NA	NA
TRINITY_DN9176_c0_g1	-0.564926625289954	NA	NA
TRINITY_DN9177_c0_g1	0.201833147095123	NA	NA
TRINITY_DN9178_c0_g1	-2.51512569519254	NA	NA
TRINITY_DN9179_c0_g1	0.179611644138413	NA	NA
TRINITY_DN918_c0_g1	-1.51472222186137	NA	NA
TRINITY_DN918_c0_g2	1.54637955243471	NA	NA
TRINITY_DN9180_c0_g1	1.80950231271155	NA	NA
TRINITY_DN9181_c0_g1	2.39439602029138	NA	NA
TRINITY_DN9182_c0_g1	1.68453218389404	NA	NA
TRINITY_DN9183_c0_g1	-2.11104710555497	NA	NA
TRINITY_DN9184_c0_g1	1.86008621251346	NA	NA
TRINITY_DN9185_c0_g1	-0.516618816323681	NA	NA
TRINITY_DN9186_c0_g1	-2.08893786508739	NA	NA
TRINITY_DN9187_c0_g1	0.211138781708137	NA	NA
TRINITY_DN9188_c0_g1	1.12793802202937	NA	NA
TRINITY_DN9189_c0_g1	1.08808763669913	NA	NA
TRINITY_DN919_c0_g1	-1.54306933291222	NA	NA
TRINITY_DN919_c0_g2	-0.124061682850817	0.999155368198447	NA
TRINITY_DN9190_c0_g1	0.430580700899447	NA	NA
TRINITY_DN9191_c0_g1	1.40479665459601	NA	NA
TRINITY_DN9192_c0_g1	2.34479942720385	NA	NA
TRINITY_DN9193_c0_g1	-1.04211908220615	NA	NA
TRINITY_DN9195_c0_g1	-0.191316903805596	NA	NA
TRINITY_DN9196_c0_g1	1.7390520946852	NA	NA
TRINITY_DN9197_c0_g1	-0.500433129371379	NA	NA
TRINITY_DN9198_c0_g1	-2.09302402147116	NA	NA
TRINITY_DN9199_c0_g1	-0.513942522083404	NA	NA
TRINITY_DN92_c0_g1	-0.338255518538923	0.999155368198447	NA
TRINITY_DN92_c0_g1	-0.338255518538923	0.999155368198447	NA
TRINITY_DN92_c0_g1	-0.338255518538923	0.999155368198447	NA
TRINITY_DN92_c0_g1	-0.338255518538923	0.999155368198447	NA
TRINITY_DN920_c0_g1	0.252836109646622	0.999155368198447	NA
TRINITY_DN9200_c0_g1	2.09864305865093	NA	NA
TRINITY_DN9201_c0_g1	-2.51527215014427	NA	NA
TRINITY_DN9202_c0_g1	-1.08020433028547	NA	NA
TRINITY_DN9203_c0_g1	2.43658944120172	NA	NA
TRINITY_DN9204_c0_g1	1.71425298036721	NA	NA
TRINITY_DN9205_c0_g1	0.176025450074054	NA	NA
TRINITY_DN9206_c0_g1	1.83482986584208	NA	NA
TRINITY_DN9207_c0_g1	-2.08347443594109	NA	NA
TRINITY_DN9208_c0_g1	0.188315278057841	NA	NA
TRINITY_DN9209_c0_g1	-1.51408937232975	NA	NA
TRINITY_DN921_c0_g1	1.4415704231323	NA	NA
TRINITY_DN9210_c0_g1	0.37447331931464	NA	NA
TRINITY_DN9212_c0_g1	-1.05961214796784	NA	NA
TRINITY_DN9213_c0_g1	0.45165911337898	NA	NA
TRINITY_DN9214_c0_g1	1.83477778876048	NA	NA
TRINITY_DN9215_c0_g1	-2.78207078195793	NA	NA
TRINITY_DN9216_c0_g1	1.80950231271155	NA	NA
TRINITY_DN9218_c0_g1	1.86008621251346	NA	NA
TRINITY_DN9219_c0_g1	-2.07372133103244	NA	NA
TRINITY_DN922_c0_g1	-0.435961133621977	0.999155368198447	NA
TRINITY_DN922_c0_g1	-0.435961133621977	0.999155368198447	NA
TRINITY_DN9220_c0_g1	-0.519137046521955	NA	NA
TRINITY_DN9221_c0_g1	0.19061709954893	NA	NA
TRINITY_DN9224_c0_g1	1.86008621251346	NA	NA
TRINITY_DN9225_c0_g1	1.07902980667856	NA	NA
TRINITY_DN9226_c0_g1	1.42508584384126	NA	NA
TRINITY_DN9227_c0_g1	1.76208259853803	NA	NA
TRINITY_DN9228_c0_g1	-1.10400695799925	NA	NA
TRINITY_DN9229_c0_g1	-0.655885670386876	NA	NA
TRINITY_DN923_c0_g1	0.789027454037581	0.999155368198447	NA
TRINITY_DN923_c0_g1	0.789027454037581	0.999155368198447	NA
TRINITY_DN923_c0_g1	0.789027454037581	0.999155368198447	NA
TRINITY_DN923_c0_g1	0.789027454037581	0.999155368198447	NA
TRINITY_DN9230_c0_g1	1.0756533607301	NA	NA
TRINITY_DN9231_c0_g1	-0.522359873575959	NA	NA
TRINITY_DN9232_c0_g1	0.190825852861771	NA	NA
TRINITY_DN9233_c0_g1	1.13493452603553	NA	NA
TRINITY_DN9234_c0_g1	1.81110744452874	NA	NA
TRINITY_DN9236_c0_g1	-2.11031949824637	NA	NA
TRINITY_DN9237_c0_g1	0.223158342420677	NA	NA
TRINITY_DN9238_c0_g1	-3.3155863854438	NA	NA
TRINITY_DN9239_c0_g1	2.34479942720385	NA	NA
TRINITY_DN924_c0_g1	-0.181777209065098	NA	NA
TRINITY_DN9240_c0_g1	-1.51408937232975	NA	NA
TRINITY_DN9241_c0_g1	-2.08202986738293	NA	NA
TRINITY_DN9242_c0_g1	-0.500799601418433	NA	NA
TRINITY_DN9243_c0_g1	1.76208259853803	NA	NA
TRINITY_DN9244_c0_g1	-2.08134676973634	NA	NA
TRINITY_DN9245_c0_g1	0.200101663744211	NA	NA
TRINITY_DN9246_c0_g1	-0.928703051350304	NA	NA
TRINITY_DN9247_c0_g1	-2.52402823914184	NA	NA
TRINITY_DN9249_c0_g1	1.14764628212019	NA	NA
TRINITY_DN925_c0_g1	-2.30054779307409	NA	NA
TRINITY_DN925_c0_g2	1.57512226731611	NA	NA
TRINITY_DN9250_c0_g1	0.405772459323268	NA	NA
TRINITY_DN9251_c0_g1	2.42487601731559	NA	NA
TRINITY_DN9252_c0_g1	0.979924766995273	NA	NA
TRINITY_DN9253_c0_g1	1.72609735306219	NA	NA
TRINITY_DN9254_c0_g1	1.11958573738246	NA	NA
TRINITY_DN9255_c0_g1	-1.08130724268804	NA	NA
TRINITY_DN9256_c0_g1	-1.09287053670808	NA	NA
TRINITY_DN9258_c0_g1	-0.550076472293308	NA	NA
TRINITY_DN926_c0_g1	-0.881991754257544	NA	NA
TRINITY_DN9260_c0_g1	-0.587738778175037	NA	NA
TRINITY_DN9261_c0_g1	1.14125970370325	NA	NA
TRINITY_DN9262_c0_g1	-1.99987284096263	NA	NA
TRINITY_DN9263_c0_g1	-0.204921684581957	NA	NA
TRINITY_DN9264_c0_g1	-1.47283975694823	NA	NA
TRINITY_DN9266_c0_g1	2.08361744483904	NA	NA
TRINITY_DN9267_c0_g1	0.965181914698266	NA	NA
TRINITY_DN9268_c0_g1	0.0226221082623014	NA	NA
TRINITY_DN9269_c0_g1	-1.8870190248885	NA	NA
TRINITY_DN927_c0_g1	-0.315640372392042	0.999155368198447	NA
TRINITY_DN927_c0_g1	-0.315640372392042	0.999155368198447	NA
TRINITY_DN9271_c0_g1	-0.546162699257739	NA	NA
TRINITY_DN9272_c0_g1	-1.52237678933332	NA	NA
TRINITY_DN9274_c0_g1	-1.50576064523823	NA	NA
TRINITY_DN9275_c0_g1	0.390259095729499	NA	NA
TRINITY_DN9276_c0_g1	1.10951262193817	NA	NA
TRINITY_DN9277_c0_g1	-0.149385232448849	NA	NA
TRINITY_DN9278_c0_g1	2.34479942720385	NA	NA
TRINITY_DN9279_c0_g1	1.69163273727262	NA	NA
TRINITY_DN928_c0_g1	0.221027775866641	0.999155368198447	NA
TRINITY_DN9280_c0_g1	-1.45746470731771	NA	NA
TRINITY_DN9282_c0_g1	3.10118919756633	NA	NA
TRINITY_DN9283_c0_g1	-0.853872616891361	NA	NA
TRINITY_DN9284_c0_g1	0.183181245232355	NA	NA
TRINITY_DN9285_c0_g1	-0.628914664597188	NA	NA
TRINITY_DN9286_c0_g1	-2.08540522783897	NA	NA
TRINITY_DN9287_c0_g1	-1.10065780695684	NA	NA
TRINITY_DN9288_c0_g1	-2.8132261364218	NA	NA
TRINITY_DN9289_c0_g1	-2.51730429286718	NA	NA
TRINITY_DN929_c0_g1	1.68628525347317	NA	NA
TRINITY_DN9290_c0_g1	0.21369263208241	NA	NA
TRINITY_DN9291_c0_g1	-1.52237678933332	NA	NA
TRINITY_DN9292_c0_g1	1.71299414209883	NA	NA
TRINITY_DN9293_c0_g1	1.10681336710595	NA	NA
TRINITY_DN9294_c0_g1	1.78582476717694	NA	NA
TRINITY_DN9295_c0_g1	2.12558374874772	NA	NA
TRINITY_DN9297_c0_g1	2.12656547640213	NA	NA
TRINITY_DN93_c0_g1	-0.264441741534948	0.999155368198447	NA
TRINITY_DN93_c0_g1	-0.264441741534948	0.999155368198447	NA
TRINITY_DN93_c0_g1	-0.264441741534948	0.999155368198447	NA
TRINITY_DN930_c0_g1	-4.00949888386234	NA	NA
TRINITY_DN930_c0_g1	-4.00949888386234	NA	NA
TRINITY_DN930_c0_g1	-4.00949888386234	NA	NA
TRINITY_DN9300_c0_g1	0.623582510213633	NA	NA
TRINITY_DN9301_c0_g1	-0.587493207413599	NA	NA
TRINITY_DN9302_c0_g1	0.1843894507553	NA	NA
TRINITY_DN9303_c0_g1	-2.49830858910025	NA	NA
TRINITY_DN9304_c0_g1	-2.12599672253002	NA	NA
TRINITY_DN9305_c0_g1	-2.47184448837076	NA	NA
TRINITY_DN9306_c0_g1	-2.31759244492548	NA	NA
TRINITY_DN9307_c0_g1	-2.02839956858344	NA	NA
TRINITY_DN9308_c0_g1	1.00879158988595	NA	NA
TRINITY_DN9309_c0_g1	0.768261578717922	0.999155368198447	NA
TRINITY_DN931_c0_g1	-0.614513836958768	NA	NA
TRINITY_DN9310_c0_g1	1.76208259853803	NA	NA
TRINITY_DN9311_c0_g1	1.09757960759283	NA	NA
TRINITY_DN9312_c0_g1	1.76208259853803	NA	NA
TRINITY_DN9313_c0_g1	0.409378773407904	NA	NA
TRINITY_DN9314_c0_g1	-0.551637400218204	NA	NA
TRINITY_DN9315_c0_g1	-2.09302402147116	NA	NA
TRINITY_DN9316_c0_g1	-2.12599672253002	NA	NA
TRINITY_DN9318_c0_g1	-1.47455545416889	NA	NA
TRINITY_DN9319_c0_g1	-2.03003534901788	NA	NA
TRINITY_DN932_c0_g1	-0.313223107056544	NA	NA
TRINITY_DN9321_c0_g1	2.10435724943904	NA	NA
TRINITY_DN9323_c0_g1	1.08336498144896	NA	NA
TRINITY_DN9325_c0_g1	0.38121783935583	NA	NA
TRINITY_DN9326_c0_g1	-0.522293840394479	NA	NA
TRINITY_DN9328_c0_g1	-2.5281645289397	NA	NA
TRINITY_DN9329_c0_g1	-1.45746470731771	NA	NA
TRINITY_DN933_c0_g1	-1.93699267133375	NA	NA
TRINITY_DN933_c0_g2	-0.545147179732669	0.999155368198447	NA
TRINITY_DN9330_c0_g1	0.414480409747903	NA	NA
TRINITY_DN9331_c0_g1	-1.15422197871768	NA	NA
TRINITY_DN9332_c0_g1	0.450685290639532	NA	NA
TRINITY_DN9335_c0_g1	-1.51408937232975	NA	NA
TRINITY_DN9337_c0_g1	-1.50576064523823	NA	NA
TRINITY_DN9338_c0_g1	-1.52237678933332	NA	NA
TRINITY_DN934_c0_g1	-3.09761777146843	NA	NA
TRINITY_DN934_c1_g1	0.206749713584162	NA	NA
TRINITY_DN9340_c0_g1	2.12591815510561	NA	NA
TRINITY_DN9341_c0_g1	0.206930844338982	NA	NA
TRINITY_DN9342_c0_g1	-3.27118644396118	NA	NA
TRINITY_DN9343_c0_g1	1.76208259853803	NA	NA
TRINITY_DN9344_c0_g1	0.439184172253762	NA	NA
TRINITY_DN9345_c0_g1	1.12231147347194	NA	NA
TRINITY_DN9347_c0_g1	-1.45746470731771	NA	NA
TRINITY_DN9348_c0_g1	-1.07578488882864	NA	NA
TRINITY_DN9349_c0_g1	-1.78375304802457	NA	NA
TRINITY_DN935_c0_g1	-1.20142043451096	NA	NA
TRINITY_DN9350_c0_g1	2.80941590716106	NA	NA
TRINITY_DN9351_c0_g1	1.08741187072268	NA	NA
TRINITY_DN9353_c0_g1	1.86008621251346	NA	NA
TRINITY_DN9354_c0_g1	1.81100793672865	NA	NA
TRINITY_DN9355_c0_g1	-1.45746470731771	NA	NA
TRINITY_DN9356_c0_g1	-1.45746470731771	NA	NA
TRINITY_DN9357_c0_g1	-0.474308102113155	NA	NA
TRINITY_DN9358_c0_g1	-0.137512896727777	NA	NA
TRINITY_DN9359_c0_g1	0.322757317418745	NA	NA
TRINITY_DN936_c0_g1	2.44725580814198	NA	NA
TRINITY_DN9360_c0_g1	-2.08791632024593	NA	NA
TRINITY_DN9361_c0_g1	0.91450109249574	NA	NA
TRINITY_DN9362_c0_g1	0.379427339083578	NA	NA
TRINITY_DN9363_c0_g1	2.12736089078998	NA	NA
TRINITY_DN9365_c0_g1	-2.13918805775348	NA	NA
TRINITY_DN9367_c0_g1	1.35010383932291	NA	NA
TRINITY_DN9368_c0_g1	-0.851261599987046	NA	NA
TRINITY_DN937_c0_g1	-0.865407166612802	0.999155368198447	NA
TRINITY_DN937_c0_g2	1.66243265816088	NA	NA
TRINITY_DN9370_c0_g1	2.39230290504651	NA	NA
TRINITY_DN9371_c0_g1	-0.845398810293879	NA	NA
TRINITY_DN9372_c0_g1	0.69379782388043	NA	NA
TRINITY_DN9373_c0_g1	-0.209833930955197	NA	NA
TRINITY_DN9374_c0_g1	-2.51831540052373	NA	NA
TRINITY_DN9375_c0_g1	-1.50576064523823	NA	NA
TRINITY_DN9377_c0_g1	-1.51408937232975	NA	NA
TRINITY_DN9379_c0_g1	-2.45663319625685	NA	NA
TRINITY_DN938_c0_g1	-0.134127273110108	NA	NA
TRINITY_DN938_c0_g2	-1.07191570999563	NA	NA
TRINITY_DN9380_c0_g1	1.86008621251346	NA	NA
TRINITY_DN9381_c0_g1	-0.522298397078179	NA	NA
TRINITY_DN9382_c0_g1	-1.47400863454568	NA	NA
TRINITY_DN9384_c0_g1	0.379543986168486	NA	NA
TRINITY_DN9385_c0_g1	2.11641228916088	NA	NA
TRINITY_DN9386_c0_g1	-2.10659725258582	NA	NA
TRINITY_DN9387_c0_g1	-2.80628180155111	NA	NA
TRINITY_DN9388_c0_g1	-0.958220768730034	NA	NA
TRINITY_DN9389_c0_g1	1.76208259853803	NA	NA
TRINITY_DN9390_c0_g1	-3.69771142808972	NA	NA
TRINITY_DN9391_c0_g1	1.80950231271155	NA	NA
TRINITY_DN9392_c0_g1	-2.04429037267908	NA	NA
TRINITY_DN9393_c0_g1	0.362836932483062	NA	NA
TRINITY_DN9394_c0_g1	1.86008621251346	NA	NA
TRINITY_DN9395_c0_g1	1.80950231271155	NA	NA
TRINITY_DN9396_c0_g1	1.76208259853803	NA	NA
TRINITY_DN9397_c0_g1	0.413084065725064	NA	NA
TRINITY_DN9398_c0_g1	1.80950231271155	NA	NA
TRINITY_DN9399_c0_g1	1.10891084319232	NA	NA
TRINITY_DN94_c0_g1	-1.52237678933332	NA	NA
TRINITY_DN94_c0_g2	1.48378297386334	0.309447785996479	NA
TRINITY_DN94_c0_g2	1.48378297386334	0.309447785996479	NA
TRINITY_DN94_c0_g2	1.48378297386334	0.309447785996479	NA
TRINITY_DN94_c0_g2	1.48378297386334	0.309447785996479	NA
TRINITY_DN94_c1_g1	-1.10229855740094	NA	NA
TRINITY_DN94_c1_g1	-1.10229855740094	NA	NA
TRINITY_DN940_c0_g1	0.38485197278798	0.999155368198447	NA
TRINITY_DN940_c0_g1	0.38485197278798	0.999155368198447	NA
TRINITY_DN940_c0_g1	0.38485197278798	0.999155368198447	NA
TRINITY_DN940_c0_g1	0.38485197278798	0.999155368198447	NA
TRINITY_DN9400_c0_g1	-1.47642110882024	NA	NA
TRINITY_DN9401_c0_g1	-1.85491181744552	NA	NA
TRINITY_DN9403_c0_g1	-2.10612564432469	NA	NA
TRINITY_DN9405_c0_g1	1.76208259853803	NA	NA
TRINITY_DN9407_c0_g1	2.8013438310303	NA	NA
TRINITY_DN9408_c0_g1	-3.3165392025368	NA	NA
TRINITY_DN9409_c0_g1	1.12500328723096	NA	NA
TRINITY_DN941_c0_g1	-1.7798915041767	NA	NA
TRINITY_DN941_c0_g2	-0.00549316847575653	NA	NA
TRINITY_DN9410_c0_g1	-0.518820680768816	NA	NA
TRINITY_DN9411_c0_g1	0.377852618173407	NA	NA
TRINITY_DN9413_c0_g1	0.995379047919623	NA	NA
TRINITY_DN9416_c0_g1	2.38735810421506	NA	NA
TRINITY_DN9417_c0_g1	1.11306205353503	NA	NA
TRINITY_DN9419_c0_g1	1.76208259853803	NA	NA
TRINITY_DN942_c0_g1	0.914501092495741	NA	NA
TRINITY_DN942_c0_g2	0.91450109249574	NA	NA
TRINITY_DN942_c0_g3	1.07546740023716	NA	NA
TRINITY_DN9420_c0_g1	0.987200320587734	NA	NA
TRINITY_DN9421_c0_g1	1.6563602812521	NA	NA
TRINITY_DN9422_c0_g1	-1.50576064523823	NA	NA
TRINITY_DN9424_c0_g1	-0.556299238638999	NA	NA
TRINITY_DN9425_c0_g1	-0.12644431525247	NA	NA
TRINITY_DN9426_c0_g1	1.86008621251346	NA	NA
TRINITY_DN9427_c0_g1	1.80950231271155	NA	NA
TRINITY_DN9428_c0_g1	1.72000109602907	NA	NA
TRINITY_DN943_c0_g1	-1.55394201446722	NA	NA
TRINITY_DN9430_c0_g1	-1.85905750590197	NA	NA
TRINITY_DN9431_c0_g1	-1.51408937232975	NA	NA
TRINITY_DN9432_c0_g1	3.39437804996292	NA	NA
TRINITY_DN9434_c0_g1	-1.45746470731771	NA	NA
TRINITY_DN9435_c0_g1	-1.50576064523823	NA	NA
TRINITY_DN9436_c0_g1	1.81104445865518	NA	NA
TRINITY_DN9437_c0_g1	2.36237890988103	NA	NA
TRINITY_DN9438_c0_g1	-0.477294703569763	NA	NA
TRINITY_DN9439_c0_g1	1.62600451054761	NA	NA
TRINITY_DN944_c0_g1	-2.82004302834795	NA	NA
TRINITY_DN9441_c0_g1	1.21553709781905	NA	NA
TRINITY_DN9442_c0_g1	1.76208259853803	NA	NA
TRINITY_DN9443_c0_g1	1.13493452603553	NA	NA
TRINITY_DN9444_c0_g1	-1.52237678933332	NA	NA
TRINITY_DN9445_c0_g1	1.76208259853803	NA	NA
TRINITY_DN9446_c0_g1	1.86008621251346	NA	NA
TRINITY_DN9447_c0_g1	1.81101437820755	NA	NA
TRINITY_DN9449_c0_g1	-2.08484536034699	NA	NA
TRINITY_DN945_c0_g1	3.109045960142	NA	NA
TRINITY_DN9450_c0_g1	-2.45714962733525	NA	NA
TRINITY_DN9451_c0_g1	-0.552280187566241	NA	NA
TRINITY_DN9453_c0_g1	1.72630539965239	NA	NA
TRINITY_DN9454_c0_g1	0.678773595340185	NA	NA
TRINITY_DN9456_c0_g1	2.79243541987743	NA	NA
TRINITY_DN9457_c0_g1	-2.02609201282599	NA	NA
TRINITY_DN9458_c0_g1	1.11886883852981	NA	NA
TRINITY_DN9459_c0_g1	-1.51408937232975	NA	NA
TRINITY_DN946_c0_g1	-0.408963447948484	NA	NA
TRINITY_DN946_c0_g1	-0.408963447948484	NA	NA
TRINITY_DN946_c0_g1	-0.408963447948484	NA	NA
TRINITY_DN9460_c0_g1	1.86008621251346	NA	NA
TRINITY_DN9461_c0_g1	-2.08330379877847	NA	NA
TRINITY_DN9462_c0_g1	1.07290080686787	NA	NA
TRINITY_DN9463_c0_g1	2.40191977884285	NA	NA
TRINITY_DN9464_c0_g1	0.70839190440439	NA	NA
TRINITY_DN9465_c0_g1	-0.571959627017045	NA	NA
TRINITY_DN9466_c0_g1	-1.52237678933332	NA	NA
TRINITY_DN9467_c0_g1	-1.0961940301012	NA	NA
TRINITY_DN9468_c0_g1	-0.574914004601142	NA	NA
TRINITY_DN9469_c0_g1	2.34479942720385	NA	NA
TRINITY_DN947_c0_g1	1.68659749142105	NA	NA
TRINITY_DN947_c0_g1	1.68659749142105	NA	NA
TRINITY_DN947_c0_g2	0.324519558698262	NA	NA
TRINITY_DN9473_c0_g1	1.70329324577476	NA	NA
TRINITY_DN9474_c0_g1	0.409192156343692	NA	NA
TRINITY_DN9475_c0_g1	-1.50652897477553	NA	NA
TRINITY_DN9476_c0_g1	-2.78112264127708	NA	NA
TRINITY_DN9477_c0_g1	-0.513092062008619	NA	NA
TRINITY_DN9479_c0_g1	-1.47653504952539	NA	NA
TRINITY_DN948_c0_g1	-1.82842692723193	NA	NA
TRINITY_DN9481_c0_g1	-0.516946726104206	NA	NA
TRINITY_DN9482_c0_g1	-1.47575568235896	NA	NA
TRINITY_DN9483_c0_g1	-0.537669156692038	NA	NA
TRINITY_DN9484_c0_g1	-0.159773396593834	NA	NA
TRINITY_DN9486_c0_g1	0.987906577389694	NA	NA
TRINITY_DN9487_c0_g1	2.09664429314474	NA	NA
TRINITY_DN9488_c0_g1	-2.54158249550552	NA	NA
TRINITY_DN9489_c0_g1	-2.10560956530846	NA	NA
TRINITY_DN949_c0_g1	-1.93434466040079	0.951303799648802	NA
TRINITY_DN949_c0_g1	-1.93434466040079	0.951303799648802	NA
TRINITY_DN949_c0_g1	-1.93434466040079	0.951303799648802	NA
TRINITY_DN9490_c0_g1	-0.53490401934984	NA	NA
TRINITY_DN9491_c0_g1	-1.50911575248751	NA	NA
TRINITY_DN9492_c0_g1	1.78593970757846	NA	NA
TRINITY_DN9494_c0_g1	-1.07824907331148	NA	NA
TRINITY_DN9495_c0_g1	1.76208259853803	NA	NA
TRINITY_DN9496_c0_g1	-2.41340458201845	NA	NA
TRINITY_DN9497_c0_g1	-1.16011478265216	NA	NA
TRINITY_DN9498_c0_g1	0.404961380906875	NA	NA
TRINITY_DN9499_c0_g1	-1.81251771049717	NA	NA
TRINITY_DN95_c0_g1	1.30140074710996	0.571774256595496	NA
TRINITY_DN950_c0_g1	-1.40764056726572	NA	NA
TRINITY_DN9500_c0_g1	-1.99987284096263	NA	NA
TRINITY_DN9501_c0_g1	1.13599088616491	NA	NA
TRINITY_DN9502_c0_g1	2.12559378224561	NA	NA
TRINITY_DN9503_c0_g1	2.39254673992408	NA	NA
TRINITY_DN9507_c0_g1	-1.47425082377964	NA	NA
TRINITY_DN9508_c0_g1	1.71799354049589	NA	NA
TRINITY_DN9509_c0_g1	1.8111387449094	NA	NA
TRINITY_DN951_c0_g1	-2.23272877686493	0.979696956929915	NA
TRINITY_DN951_c0_g1	-2.23272877686493	0.979696956929915	NA
TRINITY_DN951_c0_g1	-2.23272877686493	0.979696956929915	NA
TRINITY_DN9511_c0_g1	1.76208259853803	NA	NA
TRINITY_DN9512_c0_g1	1.12154154008403	NA	NA
TRINITY_DN9513_c0_g1	-1.51408937232975	NA	NA
TRINITY_DN9514_c0_g1	2.37737176438165	NA	NA
TRINITY_DN9515_c0_g1	0.42515124897825	NA	NA
TRINITY_DN9516_c0_g1	1.80950231271155	NA	NA
TRINITY_DN9517_c0_g1	1.71592150476377	NA	NA
TRINITY_DN9518_c0_g1	0.188135796114593	NA	NA
TRINITY_DN9519_c0_g1	-0.517316146964925	NA	NA
TRINITY_DN952_c0_g1	3.39437804996292	NA	NA
TRINITY_DN9520_c0_g1	-1.04453977485232	NA	NA
TRINITY_DN9523_c0_g1	-2.84824621164792	NA	NA
TRINITY_DN9524_c0_g1	-0.519886066027693	NA	NA
TRINITY_DN9525_c0_g1	-2.82749790760326	NA	NA
TRINITY_DN9528_c0_g1	-1.10167689862408	NA	NA
TRINITY_DN9529_c0_g1	1.86008621251346	NA	NA
TRINITY_DN953_c0_g1	0.8943559116454	0.999155368198447	NA
TRINITY_DN953_c0_g1	0.8943559116454	0.999155368198447	NA
TRINITY_DN9530_c0_g1	-1.52237678933332	NA	NA
TRINITY_DN9533_c0_g1	1.1112117884021	NA	NA
TRINITY_DN9534_c0_g1	-0.557010836913846	NA	NA
TRINITY_DN9535_c0_g1	1.86008621251346	NA	NA
TRINITY_DN9536_c0_g1	-2.06729163199508	NA	NA
TRINITY_DN9537_c0_g1	-2.41340458201845	NA	NA
TRINITY_DN9538_c0_g1	-1.51807154720192	NA	NA
TRINITY_DN9539_c0_g1	2.38982748608806	NA	NA
TRINITY_DN954_c0_g1	0.991116444350309	NA	NA
TRINITY_DN954_c0_g1	0.991116444350309	NA	NA
TRINITY_DN9540_c0_g1	0.439382425606565	NA	NA
TRINITY_DN9541_c0_g1	-0.132792135534732	NA	NA
TRINITY_DN9542_c0_g1	3.12741499204179	NA	NA
TRINITY_DN9545_c0_g1	-1.52237678933332	NA	NA
TRINITY_DN9546_c0_g1	1.08112811875498	NA	NA
TRINITY_DN9547_c0_g1	2.12437222308901	NA	NA
TRINITY_DN9548_c0_g1	-1.99987284096263	NA	NA
TRINITY_DN955_c0_g1	-3.28519653758392	NA	NA
TRINITY_DN9550_c0_g1	-2.12599672253002	NA	NA
TRINITY_DN9551_c0_g1	-1.52237678933332	NA	NA
TRINITY_DN9553_c0_g1	-1.47437252088202	NA	NA
TRINITY_DN9554_c0_g1	3.15462816315966	NA	NA
TRINITY_DN9555_c0_g1	0.914501092495741	NA	NA
TRINITY_DN9556_c0_g1	2.84117461169679	NA	NA
TRINITY_DN9558_c0_g1	1.80950231271155	NA	NA
TRINITY_DN9559_c0_g1	-2.12599672253002	NA	NA
TRINITY_DN956_c0_g1	-2.48847022722953	NA	NA
TRINITY_DN9560_c0_g1	-0.554328071650194	NA	NA
TRINITY_DN9562_c0_g1	-1.47424640449517	NA	NA
TRINITY_DN9563_c0_g1	-2.49069952586218	NA	NA
TRINITY_DN9564_c0_g1	1.80950231271155	NA	NA
TRINITY_DN9565_c0_g1	-1.10434735750574	NA	NA
TRINITY_DN9566_c0_g1	-2.12599672253002	NA	NA
TRINITY_DN9567_c0_g1	-2.08506803924923	NA	NA
TRINITY_DN9568_c0_g1	-1.5661724705366	NA	NA
TRINITY_DN9569_c0_g1	0.175398472822527	NA	NA
TRINITY_DN957_c0_g1	-0.216182556707204	NA	NA
TRINITY_DN957_c0_g1	-0.216182556707204	NA	NA
TRINITY_DN957_c0_g2	-0.220905984319805	NA	NA
TRINITY_DN957_c0_g3	0.374888804138877	NA	NA
TRINITY_DN9570_c0_g1	1.136018290645	NA	NA
TRINITY_DN9572_c0_g1	-2.05732347033302	NA	NA
TRINITY_DN9574_c0_g1	0.203133170243296	NA	NA
TRINITY_DN9575_c0_g1	1.80950231271155	NA	NA
TRINITY_DN9576_c0_g1	-1.51408937232975	NA	NA
TRINITY_DN9577_c0_g1	-0.311353550522575	NA	NA
TRINITY_DN9578_c0_g1	2.37928612906896	NA	NA
TRINITY_DN9579_c0_g1	2.36459547549643	NA	NA
TRINITY_DN958_c0_g1	0.188535706466768	0.999155368198447	NA
TRINITY_DN9581_c0_g1	-2.48710938845509	NA	NA
TRINITY_DN9584_c0_g1	-0.561531327060658	NA	NA
TRINITY_DN9586_c0_g1	-1.51408937232975	NA	NA
TRINITY_DN9587_c0_g1	2.7850282621322	NA	NA
TRINITY_DN959_c0_g1	-0.328258053081085	NA	NA
TRINITY_DN9591_c0_g1	-2.08134676973634	NA	NA
TRINITY_DN9592_c0_g1	1.13048031488214	NA	NA
TRINITY_DN9593_c0_g1	-2.51621704212244	NA	NA
TRINITY_DN9594_c0_g1	-0.576327566259312	NA	NA
TRINITY_DN9595_c0_g1	-1.47356099231697	NA	NA
TRINITY_DN9596_c0_g1	-1.45746470731771	NA	NA
TRINITY_DN9597_c0_g1	-0.496001636174314	NA	NA
TRINITY_DN9598_c0_g1	0.388046480240651	NA	NA
TRINITY_DN9599_c0_g1	-1.45746470731771	NA	NA
TRINITY_DN96_c0_g1	-1.31586434429467	0.650359089626344	NA
TRINITY_DN96_c0_g1	-1.31586434429467	0.650359089626344	NA
TRINITY_DN96_c0_g1	-1.31586434429467	0.650359089626344	NA
TRINITY_DN960_c0_g1	0.442994588215528	NA	NA
TRINITY_DN960_c0_g2	-1.27722321644633	NA	NA
TRINITY_DN960_c0_g2	-1.27722321644633	NA	NA
TRINITY_DN9601_c0_g1	-2.04473940445018	NA	NA
TRINITY_DN9602_c0_g1	1.80950231271155	NA	NA
TRINITY_DN9603_c0_g1	-2.12599672253002	NA	NA
TRINITY_DN9605_c0_g1	0.191622304901629	NA	NA
TRINITY_DN9607_c0_g1	-1.51938279952733	NA	NA
TRINITY_DN9608_c0_g1	-2.45858782257357	NA	NA
TRINITY_DN9609_c0_g1	-0.564970339743831	NA	NA
TRINITY_DN961_c0_g1	1.08013435321055	NA	NA
TRINITY_DN9610_c0_g1	-1.05986606779812	NA	NA
TRINITY_DN9613_c0_g1	1.80950231271155	NA	NA
TRINITY_DN9614_c0_g1	-0.506998613348977	NA	NA
TRINITY_DN9618_c0_g1	1.10214998441474	NA	NA
TRINITY_DN962_c0_g1	1.76208259853803	NA	NA
TRINITY_DN962_c0_g2	-0.578907268626371	NA	NA
TRINITY_DN9620_c0_g1	0.374800228887989	NA	NA
TRINITY_DN9621_c0_g1	1.09941241352073	NA	NA
TRINITY_DN9622_c0_g1	-0.524886874145351	NA	NA
TRINITY_DN9623_c0_g1	2.1158978123749	NA	NA
TRINITY_DN9625_c0_g1	0.184371253180678	NA	NA
TRINITY_DN9626_c0_g1	1.11367853742002	NA	NA
TRINITY_DN9627_c0_g1	1.76208259853803	NA	NA
TRINITY_DN9629_c0_g1	-2.10051924807061	NA	NA
TRINITY_DN963_c0_g1	-1.10437477201787	NA	NA
TRINITY_DN9630_c0_g1	2.36142177198164	NA	NA
TRINITY_DN9634_c0_g1	0.439663650186666	NA	NA
TRINITY_DN9635_c0_g1	0.206606312501939	NA	NA
TRINITY_DN9636_c0_g1	0.19061709954893	NA	NA
TRINITY_DN9637_c0_g1	-2.52568750319527	NA	NA
TRINITY_DN9638_c0_g1	1.09451621120091	NA	NA
TRINITY_DN9639_c0_g1	1.06764542839917	NA	NA
TRINITY_DN964_c0_g1	0.91450109249574	NA	NA
TRINITY_DN964_c0_g2	-0.624439567458148	0.999155368198447	NA
TRINITY_DN9642_c0_g1	-1.50576064523823	NA	NA
TRINITY_DN9643_c0_g1	-0.562903857436531	NA	NA
TRINITY_DN9647_c0_g1	-0.565839011398534	NA	NA
TRINITY_DN9648_c0_g1	-1.52237678933332	NA	NA
TRINITY_DN965_c0_g1	-0.0138091731069783	NA	NA
TRINITY_DN9650_c0_g1	2.44725580814198	NA	NA
TRINITY_DN9651_c0_g1	0.213434494601506	NA	NA
TRINITY_DN9652_c0_g1	-0.582464299876724	NA	NA
TRINITY_DN9654_c0_g1	1.12292185525638	NA	NA
TRINITY_DN9656_c0_g1	1.6776750089992	NA	NA
TRINITY_DN966_c0_g1	1.28089981111077	NA	NA
TRINITY_DN966_c0_g1	1.28089981111077	NA	NA
TRINITY_DN966_c1_g1	-0.190329057299681	NA	NA
TRINITY_DN966_c1_g2	0.347448465504751	NA	NA
TRINITY_DN966_c1_g2	0.347448465504751	NA	NA
TRINITY_DN966_c1_g3	1.14419111526368	NA	NA
TRINITY_DN9660_c0_g1	0.194565797869909	NA	NA
TRINITY_DN9663_c0_g1	-1.47448991138191	NA	NA
TRINITY_DN9664_c0_g1	-1.52237678933332	NA	NA
TRINITY_DN9665_c0_g1	-0.564611141477221	NA	NA
TRINITY_DN9669_c0_g1	-2.05938650411275	NA	NA
TRINITY_DN967_c0_g1	-0.586690274170111	NA	NA
TRINITY_DN9670_c0_g1	-0.490605816606848	NA	NA
TRINITY_DN9673_c0_g1	-0.360364418528119	NA	NA
TRINITY_DN9674_c0_g1	0.647205703894602	0.999155368198447	NA
TRINITY_DN9675_c0_g1	-0.199420336593866	NA	NA
TRINITY_DN9676_c0_g1	-2.84255539803032	NA	NA
TRINITY_DN9677_c0_g1	0.195215741982404	NA	NA
TRINITY_DN9678_c0_g1	-0.463671721711092	NA	NA
TRINITY_DN9679_c0_g1	0.984849080671793	NA	NA
TRINITY_DN968_c0_g2	-2.08046614084638	NA	NA
TRINITY_DN9680_c0_g1	-1.63781358473088	NA	NA
TRINITY_DN9681_c0_g1	3.1126549302086	NA	NA
TRINITY_DN9682_c0_g1	1.83480023043509	NA	NA
TRINITY_DN9683_c0_g1	3.15402110696684	NA	NA
TRINITY_DN9684_c0_g1	-1.50576064523823	NA	NA
TRINITY_DN9685_c0_g1	2.41517267025679	NA	NA
TRINITY_DN9686_c0_g1	0.652556476112765	NA	NA
TRINITY_DN9686_c0_g1	0.652556476112765	NA	NA
TRINITY_DN9687_c0_g1	0.849763540544439	0.999155368198447	NA
TRINITY_DN9688_c0_g1	-0.563252292815206	NA	NA
TRINITY_DN9689_c0_g1	-0.850973751748503	0.999155368198447	NA
TRINITY_DN969_c0_g1	0.611603975149625	NA	NA
TRINITY_DN9690_c0_g1	-1.02321558402099	0.999155368198447	NA
TRINITY_DN9690_c0_g1	-1.02321558402099	0.999155368198447	NA
TRINITY_DN9690_c0_g1	-1.02321558402099	0.999155368198447	NA
TRINITY_DN9691_c0_g1	-0.109454712668725	0.999155368198447	NA
TRINITY_DN9692_c0_g1	-2.01269612744938	0.999155368198447	NA
TRINITY_DN9693_c0_g1	-3.28643826260519	NA	NA
TRINITY_DN9694_c0_g1	0.184333368348248	NA	NA
TRINITY_DN9695_c0_g1	2.08698608762955	NA	NA
TRINITY_DN9696_c0_g1	2.68649108847322	NA	NA
TRINITY_DN9697_c0_g1	-0.308815248090842	0.999155368198447	NA
TRINITY_DN9698_c0_g1	1.70120112968195	NA	NA
TRINITY_DN9699_c0_g1	0.21237440764554	NA	NA
TRINITY_DN97_c0_g1	-0.585369646125147	0.999155368198447	NA
TRINITY_DN970_c0_g1	-2.83621634416052	NA	NA
TRINITY_DN9700_c0_g1	-0.313978291191676	0.999155368198447	NA
TRINITY_DN9700_c0_g1	-0.313978291191676	0.999155368198447	NA
TRINITY_DN9700_c0_g1	-0.313978291191676	0.999155368198447	NA
TRINITY_DN9701_c0_g1	-0.482206958236813	NA	NA
TRINITY_DN9702_c0_g1	0.219265329478919	NA	NA
TRINITY_DN9703_c0_g1	-0.455545162328308	NA	NA
TRINITY_DN9704_c0_g1	-0.00467457633591413	NA	NA
TRINITY_DN9705_c0_g1	2.36402608439197	NA	NA
TRINITY_DN9706_c0_g1	-2.09195081161351	NA	NA
TRINITY_DN9707_c0_g1	0.184665878768708	NA	NA
TRINITY_DN9709_c0_g1	1.69215286041408	NA	NA
TRINITY_DN971_c0_g1	0.688435554621807	NA	NA
TRINITY_DN9710_c0_g1	0.398212974648873	NA	NA
TRINITY_DN9711_c0_g1	0.1265135401213	NA	NA
TRINITY_DN9712_c0_g1	1.01344899439338	0.999155368198447	NA
TRINITY_DN9713_c0_g1	2.69268038625842	NA	NA
TRINITY_DN9714_c0_g1	1.86008621251346	NA	NA
TRINITY_DN9715_c0_g1	-0.596946466131201	NA	NA
TRINITY_DN9716_c0_g1	-0.635110577910928	0.999155368198447	NA
TRINITY_DN9717_c0_g1	-1.51408937232975	NA	NA
TRINITY_DN9718_c0_g1	1.12206386294046	NA	NA
TRINITY_DN9719_c0_g1	-2.07467565468372	NA	NA
TRINITY_DN972_c0_g1	-1.71196934627912	0.709564423326336	NA
TRINITY_DN972_c0_g2	-1.91279349136852	0.999155368198447	NA
TRINITY_DN9720_c0_g1	-0.203502863804023	NA	NA
TRINITY_DN9721_c0_g1	0.379035059760493	NA	NA
TRINITY_DN9722_c0_g1	0.590189908225535	0.999155368198447	NA
TRINITY_DN9723_c0_g1	1.07772892009584	NA	NA
TRINITY_DN9724_c0_g1	1.29207126913419	0.999155368198447	NA
TRINITY_DN9725_c0_g1	0.104722834611512	NA	NA
TRINITY_DN9726_c0_g1	0.161529700600811	0.999155368198447	NA
TRINITY_DN9727_c0_g1	-0.613801849863962	NA	NA
TRINITY_DN9729_c0_g1	-2.48276558941984	NA	NA
TRINITY_DN973_c0_g1	-0.570541787402923	NA	NA
TRINITY_DN9730_c0_g1	0.047647393053162	NA	NA
TRINITY_DN9731_c0_g1	2.1352016154527	NA	NA
TRINITY_DN9732_c0_g1	-0.390097192524247	NA	NA
TRINITY_DN9733_c0_g1	0.891263250969033	NA	NA
TRINITY_DN9734_c0_g1	0.946716584106095	NA	NA
TRINITY_DN9735_c0_g1	-2.34009368609547	NA	NA
TRINITY_DN9736_c0_g1	-1.50576064523823	NA	NA
TRINITY_DN9737_c0_g1	0.519315335510919	0.999155368198447	NA
TRINITY_DN9738_c0_g1	2.45296732429649	NA	NA
TRINITY_DN9739_c0_g1	0.733970223591635	0.999155368198447	NA
TRINITY_DN974_c0_g1	-0.726831505237796	0.999155368198447	NA
TRINITY_DN974_c0_g1	-0.726831505237796	0.999155368198447	NA
TRINITY_DN974_c0_g1	-0.726831505237796	0.999155368198447	NA
TRINITY_DN9740_c0_g1	-0.396567282249967	0.999155368198447	NA
TRINITY_DN9740_c0_g1	-0.396567282249967	0.999155368198447	NA
TRINITY_DN9741_c0_g1	-0.26494476706446	0.999155368198447	NA
TRINITY_DN9742_c0_g1	-1.08541037582715	NA	NA
TRINITY_DN9743_c0_g1	-1.20746133505877	NA	NA
TRINITY_DN9744_c0_g1	0.69718250868549	NA	NA
TRINITY_DN9745_c0_g1	-2.09302402147116	NA	NA
TRINITY_DN9746_c0_g1	1.83372259279637	NA	NA
TRINITY_DN9747_c0_g1	2.1470062431159	NA	NA
TRINITY_DN9748_c0_g1	-0.557857667276209	NA	NA
TRINITY_DN9749_c0_g1	-1.51280278728935	NA	NA
TRINITY_DN975_c0_g1	-0.608659746689259	0.999155368198447	NA
TRINITY_DN975_c0_g1	-0.608659746689259	0.999155368198447	NA
TRINITY_DN9750_c0_g1	1.12856451334572	NA	NA
TRINITY_DN9752_c0_g1	2.12480244073614	NA	NA
TRINITY_DN9753_c0_g1	-1.50576064523823	NA	NA
TRINITY_DN9754_c0_g1	-1.10392028601406	NA	NA
TRINITY_DN9755_c0_g1	0.100927282701944	0.999155368198447	NA
TRINITY_DN9757_c0_g1	-1.45462018314995	NA	NA
TRINITY_DN9758_c0_g1	0.566198052241201	0.999155368198447	NA
TRINITY_DN9759_c0_g1	-0.19673389131015	NA	NA
TRINITY_DN976_c0_g1	0.779783650113354	0.999155368198447	NA
TRINITY_DN9760_c0_g1	-0.91861139778016	NA	NA
TRINITY_DN9761_c0_g1	1.68145652588037	NA	NA
TRINITY_DN9762_c0_g1	-0.348283396360944	NA	NA
TRINITY_DN9763_c0_g1	0.400628824034835	0.999155368198447	NA
TRINITY_DN9764_c0_g1	-0.54770709040759	NA	NA
TRINITY_DN9765_c0_g1	-1.55652147384148	NA	NA
TRINITY_DN9766_c0_g1	1.84195816092305	NA	NA
TRINITY_DN9767_c0_g1	-0.522911026044001	0.999155368198447	NA
TRINITY_DN9768_c0_g1	-1.08912977114837	0.999155368198447	NA
TRINITY_DN9769_c0_g1	-0.491094376177669	NA	NA
TRINITY_DN977_c0_g1	-1.19841749879773	0.999155368198447	NA
TRINITY_DN9770_c0_g1	-0.535714299352208	NA	NA
TRINITY_DN9771_c0_g1	2.75905656485706	NA	NA
TRINITY_DN9772_c0_g1	-2.78778131172451	NA	NA
TRINITY_DN9773_c0_g1	1.30946151833014	0.999155368198447	NA
TRINITY_DN9774_c0_g1	-0.343903160634037	NA	NA
TRINITY_DN9775_c0_g1	0.462960534792413	0.999155368198447	NA
TRINITY_DN9776_c0_g1	1.76208259853803	NA	NA
TRINITY_DN9777_c0_g1	-1.50576064523823	NA	NA
TRINITY_DN9778_c0_g1	-0.990598060819043	0.999155368198447	NA
TRINITY_DN9779_c0_g1	0.78321521901556	NA	NA
TRINITY_DN978_c0_g1	-0.165039840467497	NA	NA
TRINITY_DN978_c0_g2	1.69338460609668	NA	NA
TRINITY_DN9780_c0_g1	-0.576162292882042	NA	NA
TRINITY_DN9781_c0_g1	0.0663934755350324	0.999155368198447	NA
TRINITY_DN9782_c0_g1	0.394356302971198	NA	NA
TRINITY_DN9783_c0_g1	-1.52237678933332	NA	NA
TRINITY_DN9784_c0_g1	-1.45746470731771	NA	NA
TRINITY_DN9785_c0_g1	-1.50576064523823	NA	NA
TRINITY_DN9786_c0_g1	0.0836564926029022	0.999155368198447	NA
TRINITY_DN9787_c0_g1	-0.597884954995604	NA	NA
TRINITY_DN9788_c0_g1	0.210308055972362	0.999155368198447	NA
TRINITY_DN9788_c0_g1	0.210308055972362	0.999155368198447	NA
TRINITY_DN9789_c0_g1	0.349535854550174	NA	NA
TRINITY_DN979_c0_g1	0.42910205753426	NA	NA
TRINITY_DN979_c0_g2	-1.19564541257422	0.999155368198447	NA
TRINITY_DN9790_c0_g1	-0.364990115122894	0.999155368198447	NA
TRINITY_DN9791_c0_g1	3.98856544902613	NA	NA
TRINITY_DN9792_c0_g1	1.80950231271155	NA	NA
TRINITY_DN9793_c0_g1	-1.51408937232975	NA	NA
TRINITY_DN9794_c0_g1	0.0140962892589472	0.999155368198447	NA
TRINITY_DN9795_c0_g1	1.76208259853803	NA	NA
TRINITY_DN9796_c0_g1	2.13132157872324	NA	NA
TRINITY_DN9797_c0_g1	-0.0243536716277998	NA	NA
TRINITY_DN9798_c0_g1	1.09503120229743	NA	NA
TRINITY_DN9799_c0_g1	-1.99987284096263	NA	NA
TRINITY_DN98_c0_g1	0.884474682959632	0.999155368198447	NA
TRINITY_DN98_c1_g1	0.428042677355019	NA	NA
TRINITY_DN980_c0_g1	0.749707536746356	0.999155368198447	NA
TRINITY_DN980_c0_g1	0.749707536746356	0.999155368198447	NA
TRINITY_DN980_c0_g1	0.749707536746356	0.999155368198447	NA
TRINITY_DN9800_c0_g1	-1.51790897761894	NA	NA
TRINITY_DN9801_c0_g1	-1.51408937232975	NA	NA
TRINITY_DN9802_c0_g1	-1.48486056392744	NA	NA
TRINITY_DN9803_c0_g1	0.642853534967925	0.999155368198447	NA
TRINITY_DN9804_c0_g1	-2.81852376372324	NA	NA
TRINITY_DN9805_c0_g1	-0.0258019527173209	NA	NA
TRINITY_DN9806_c0_g1	-0.297140871185345	NA	NA
TRINITY_DN9807_c0_g1	1.76208259853803	NA	NA
TRINITY_DN9808_c0_g1	-2.43049088395534	NA	NA
TRINITY_DN9809_c0_g1	-0.0784010187462065	0.999155368198447	NA
TRINITY_DN981_c0_g1	-0.731895435236609	NA	NA
TRINITY_DN981_c0_g2	-0.775680073932507	0.999155368198447	NA
TRINITY_DN981_c0_g2	-0.775680073932507	0.999155368198447	NA
TRINITY_DN9810_c0_g1	2.44725580814198	NA	NA
TRINITY_DN9811_c0_g1	0.0215329338943989	0.999155368198447	NA
TRINITY_DN9812_c0_g1	1.19261380517941	0.914530055533916	NA
TRINITY_DN9813_c0_g1	1.81100359204963	NA	NA
TRINITY_DN9814_c0_g1	1.76208259853803	NA	NA
TRINITY_DN9815_c0_g1	-2.82616956314102	NA	NA
TRINITY_DN9816_c0_g1	-0.5964414154934	NA	NA
TRINITY_DN9817_c0_g1	-1.45746470731771	NA	NA
TRINITY_DN9818_c0_g1	-0.572128200891936	NA	NA
TRINITY_DN9819_c0_g1	1.09694508804338	NA	NA
TRINITY_DN982_c0_g1	-1.79705412173119	NA	NA
TRINITY_DN9820_c0_g1	1.12425032424349	NA	NA
TRINITY_DN9821_c0_g1	-1.52237678933332	NA	NA
TRINITY_DN9822_c0_g1	0.367165120601333	NA	NA
TRINITY_DN9823_c0_g1	0.346318957906506	NA	NA
TRINITY_DN9824_c0_g1	-0.22032404175802	NA	NA
TRINITY_DN9825_c0_g1	-0.490919582963755	NA	NA
TRINITY_DN9827_c0_g1	-2.12047458256431	NA	NA
TRINITY_DN9828_c0_g1	-2.09302402147116	NA	NA
TRINITY_DN9829_c0_g1	-1.52237678933332	NA	NA
TRINITY_DN983_c0_g1	0.628821809163779	0.999155368198447	NA
TRINITY_DN9830_c0_g1	0.802397969936284	NA	NA
TRINITY_DN9831_c0_g1	-1.61863540793504	NA	NA
TRINITY_DN9832_c0_g1	0.361079324474274	NA	NA
TRINITY_DN9833_c0_g1	-1.50576064523823	NA	NA
TRINITY_DN9834_c0_g1	2.1447906883509	NA	NA
TRINITY_DN9835_c0_g1	1.67701146533879	NA	NA
TRINITY_DN9836_c0_g1	0.184852031669136	NA	NA
TRINITY_DN9837_c0_g1	-1.99987284096263	NA	NA
TRINITY_DN9838_c0_g1	1.02289812122112	NA	NA
TRINITY_DN9839_c0_g1	2.36048752785481	NA	NA
TRINITY_DN984_c0_g1	1.01776646683742	0.999155368198447	NA
TRINITY_DN984_c0_g1	1.01776646683742	0.999155368198447	NA
TRINITY_DN9840_c0_g1	1.07836630008242	NA	NA
TRINITY_DN9841_c0_g1	-1.05729228096671	NA	NA
TRINITY_DN9842_c0_g1	2.81721892995716	NA	NA
TRINITY_DN9843_c0_g1	0.304022613066902	0.999155368198447	NA
TRINITY_DN9844_c0_g1	0.377079804177583	NA	NA
TRINITY_DN9845_c0_g1	-3.66153420529493	NA	NA
TRINITY_DN9846_c0_g1	0.394190393181358	NA	NA
TRINITY_DN9847_c0_g1	0.447316333798881	NA	NA
TRINITY_DN9848_c0_g1	-0.298569535880696	0.999155368198447	NA
TRINITY_DN9849_c0_g1	0.132957810008334	NA	NA
TRINITY_DN985_c0_g1	-0.0841605068348274	0.999155368198447	NA
TRINITY_DN985_c0_g1	-0.0841605068348274	0.999155368198447	NA
TRINITY_DN985_c0_g1	-0.0841605068348274	0.999155368198447	NA
TRINITY_DN9850_c0_g1	-0.602595600021153	NA	NA
TRINITY_DN9851_c0_g1	1.80950231271155	NA	NA
TRINITY_DN9852_c0_g1	0.152226448040668	NA	NA
TRINITY_DN9853_c0_g1	0.370098380597272	NA	NA
TRINITY_DN9854_c0_g1	-1.0407469881738	NA	NA
TRINITY_DN9855_c0_g1	-1.84283208455846	NA	NA
TRINITY_DN9857_c0_g1	0.924685987798822	NA	NA
TRINITY_DN9859_c0_g1	0.712638016094904	0.999155368198447	NA
TRINITY_DN986_c0_g1	2.09896763626384	NA	NA
TRINITY_DN986_c0_g1	2.09896763626384	NA	NA
TRINITY_DN986_c0_g2	1.73543325004148	NA	NA
TRINITY_DN9860_c0_g1	0.00209479865810007	NA	NA
TRINITY_DN9862_c0_g1	-0.18122349650323	0.999155368198447	NA
TRINITY_DN9863_c0_g1	-0.131624323222625	0.999155368198447	NA
TRINITY_DN9864_c0_g1	-0.663739425701455	NA	NA
TRINITY_DN9865_c0_g1	-1.99987284096263	NA	NA
TRINITY_DN9866_c0_g1	1.41770697293361	NA	NA
TRINITY_DN9867_c0_g1	-2.02607891889445	NA	NA
TRINITY_DN9869_c0_g1	-0.559081685585379	NA	NA
TRINITY_DN987_c0_g1	-0.471622207530179	0.999155368198447	NA
TRINITY_DN987_c0_g2	-1.04255783399282	NA	NA
TRINITY_DN987_c1_g1	-2.52402718803209	NA	NA
TRINITY_DN9870_c0_g1	1.70492333308728	NA	NA
TRINITY_DN9871_c0_g1	-0.900678402206661	NA	NA
TRINITY_DN9872_c0_g1	0.96102102485586	NA	NA
TRINITY_DN9873_c0_g1	-0.526781611710857	0.999155368198447	NA
TRINITY_DN9874_c0_g1	-3.01628925799514	NA	NA
TRINITY_DN9875_c0_g1	-2.75102834673899	NA	NA
TRINITY_DN9876_c0_g1	-0.88273866484211	NA	NA
TRINITY_DN9877_c0_g1	1.25354643247027	NA	NA
TRINITY_DN9878_c0_g1	1.80950231271155	NA	NA
TRINITY_DN9879_c0_g1	0.206487612503704	NA	NA
TRINITY_DN988_c0_g1	0.633418131562649	NA	NA
TRINITY_DN988_c0_g1	0.633418131562649	NA	NA
TRINITY_DN9880_c0_g1	-1.11679245828737	NA	NA
TRINITY_DN9881_c0_g1	0.991011098054274	NA	NA
TRINITY_DN9883_c0_g1	1.86008621251346	NA	NA
TRINITY_DN9884_c0_g1	0.406389097461598	NA	NA
TRINITY_DN9885_c0_g1	0.423873917460774	NA	NA
TRINITY_DN9886_c0_g1	0.815217853322559	0.999155368198447	NA
TRINITY_DN9887_c0_g1	0.406775906822268	NA	NA
TRINITY_DN9889_c0_g1	-0.61578823421931	NA	NA
TRINITY_DN989_c0_g1	0.054271753895936	NA	NA
TRINITY_DN9890_c0_g1	-1.61493890919413	NA	NA
TRINITY_DN9891_c0_g1	-0.594503278598606	NA	NA
TRINITY_DN9892_c0_g1	1.73091351746826	NA	NA
TRINITY_DN9893_c0_g1	1.24053063213662	0.999155368198447	NA
TRINITY_DN9894_c0_g1	0.992614953707665	NA	NA
TRINITY_DN9895_c0_g1	0.291195923043809	0.999155368198447	NA
TRINITY_DN9895_c0_g1	0.291195923043809	0.999155368198447	NA
TRINITY_DN9896_c0_g1	-3.32519321987021	NA	NA
TRINITY_DN9897_c0_g1	-0.204935488169764	NA	NA
TRINITY_DN9898_c0_g1	-1.99987284096263	NA	NA
TRINITY_DN9899_c0_g1	2.37484541021413	NA	NA
TRINITY_DN99_c0_g1	0.0710792183478568	0.999155368198447	NA
TRINITY_DN99_c0_g2	1.43326575776483	0.999155368198447	NA
TRINITY_DN99_c1_g1	-0.0290615502727554	0.999155368198447	NA
TRINITY_DN99_c1_g1	-0.0290615502727554	0.999155368198447	NA
TRINITY_DN990_c0_g1	-0.327237066311453	NA	NA
TRINITY_DN9900_c0_g1	1.66261180434677	NA	NA
TRINITY_DN9901_c0_g1	-1.03350621979794	NA	NA
TRINITY_DN9902_c0_g1	-0.564863608517547	NA	NA
TRINITY_DN9903_c0_g1	-0.610342561913177	NA	NA
TRINITY_DN9904_c0_g1	-1.41465391590376	0.999155368198447	NA
TRINITY_DN9905_c0_g1	-0.155578971301462	NA	NA
TRINITY_DN9906_c0_g1	0.799747079334897	NA	NA
TRINITY_DN9907_c0_g1	-1.85708232335106	NA	NA
TRINITY_DN9908_c0_g1	-1.04779731573516	0.999155368198447	NA
TRINITY_DN9909_c0_g1	-1.51408937232975	NA	NA
TRINITY_DN991_c0_g1	1.90015139312954	0.999155368198447	NA
TRINITY_DN9910_c0_g1	-0.14483463386479	NA	NA
TRINITY_DN9911_c0_g1	2.80363147033268	NA	NA
TRINITY_DN9912_c0_g1	-1.35018970785056	NA	NA
TRINITY_DN9913_c0_g1	-3.06382861286943	NA	NA
TRINITY_DN9914_c0_g1	1.09815912058824	NA	NA
TRINITY_DN9915_c0_g1	-1.50576064523823	NA	NA
TRINITY_DN9917_c0_g1	-0.472520448948136	NA	NA
TRINITY_DN9918_c0_g1	1.80950231271155	NA	NA
TRINITY_DN9919_c0_g1	1.14336514224276	NA	NA
TRINITY_DN992_c0_g1	1.70224392762882	NA	NA
TRINITY_DN992_c0_g2	0.91450109249574	NA	NA
TRINITY_DN992_c0_g3	1.83200590228285	NA	NA
TRINITY_DN992_c0_g4	0.614063151050493	0.999155368198447	NA
TRINITY_DN992_c0_g4	0.614063151050493	0.999155368198447	NA
TRINITY_DN992_c0_g4	0.614063151050493	0.999155368198447	NA
TRINITY_DN992_c0_g5	-2.50829056031268	NA	NA
TRINITY_DN992_c1_g1	1.07163316073574	0.999155368198447	NA
TRINITY_DN992_c2_g1	-0.250186102906128	0.999155368198447	NA
TRINITY_DN992_c2_g2	-0.418169854930376	NA	NA
TRINITY_DN992_c3_g1	-0.45007713781415	0.999155368198447	NA
TRINITY_DN992_c3_g1	-0.45007713781415	0.999155368198447	NA
TRINITY_DN9920_c0_g1	1.86008621251346	NA	NA
TRINITY_DN9921_c0_g1	0.0146146686135529	0.999155368198447	NA
TRINITY_DN9922_c0_g1	-1.80731089094646	NA	NA
TRINITY_DN9923_c0_g1	0.305234476707085	NA	NA
TRINITY_DN9923_c0_g1	0.305234476707085	NA	NA
TRINITY_DN9924_c0_g1	2.44725580814198	NA	NA
TRINITY_DN9925_c0_g1	0.392254440680298	NA	NA
TRINITY_DN9927_c0_g1	-0.320062752332571	NA	NA
TRINITY_DN9928_c0_g1	-0.520033204527563	NA	NA
TRINITY_DN993_c0_g1	-0.587188720610152	NA	NA
TRINITY_DN9930_c0_g1	-1.81638419973527	NA	NA
TRINITY_DN9931_c0_g1	-1.55978788822835	NA	NA
TRINITY_DN9932_c0_g1	2.44725580814198	NA	NA
TRINITY_DN9933_c0_g1	-1.51325070815904	NA	NA
TRINITY_DN9934_c0_g1	-0.182081254441536	0.999155368198447	NA
TRINITY_DN9935_c0_g1	0.480193754110347	NA	NA
TRINITY_DN9936_c0_g1	-0.195862295980407	NA	NA
TRINITY_DN9937_c0_g1	-0.822622007399699	NA	NA
TRINITY_DN9938_c0_g1	-0.314727065216738	NA	NA
TRINITY_DN9939_c0_g1	-0.220384119003015	NA	NA
TRINITY_DN994_c0_g1	1.09915349097421	NA	NA
TRINITY_DN9941_c0_g1	-1.55231007603121	NA	NA
TRINITY_DN9943_c0_g1	-0.378839460081165	NA	NA
TRINITY_DN9944_c0_g1	0.397722874756237	NA	NA
TRINITY_DN9945_c0_g1	-0.499052791369163	NA	NA
TRINITY_DN9946_c0_g1	-1.45746470731771	NA	NA
TRINITY_DN9947_c0_g1	2.8356160110567	NA	NA
TRINITY_DN9948_c0_g1	-0.829509943163264	NA	NA
TRINITY_DN9949_c0_g1	0.65259700984721	0.999155368198447	NA
TRINITY_DN995_c0_g1	2.00989726543536	0.999155368198447	NA
TRINITY_DN995_c0_g2	0.356989614881825	NA	NA
TRINITY_DN9950_c0_g1	0.398161757298455	NA	NA
TRINITY_DN9951_c0_g1	2.34479942720385	NA	NA
TRINITY_DN9952_c0_g1	-0.640234879795665	NA	NA
TRINITY_DN9953_c0_g1	-2.83561996655753	NA	NA
TRINITY_DN9954_c0_g1	-2.09734864905388	NA	NA
TRINITY_DN9955_c0_g1	1.11646739745722	NA	NA
TRINITY_DN9956_c0_g1	-0.244402140200712	0.999155368198447	NA
TRINITY_DN9957_c0_g1	0.334901651955311	NA	NA
TRINITY_DN9958_c0_g1	1.08077450118492	0.999155368198447	NA
TRINITY_DN9959_c0_g1	0.00429128140514529	0.999155368198447	NA
TRINITY_DN996_c0_g1	0.362415942162285	NA	NA
TRINITY_DN9960_c0_g1	0.930638204572313	NA	NA
TRINITY_DN9961_c0_g1	-0.32944655173141	NA	NA
TRINITY_DN9962_c0_g1	2.39439602029138	NA	NA
TRINITY_DN9963_c0_g1	0.276300336456754	0.999155368198447	NA
TRINITY_DN9964_c0_g1	-0.147732507231163	NA	NA
TRINITY_DN9965_c0_g1	-0.232914057161689	0.999155368198447	NA
TRINITY_DN9966_c0_g1	-1.51408937232975	NA	NA
TRINITY_DN9967_c0_g1	-0.200916428986024	NA	NA
TRINITY_DN9968_c0_g1	-0.575746909707539	0.999155368198447	NA
TRINITY_DN9969_c0_g1	-1.50576064523823	NA	NA
TRINITY_DN997_c0_g1	0.858060193861266	NA	NA
TRINITY_DN9970_c0_g1	0.384231064707078	NA	NA
TRINITY_DN9971_c0_g1	1.1112088485858	NA	NA
TRINITY_DN9972_c0_g1	0.397589594388776	NA	NA
TRINITY_DN9973_c0_g1	2.79936215132987	NA	NA
TRINITY_DN9974_c0_g1	-0.929376416431129	0.999155368198447	NA
TRINITY_DN9975_c0_g1	-2.71042118229812	NA	NA
TRINITY_DN9976_c0_g1	-0.930349735120657	NA	NA
TRINITY_DN9977_c0_g1	-1.51807154720192	NA	NA
TRINITY_DN9978_c0_g1	-2.09022616385577	NA	NA
TRINITY_DN9979_c0_g1	1.70802210792737	NA	NA
TRINITY_DN998_c0_g1	1.37219166511469	NA	NA
TRINITY_DN998_c0_g2	-3.95702047229708	NA	NA
TRINITY_DN9980_c0_g1	-0.285648414847179	0.999155368198447	NA
TRINITY_DN9980_c0_g1	-0.285648414847179	0.999155368198447	NA
TRINITY_DN9981_c0_g1	1.80950231271155	NA	NA
TRINITY_DN9983_c0_g1	0.748360148881578	NA	NA
TRINITY_DN9984_c0_g1	0.144412609224683	0.999155368198447	NA
TRINITY_DN9985_c0_g1	0.047059062604345	0.999155368198447	NA
TRINITY_DN9986_c0_g1	-2.29027409444	NA	NA
TRINITY_DN9988_c0_g1	1.80950231271155	NA	NA
TRINITY_DN9989_c0_g1	-1.99987284096263	NA	NA
TRINITY_DN999_c0_g1	-0.97647580583342	NA	NA
TRINITY_DN9990_c0_g1	0.77527452920206	0.999155368198447	NA
TRINITY_DN9991_c0_g1	-0.992897940154617	NA	NA
TRINITY_DN9992_c0_g1	-0.161133298406073	NA	NA
TRINITY_DN9993_c0_g1	-0.0514767153888733	NA	NA
TRINITY_DN9994_c0_g1	-2.09302402147116	NA	NA
TRINITY_DN9995_c0_g1	0.43488372898217	NA	NA
TRINITY_DN9996_c0_g1	-1.15079882770287	NA	NA
TRINITY_DN9997_c0_g1	-0.250970155873865	NA	NA
TRINITY_DN9998_c0_g1	0.373177515120301	NA	NA
TRINITY_DN9999_c0_g1	2.21533845339673	NA	NA
